,Unnamed: 0,Open,High,Low,Close,Adj Close,Volume,tenkan_sen,kijun_sen,senkou_span_a,senkou_span_b,chikou_span,above_cloud,A_above_B,tenkan_kiju_cross,price_tenkan_cross,buy,Long_Position,Long_Buy,Long_Sell,sell,Short_Position,Short_Sell,Short_buy
0,2020-08-05 09:00:00+02:00,188.8999938964844,188.8999938964844,187.1999969482422,188.6000061035156,188.6000061035156,17382,,,,,185.0,0,-1,,,,, , ,,, , 
1,2020-08-05 10:00:00+02:00,187.6999969482422,188.8999938964844,187.6999969482422,188.5,188.5,50308,,,,,185.6999969482422,0,-1,,,,, , ,,, , 
2,2020-08-05 11:00:00+02:00,188.5,188.6999969482422,188.3000030517578,188.6999969482422,188.6999969482422,31172,,,,,185.3999938964844,0,-1,,,,, , ,,, , 
3,2020-08-05 12:00:00+02:00,188.3999938964844,188.8000030517578,188.3000030517578,188.3999938964844,188.3999938964844,25659,,,,,185.5,0,-1,,,,, , ,,, , 
4,2020-08-05 13:00:00+02:00,188.6999969482422,188.6999969482422,187.6000061035156,187.6000061035156,187.6000061035156,22228,,,,,185.1000061035156,0,-1,,,,, , ,,, , 
5,2020-08-05 14:00:00+02:00,187.8999938964844,187.8999938964844,187.1999969482422,187.1999969482422,187.1999969482422,22757,,,,,184.8999938964844,0,-1,,,,, , ,,, , 
6,2020-08-05 15:00:00+02:00,187.3999938964844,188.0,187.0,188.0,188.0,56692,,,,,187.1000061035156,0,-1,,,,, , ,,, , 
7,2020-08-05 16:00:00+02:00,188.0,188.1000061035156,187.8000030517578,187.8000030517578,187.8000030517578,8213,,,,,187.8000030517578,0,-1,,,,, , ,,, , 
8,2020-08-06 09:00:00+02:00,187.5,188.1000061035156,186.5,187.8000030517578,187.8000030517578,19450,187.6999969482422,,,,187.1999969482422,0,-1,,,,, , ,,, , 
9,2020-08-06 10:00:00+02:00,187.1999969482422,188.1000061035156,186.5,186.5,186.5,42685,187.6999969482422,,,,187.3000030517578,0,-1,,,,, , ,,, , 
10,2020-08-06 11:00:00+02:00,187.0,187.0,186.1000061035156,186.1000061035156,186.1000061035156,44025,187.45000457763672,,,,187.5,0,-1,,,,, , ,,, , 
11,2020-08-06 12:00:00+02:00,186.3000030517578,186.3000030517578,185.6999969482422,185.8000030517578,185.8000030517578,64461,187.25,,,,188.1000061035156,0,-1,,,,, , ,,, , 
12,2020-08-06 13:00:00+02:00,186.3000030517578,186.3000030517578,185.6000061035156,186.1000061035156,186.1000061035156,23435,187.1500015258789,,,,186.6999969482422,0,-1,,,,, , ,,, , 
13,2020-08-06 14:00:00+02:00,186.1000061035156,186.6000061035156,185.6000061035156,186.6000061035156,186.6000061035156,27364,186.8500061035156,,,,186.8000030517578,0,-1,,,,, , ,,, , 
14,2020-08-06 15:00:00+02:00,185.8999938964844,186.6999969482422,185.8999938964844,186.1000061035156,186.1000061035156,39682,186.8500061035156,,,,187.5,0,-1,,,,, , ,,, , 
15,2020-08-06 16:00:00+02:00,186.1000061035156,186.5,186.1000061035156,186.5,186.5,7937,186.8500061035156,,,,188.1999969482422,0,-1,,,,, , ,,, , 
16,2020-08-07 09:00:00+02:00,185.6000061035156,186.8999938964844,185.0,186.6999969482422,186.6999969482422,12803,186.5500030517578,,,,188.0,0,-1,,,,, , ,,, , 
17,2020-08-07 10:00:00+02:00,186.6000061035156,186.6999969482422,186.1000061035156,186.1000061035156,186.1000061035156,26580,186.5500030517578,,,,188.3000030517578,0,-1,,1.0,,, , ,,, , 
18,2020-08-07 11:00:00+02:00,186.5,186.5,185.6000061035156,185.8999938964844,185.8999938964844,32670,186.0,,,,188.3999938964844,0,-1,,,,, , ,,, , 
19,2020-08-07 12:00:00+02:00,185.8000030517578,186.0,185.6000061035156,185.8000030517578,185.8000030517578,13136,185.9499969482422,,,,188.5,0,-1,,-1.0,,, , ,,, , 
20,2020-08-07 13:00:00+02:00,185.6000061035156,186.0,185.5,185.6000061035156,185.6000061035156,28260,185.9499969482422,,,,189.0,0,-1,,,,, , ,,, , 
21,2020-08-07 14:00:00+02:00,185.6999969482422,186.0,185.1999969482422,185.1999969482422,185.1999969482422,37198,185.9499969482422,,,,189.6000061035156,0,-1,,,,, , ,,, , 
22,2020-08-07 15:00:00+02:00,185.6000061035156,186.0,184.8999938964844,185.5,185.5,42797,185.8999938964844,,,,189.1999969482422,0,-1,,,,, , ,,, , 
23,2020-08-07 16:00:00+02:00,185.5,185.8000030517578,185.3999938964844,185.8000030517578,185.8000030517578,14559,185.8999938964844,,,,189.5,0,-1,,,,, , ,,, , 
24,2020-08-10 09:00:00+02:00,186.3999938964844,187.3000030517578,185.3999938964844,186.8000030517578,186.8000030517578,22411,186.0999984741211,,,,190.1000061035156,0,-1,,1.0,,, , ,,, , 
25,2020-08-10 10:00:00+02:00,187.1000061035156,187.3000030517578,184.3000030517578,184.3000030517578,184.3000030517578,59443,185.8000030517578,186.5999984741211,,,189.6000061035156,0,-1,,,,, , ,,, , 
26,2020-08-10 11:00:00+02:00,185.1000061035156,185.1999969482422,184.3000030517578,185.0,185.0,45452,185.8000030517578,186.5999984741211,,,190.1999969482422,0,-1,,-1.0,,, , ,,, , 
27,2020-08-10 12:00:00+02:00,184.6000061035156,185.8000030517578,184.5,185.6999969482422,185.6999969482422,24729,185.8000030517578,186.5500030517578,,,190.6999969482422,0,-1,,,,, , ,,, , 
28,2020-08-10 13:00:00+02:00,185.5,185.8000030517578,185.3000030517578,185.3999938964844,185.3999938964844,22109,185.8000030517578,186.5500030517578,,,190.8000030517578,0,-1,,,,, , ,,, , 
29,2020-08-10 14:00:00+02:00,185.3999938964844,185.6000061035156,184.8999938964844,185.5,185.5,39232,185.8000030517578,186.5,,,190.6999969482422,0,-1,,,,, , ,,, , 
30,2020-08-10 15:00:00+02:00,184.8999938964844,185.6000061035156,184.8999938964844,185.1000061035156,185.1000061035156,37870,185.8000030517578,186.20000457763672,,,189.5,0,-1,,,,, , ,,, , 
31,2020-08-10 16:00:00+02:00,185.1000061035156,185.3000030517578,184.8000030517578,184.8999938964844,184.8999938964844,8910,185.8000030517578,186.20000457763672,,,189.0,0,-1,,,,, , ,,, , 
32,2020-08-11 09:00:00+02:00,185.5,187.1000061035156,185.3999938964844,187.1000061035156,187.1000061035156,28123,185.8000030517578,186.20000457763672,,,189.5,0,-1,,,,, , ,,, , 
33,2020-08-11 10:00:00+02:00,186.1000061035156,188.5,186.0,187.8000030517578,187.8000030517578,71184,186.4000015258789,186.4000015258789,,,189.3999938964844,0,-1,,,,, , ,,, , 
34,2020-08-11 11:00:00+02:00,187.3999938964844,188.5,186.8000030517578,187.1999969482422,187.1999969482422,61074,186.4000015258789,186.4000015258789,,,189.1000061035156,0,-1,,1.0,,, , ,,, , 
35,2020-08-11 12:00:00+02:00,186.8000030517578,187.3999938964844,186.8000030517578,187.3000030517578,187.3000030517578,27894,186.5,186.4000015258789,,,188.6000061035156,0,-1,1.0,,,, , ,,, , 
36,2020-08-11 13:00:00+02:00,187.3000030517578,187.6999969482422,187.1999969482422,187.5,187.5,27830,186.6500015258789,186.4000015258789,,,187.8999938964844,0,-1,,,,, , ,0.0,, ,Buy
37,2020-08-11 14:00:00+02:00,187.3999938964844,188.1999969482422,187.3999938964844,188.1000061035156,188.1000061035156,45324,186.6500015258789,186.4000015258789,,,187.6000061035156,0,-1,,,,, , ,0.0,0.0, , 
38,2020-08-11 15:00:00+02:00,188.0,188.1999969482422,186.6000061035156,186.6999969482422,186.6999969482422,53941,186.6500015258789,186.4000015258789,,,189.0,0,-1,,,,, , ,0.0,0.0, , 
39,2020-08-11 16:00:00+02:00,186.6999969482422,186.8999938964844,186.6999969482422,186.8000030517578,186.8000030517578,11198,186.6500015258789,186.4000015258789,,,189.5,0,-1,,,,, , ,0.0,0.0, , 
40,2020-08-12 09:00:00+02:00,186.8999938964844,187.6000061035156,186.0,187.5,187.5,20759,186.9499969482422,186.4000015258789,,,188.6000061035156,0,-1,,-1.0,,, , ,0.0,0.0, , 
41,2020-08-12 10:00:00+02:00,187.1999969482422,188.1999969482422,187.0,188.1999969482422,188.1999969482422,37068,187.25,186.4000015258789,,,188.8999938964844,0,-1,,,,, , ,0.0,0.0, , 
42,2020-08-12 11:00:00+02:00,187.6999969482422,188.6000061035156,187.6000061035156,188.0,188.0,27611,187.3000030517578,186.45000457763672,,,188.6999969482422,0,-1,,1.0,,, , ,0.0,0.0, , 
43,2020-08-12 12:00:00+02:00,188.3999938964844,188.6000061035156,187.3999938964844,188.3000030517578,188.3000030517578,29850,187.3000030517578,186.45000457763672,,,188.8000030517578,0,-1,,,,, , ,0.0,0.0, , 
44,2020-08-12 13:00:00+02:00,187.5,188.6999969482422,187.3999938964844,188.3999938964844,188.3999938964844,21433,187.3499984741211,186.5,,,189.1999969482422,0,-1,,,,, , ,0.0,0.0, , 
45,2020-08-12 14:00:00+02:00,188.3999938964844,188.6000061035156,188.1000061035156,188.5,188.5,22576,187.3499984741211,186.5,,,189.1999969482422,0,-1,,,,, , ,0.0,0.0, , 
46,2020-08-12 15:00:00+02:00,188.1000061035156,189.1000061035156,188.1000061035156,189.0,189.0,27073,187.5500030517578,186.70000457763672,,,188.1000061035156,0,-1,,,,, , ,0.0,0.0, , 
47,2020-08-12 16:00:00+02:00,189.0,189.6000061035156,188.8999938964844,189.6000061035156,189.6000061035156,28742,187.8000030517578,186.95000457763672,,,188.1999969482422,0,-1,,,,, , ,0.0,0.0, , 
48,2020-08-13 09:00:00+02:00,189.6000061035156,189.6999969482422,188.6999969482422,189.1999969482422,189.1999969482422,10248,187.8499984741211,187.0,,,188.5,0,-1,,,,, , ,0.0,0.0, , 
49,2020-08-13 10:00:00+02:00,189.3999938964844,189.8999938964844,188.6999969482422,189.5,189.5,42479,188.4499969482422,187.0999984741211,,,188.6999969482422,0,-1,,,,, , ,0.0,0.0, , 
50,2020-08-13 11:00:00+02:00,189.6000061035156,190.1000061035156,189.3999938964844,190.1000061035156,190.1000061035156,36020,188.75,187.20000457763672,,,188.1999969482422,0,-1,,,,, , ,0.0,0.0, , 
51,2020-08-13 12:00:00+02:00,189.8999938964844,190.1000061035156,189.6000061035156,189.6000061035156,189.6000061035156,20351,188.75,187.20000457763672,186.20000076293945,,187.8999938964844,0,-1,,,,, , ,0.0,0.0, , 
52,2020-08-13 13:00:00+02:00,189.8999938964844,190.3999938964844,189.6000061035156,190.1999969482422,190.1999969482422,35918,188.8999938964844,187.4499969482422,186.20000076293945,,187.8000030517578,0,-1,,,,, , ,0.0,0.0, , 
53,2020-08-13 14:00:00+02:00,190.3000030517578,190.8999938964844,190.1000061035156,190.6999969482422,190.6999969482422,40180,189.5,187.8499984741211,186.1750030517578,,187.6999969482422,0,-1,,,,, , ,0.0,0.0, , 
54,2020-08-13 15:00:00+02:00,190.3999938964844,190.8999938964844,190.0,190.8000030517578,190.8000030517578,71459,189.5,187.8499984741211,186.1750030517578,,187.6999969482422,0,-1,,,,, , ,0.0,0.0, , 
55,2020-08-13 16:00:00+02:00,190.6999969482422,191.0,190.3999938964844,190.6999969482422,190.6999969482422,22170,189.8499984741211,187.9000015258789,186.1500015258789,,187.3999938964844,0,-1,,,,, , ,0.0,0.0, , 
56,2020-08-14 09:00:00+02:00,190.3999938964844,190.5,189.3000030517578,189.5,189.5,14275,189.8499984741211,187.9000015258789,186.00000381469727,,187.1999969482422,0,-1,,,,, , ,0.0,0.0, , 
57,2020-08-14 10:00:00+02:00,190.1000061035156,190.1000061035156,188.8000030517578,189.0,189.0,100052,189.8499984741211,188.1999969482422,186.00000381469727,,187.6999969482422,0,-1,,,,, , ,0.0,0.0, , 
58,2020-08-14 11:00:00+02:00,189.3999938964844,189.6000061035156,188.6999969482422,189.5,189.5,52777,189.8499984741211,188.5,186.00000381469727,,187.6999969482422,0,-1,,-1.0,,, , ,0.0,0.0, , 
59,2020-08-14 12:00:00+02:00,189.6000061035156,189.8000030517578,189.3000030517578,189.3999938964844,189.3999938964844,24745,189.8499984741211,188.5,186.4000015258789,,187.8000030517578,0,-1,,,,, , ,0.0,0.0, , 
60,2020-08-14 13:00:00+02:00,189.6000061035156,189.6000061035156,188.8000030517578,189.1000061035156,189.1000061035156,17573,189.8499984741211,188.5,186.4000015258789,,187.6999969482422,0,-1,,,,, , ,0.0,0.0, , 
61,2020-08-14 14:00:00+02:00,188.8999938964844,189.3000030517578,188.6000061035156,188.6000061035156,188.6000061035156,20119,189.8000030517578,188.5,186.45000076293945,,187.8999938964844,0,-1,,,,, , ,0.0,0.0, , 
62,2020-08-14 15:00:00+02:00,189.1000061035156,189.1000061035156,187.6999969482422,187.8999938964844,187.8999938964844,32355,189.3499984741211,188.5,186.5250015258789,,187.1999969482422,0,-1,,,,, , ,0.0,0.0, , 
63,2020-08-14 16:00:00+02:00,187.8999938964844,188.1999969482422,187.6000061035156,187.6000061035156,187.6000061035156,17136,189.3000030517578,188.5,186.5250015258789,,186.8999938964844,0,-1,,,,, , ,0.0,0.0, , 
64,2020-08-17 09:00:00+02:00,188.6000061035156,189.6999969482422,188.0,189.0,189.0,5479,189.0500030517578,188.5,186.5250015258789,,186.8000030517578,0,-1,,,,, , ,0.0,0.0, , 
65,2020-08-17 10:00:00+02:00,188.8000030517578,189.6999969482422,188.5,189.5,189.5,27000,188.8500061035156,188.5,186.5250015258789,,187.1999969482422,0,-1,,,,, , ,0.0,0.0, , 
66,2020-08-17 11:00:00+02:00,189.5,189.6999969482422,188.6000061035156,188.6000061035156,188.6000061035156,24917,188.70000457763672,189.0,186.67499923706055,,187.0,0,-1,-1.0,1.0,,, , ,0.0,0.0, , 
67,2020-08-17 12:00:00+02:00,189.0,189.0,188.5,188.8999938964844,188.8999938964844,17300,188.70000457763672,189.1999969482422,186.82500076293945,,186.5,0,-1,,,0.0,, ,Sell,0.0,0.0, , 
68,2020-08-17 13:00:00+02:00,188.8999938964844,189.0,188.6999969482422,188.6999969482422,188.6999969482422,8037,188.6500015258789,189.1999969482422,186.87500381469727,,185.5,0,-1,,,0.0,0.0, , ,0.0,0.0, , 
69,2020-08-17 14:00:00+02:00,188.8999938964844,188.8999938964844,188.5,188.8000030517578,188.8000030517578,14223,188.6500015258789,189.1999969482422,186.87500381469727,,185.5,0,-1,,,0.0,0.0, , ,0.0,0.0, , 
70,2020-08-17 15:00:00+02:00,188.5,189.1999969482422,188.5,189.1999969482422,189.1999969482422,28323,188.6500015258789,189.3000030517578,186.92499923706055,,189.0,0,-1,,-1.0,0.0,0.0, , ,0.0,0.0, , 
71,2020-08-17 16:00:00+02:00,189.1999969482422,189.1999969482422,188.8999938964844,189.1999969482422,189.1999969482422,8215,188.6500015258789,189.3000030517578,186.92499923706055,,190.3000030517578,0,-1,,1.0,0.0,0.0, , ,0.0,0.0, , 
72,2020-08-18 09:00:00+02:00,189.1000061035156,189.1000061035156,186.8000030517578,188.1000061035156,188.1000061035156,18237,188.25,188.9000015258789,187.12500381469727,,190.6000061035156,0,-1,,,0.0,0.0, , ,0.0,0.0, , 
73,2020-08-18 10:00:00+02:00,187.6000061035156,189.0,187.6000061035156,188.1999969482422,188.1999969482422,39026,188.25,188.9000015258789,187.37500381469727,,190.5,0,-1,,-1.0,0.0,0.0, , ,0.0,0.0, , 
74,2020-08-18 11:00:00+02:00,188.6000061035156,189.0,188.1000061035156,188.5,188.5,31687,188.25,188.9000015258789,187.42499923706055,,189.3999938964844,0,-1,,1.0,0.0,0.0, , ,0.0,0.0, , 
75,2020-08-18 12:00:00+02:00,188.6999969482422,188.8000030517578,188.3000030517578,188.6999969482422,188.6999969482422,10436,188.0,188.9000015258789,187.77499771118164,,189.6000061035156,0,-1,,,0.0,0.0, , ,0.0,0.0, , 
76,2020-08-18 13:00:00+02:00,188.5,188.6999969482422,188.1000061035156,188.1999969482422,188.1999969482422,14913,188.0,188.9000015258789,187.97500228881836,,191.0,0,-1,,,0.0,0.0, , ,0.0,0.0, , 
77,2020-08-18 14:00:00+02:00,188.3999938964844,188.3999938964844,187.6000061035156,187.8999938964844,187.8999938964844,25618,188.0,188.9000015258789,187.97500228881836,,190.8999938964844,0,-1,,,0.0,0.0, , ,0.0,0.0, , 
78,2020-08-18 15:00:00+02:00,188.0,188.1000061035156,187.5,187.8000030517578,187.8000030517578,51529,188.0,188.9000015258789,188.17499542236328,,191.1999969482422,0,-1,,,0.0,0.0, , ,0.0,0.0, , 
79,2020-08-18 16:00:00+02:00,187.8000030517578,187.8999938964844,187.5,187.6999969482422,187.6999969482422,5190,188.0,188.9000015258789,188.67499923706055,,192.0,0,-1,,-1.0,0.0,0.0, , ,0.0,0.0, , 
80,2020-08-19 09:00:00+02:00,187.0,187.8999938964844,186.5,187.6999969482422,187.6999969482422,16151,187.8000030517578,188.75,188.67499923706055,,192.0,0,-1,,,0.0,0.0, , ,0.0,0.0, , 
81,2020-08-19 10:00:00+02:00,187.6000061035156,187.8999938964844,187.1000061035156,187.3999938964844,187.3999938964844,38730,187.75,188.5,188.875,,191.8999938964844,0,-1,,,0.0,0.0, , ,0.0,0.0, , 
82,2020-08-19 11:00:00+02:00,187.5,187.5,187.0,187.1999969482422,187.1999969482422,40697,187.75,188.3000030517578,188.875,,192.1000061035156,0,-1,,,0.0,0.0, , ,0.0,0.0, , 
83,2020-08-19 12:00:00+02:00,187.3999938964844,187.8000030517578,187.1000061035156,187.6999969482422,187.6999969482422,30986,187.6500015258789,188.1500015258789,189.02499771118164,,192.1000061035156,0,-1,,,0.0,0.0, , ,0.0,0.0, , 
84,2020-08-19 13:00:00+02:00,187.6000061035156,187.8999938964844,187.5,187.6999969482422,187.6999969482422,14287,187.5999984741211,188.1500015258789,189.17499923706055,,191.6000061035156,0,-1,,1.0,0.0,0.0, , ,0.0,0.0, , 
85,2020-08-19 14:00:00+02:00,187.6999969482422,187.8000030517578,186.8000030517578,187.8000030517578,187.8000030517578,47879,187.4499969482422,188.0999984741211,189.17499923706055,,191.0,0,-1,,,0.0,0.0, , ,0.0,0.0, , 
86,2020-08-19 15:00:00+02:00,187.1999969482422,187.8000030517578,187.1999969482422,187.6999969482422,187.6999969482422,26996,187.3000030517578,188.0999984741211,189.17499923706055,,192.0,0,-1,,-1.0,0.0,0.0, , ,0.0,0.0, , 
87,2020-08-19 16:00:00+02:00,187.6999969482422,187.8999938964844,187.6000061035156,187.8999938964844,187.8999938964844,4517,187.1999969482422,188.0999984741211,189.1500015258789,,192.3000030517578,0,-1,,1.0,0.0,0.0, , ,0.0,0.0, , 
88,2020-08-20 09:00:00+02:00,187.3999938964844,187.3999938964844,186.3999938964844,187.1999969482422,187.1999969482422,9454,187.1499938964844,188.04999542236328,188.92499923706055,,193.3000030517578,0,-1,,,0.0,0.0, , ,0.0,0.0, , 
89,2020-08-20 10:00:00+02:00,186.8000030517578,187.5,186.8000030517578,186.8999938964844,186.8999938964844,38358,187.1499938964844,188.04999542236328,188.9000015258789,,193.5,0,-1,,-1.0,0.0,0.0, , ,0.0,0.0, , 
90,2020-08-20 11:00:00+02:00,187.0,187.1999969482422,186.6999969482422,186.8000030517578,186.8000030517578,26761,187.1499938964844,188.04999542236328,188.7750015258789,,193.3000030517578,0,-1,,,0.0,0.0, , ,0.0,0.0, , 
91,2020-08-20 12:00:00+02:00,186.8000030517578,187.1999969482422,186.6999969482422,187.1999969482422,187.1999969482422,23694,187.1499938964844,188.04999542236328,188.6750030517578,,193.5,0,-1,,,0.0,0.0, , ,0.0,0.0, , 
92,2020-08-20 13:00:00+02:00,187.1000061035156,187.1999969482422,186.8999938964844,187.0,187.0,18405,187.1499938964844,187.79999542236328,188.85000228881836,,192.1999969482422,0,-1,,,0.0,0.0, , ,0.0,0.0, , 
93,2020-08-20 14:00:00+02:00,186.8999938964844,187.1999969482422,186.5,186.5,186.5,23000,187.1499938964844,187.79999542236328,188.95000076293945,,191.6000061035156,0,-1,,,0.0,0.0, , ,0.0,0.0, , 
94,2020-08-20 15:00:00+02:00,186.8000030517578,186.8000030517578,185.3999938964844,185.5,185.5,45415,186.6499938964844,187.29999542236328,188.92499923706055,,191.1000061035156,0,-1,,1.0,0.0,0.0, , ,0.0,0.0, , 
95,2020-08-20 16:00:00+02:00,185.6000061035156,185.6999969482422,185.3999938964844,185.5,185.5,10896,186.6499938964844,187.29999542236328,188.92499923706055,,191.1999969482422,0,-1,,-1.0,0.0,0.0, , ,0.0,0.0, , 
96,2020-08-21 09:00:00+02:00,186.0,189.3000030517578,186.0,189.0,189.0,39330,187.3499984741211,187.3499984741211,188.97500228881836,,192.5,0,-1,,,0.0,0.0, , ,0.0,0.0, , 
97,2020-08-21 10:00:00+02:00,189.0,190.6000061035156,188.8000030517578,190.3000030517578,190.3000030517578,47134,188.0,188.0,188.97500228881836,,191.8999938964844,0,-1,,1.0,0.0,0.0, , ,0.0,0.0, , 
98,2020-08-21 11:00:00+02:00,189.8999938964844,190.8000030517578,189.8000030517578,190.6000061035156,190.6000061035156,42568,188.0999984741211,188.0999984741211,188.57500076293945,,192.0,0,-1,,,0.0,0.0, , ,0.0,0.0, , 
99,2020-08-21 12:00:00+02:00,190.5,190.8000030517578,190.1999969482422,190.5,190.5,48605,188.0999984741211,188.0999984741211,188.57500076293945,,192.8000030517578,0,-1,,,0.0,0.0, , ,0.0,0.0, , 
100,2020-08-21 13:00:00+02:00,190.3000030517578,190.8000030517578,189.3999938964844,189.3999938964844,189.3999938964844,67712,188.0999984741211,188.0999984741211,188.57500076293945,,192.8000030517578,0,-1,,,0.0,0.0, , ,0.0,0.0, , 
101,2020-08-21 14:00:00+02:00,189.6999969482422,189.8000030517578,189.0,189.6000061035156,189.6000061035156,39092,188.0999984741211,188.0999984741211,188.45000076293945,,193.0,0,-1,,,0.0,0.0, , ,0.0,0.0, , 
102,2020-08-21 15:00:00+02:00,189.8000030517578,191.0,189.0,191.0,191.0,27568,188.1999969482422,188.1999969482422,188.45000076293945,,192.1000061035156,0,-1,,,0.0,0.0, , ,0.0,0.0, , 
103,2020-08-21 16:00:00+02:00,191.1000061035156,191.1000061035156,190.6000061035156,190.8999938964844,190.8999938964844,223247,188.25,188.25,188.45000076293945,187.20000457763672,192.0,1,1,,,0.0,0.0, , ,0.0,0.0, , 
104,2020-08-24 09:00:00+02:00,191.6000061035156,193.1999969482422,191.0,191.1999969482422,191.1999969482422,17308,189.5999984741211,189.29999542236328,188.45000076293945,187.3499984741211,192.3999938964844,1,1,1.0,,0.0,0.0, , ,0.0,0.0, , 
105,2020-08-24 10:00:00+02:00,192.3000030517578,192.3999938964844,190.6999969482422,192.0,192.0,39080,191.0,189.29999542236328,188.45000076293945,187.5999984741211,192.5,1,1,,,1.0,1.0,Buy, ,0.0,0.0, ,Buy
106,2020-08-24 11:00:00+02:00,191.1999969482422,192.1999969482422,191.1999969482422,192.0,192.0,33365,191.0999984741211,189.29999542236328,188.2750015258789,187.5999984741211,192.6999969482422,1,1,,,1.0,0.0, , ,0.0,0.0, , 
107,2020-08-24 12:00:00+02:00,191.8999938964844,192.1999969482422,191.5,191.8999938964844,191.8999938964844,33804,191.0999984741211,189.29999542236328,188.125,187.6500015258789,192.8000030517578,1,1,,,1.0,0.0, , ,0.0,0.0, , 
108,2020-08-24 13:00:00+02:00,191.6999969482422,192.1000061035156,191.6999969482422,192.1000061035156,192.1000061035156,31596,191.0999984741211,189.29999542236328,188.0250015258789,187.6500015258789,192.6999969482422,1,1,,,1.0,0.0, , ,0.0,0.0, , 
109,2020-08-24 14:00:00+02:00,191.8000030517578,192.8000030517578,191.8000030517578,192.1000061035156,192.1000061035156,38101,191.0999984741211,189.29999542236328,187.9000015258789,187.6500015258789,192.6000061035156,1,1,,,1.0,0.0, , ,0.0,0.0, , 
110,2020-08-24 15:00:00+02:00,192.8000030517578,192.8000030517578,190.6999969482422,191.6000061035156,191.6000061035156,66576,191.0999984741211,189.29999542236328,187.875,187.6500015258789,191.6000061035156,1,1,,,1.0,0.0, , ,0.0,0.0, , 
111,2020-08-24 16:00:00+02:00,191.6000061035156,191.6000061035156,190.6999969482422,191.0,191.0,15466,191.9000015258789,189.29999542236328,187.77499771118164,187.6500015258789,191.0,1,1,,-1.0,1.0,0.0, , ,0.0,0.0, , 
112,2020-08-25 09:00:00+02:00,192.0,193.8000030517578,191.8999938964844,192.0,192.0,12303,192.25,189.5999984741211,187.70000076293945,187.6500015258789,192.6999969482422,1,1,,,1.0,0.0, , ,0.0,0.0, , 
113,2020-08-25 10:00:00+02:00,192.3000030517578,193.0,191.6000061035156,192.3000030517578,192.3000030517578,21299,192.25,189.5999984741211,187.64999771118164,187.6500015258789,192.1999969482422,1,-1,,1.0,1.0,0.0, , ,0.0,0.0, , 
114,2020-08-25 11:00:00+02:00,192.1000061035156,193.6000061035156,192.1000061035156,193.3000030517578,193.3000030517578,23589,192.25,189.5999984741211,187.59999465942383,187.6500015258789,191.5,1,-1,,-1.0,1.0,0.0, , ,0.0,0.0, , 
115,2020-08-25 12:00:00+02:00,192.5,193.8999938964844,192.5,193.5,193.5,48219,192.29999542236328,189.6499938964844,187.59999465942383,187.6500015258789,192.1000061035156,1,-1,,1.0,1.0,0.0, , ,0.0,0.0, , 
116,2020-08-25 13:00:00+02:00,193.3999938964844,193.8999938964844,193.1000061035156,193.3000030517578,193.3000030517578,53828,192.29999542236328,189.6499938964844,187.59999465942383,187.6500015258789,191.0,1,-1,,,1.0,0.0, , ,0.0,0.0, , 
117,2020-08-25 14:00:00+02:00,193.3999938964844,193.8999938964844,192.3999938964844,193.5,193.5,72342,192.29999542236328,189.6499938964844,187.59999465942383,187.6500015258789,190.6999969482422,1,-1,,,1.0,0.0, , ,0.0,0.0, , 
118,2020-08-25 15:00:00+02:00,192.6999969482422,193.8000030517578,191.6999969482422,192.1999969482422,192.1999969482422,98781,192.29999542236328,189.6499938964844,187.47499465942383,187.6500015258789,190.3000030517578,1,-1,,,1.0,0.0, , ,0.0,0.0, , 
119,2020-08-25 16:00:00+02:00,192.1000061035156,192.1000061035156,191.3999938964844,191.6000061035156,191.6000061035156,11805,192.29999542236328,189.6499938964844,187.47499465942383,187.6500015258789,190.1999969482422,1,-1,,-1.0,1.0,0.0, , ,0.0,0.0, , 
120,2020-08-26 09:00:00+02:00,191.3000030517578,191.6000061035156,190.5,191.1000061035156,191.1000061035156,15445,192.1999969482422,189.6499938964844,186.97499465942383,187.6500015258789,189.8999938964844,1,-1,,,1.0,0.0, , ,0.0,0.0, , 
121,2020-08-26 10:00:00+02:00,191.0,191.6000061035156,191.0,191.1999969482422,191.1999969482422,30642,192.1999969482422,189.9499969482422,186.97499465942383,187.6500015258789,189.5,1,-1,,,1.0,0.0, , ,0.0,0.0, , 
122,2020-08-26 11:00:00+02:00,191.3999938964844,192.6000061035156,191.0,192.5,192.5,26043,192.1999969482422,191.3499984741211,187.3499984741211,187.6500015258789,189.5,1,-1,,,1.0,0.0, , ,0.0,0.0, , 
123,2020-08-26 12:00:00+02:00,191.6999969482422,192.6000061035156,191.6999969482422,191.8999938964844,191.8999938964844,36338,192.1999969482422,191.4499969482422,188.0,187.6500015258789,187.8000030517578,1,1,,,1.0,0.0, , ,0.0,0.0, , 
124,2020-08-26 13:00:00+02:00,191.8999938964844,192.3999938964844,191.6999969482422,192.0,192.0,33087,192.1999969482422,191.4499969482422,188.0999984741211,187.6500015258789,186.3000030517578,1,1,,,1.0,0.0, , ,0.0,0.0, , 
125,2020-08-26 14:00:00+02:00,192.1999969482422,192.8999938964844,192.0,192.8000030517578,192.8000030517578,27102,192.1999969482422,191.4499969482422,188.0999984741211,187.6500015258789,186.6000061035156,1,1,,,1.0,0.0, , ,0.0,0.0, , 
126,2020-08-26 15:00:00+02:00,192.6000061035156,193.0,192.5,192.8000030517578,192.8000030517578,59636,192.1500015258789,191.4499969482422,188.0999984741211,187.6500015258789,186.8000030517578,1,1,,1.0,1.0,0.0, , ,0.0,0.0, , 
127,2020-08-26 16:00:00+02:00,192.8000030517578,193.0,192.3999938964844,193.0,193.0,25656,191.75,191.4499969482422,188.0999984741211,187.6500015258789,186.0,1,1,,,1.0,0.0, , ,0.0,0.0, , 
128,2020-08-27 09:00:00+02:00,192.6000061035156,193.3999938964844,191.6999969482422,192.1000061035156,192.1000061035156,30361,191.9499969482422,192.1999969482422,188.1999969482422,187.6500015258789,186.6000061035156,1,1,-1.0,,1.0,0.0, , ,0.0,0.0, , 
129,2020-08-27 10:00:00+02:00,192.3999938964844,193.3999938964844,191.6999969482422,192.0,192.0,55660,192.1999969482422,192.1999969482422,188.25,187.6500015258789,187.0,1,1,,,0.0,-1.0, ,Sell,0.0,0.0, , 
130,2020-08-27 11:00:00+02:00,191.6999969482422,192.5,191.6999969482422,192.3999938964844,192.3999938964844,32420,192.1999969482422,192.1999969482422,189.4499969482422,187.75,187.8000030517578,1,1,,-1.0,0.0,0.0, , ,0.0,0.0, , 
131,2020-08-27 12:00:00+02:00,191.8000030517578,192.5,191.8000030517578,192.5,192.5,26526,192.54999542236328,192.1999969482422,190.14999771118164,187.9000015258789,187.3000030517578,1,1,1.0,,0.0,0.0, , ,0.0,0.0, , 
132,2020-08-27 13:00:00+02:00,192.3000030517578,192.6999969482422,192.1000061035156,192.6999969482422,192.6999969482422,37740,192.54999542236328,192.1999969482422,190.1999969482422,187.9000015258789,187.3000030517578,1,1,,,1.0,1.0,Buy, ,0.0,0.0, ,Buy
133,2020-08-27 14:00:00+02:00,192.3999938964844,192.8999938964844,192.3999938964844,192.8000030517578,192.8000030517578,50307,192.54999542236328,192.1999969482422,190.1999969482422,187.9000015258789,188.1000061035156,1,1,,,1.0,0.0, , ,0.0,0.0, , 
134,2020-08-27 15:00:00+02:00,192.5,193.1999969482422,192.3999938964844,192.6999969482422,192.6999969482422,63319,192.54999542236328,192.1999969482422,190.1999969482422,187.9000015258789,189.5,1,1,,,1.0,0.0, , ,0.0,0.0, , 
135,2020-08-27 16:00:00+02:00,192.8000030517578,192.8999938964844,192.3999938964844,192.6000061035156,192.6000061035156,22333,192.54999542236328,192.1999969482422,190.1999969482422,188.1999969482422,190.1999969482422,1,1,,1.0,1.0,0.0, , ,0.0,0.0, , 
136,2020-08-28 09:00:00+02:00,192.6999969482422,193.3000030517578,190.5,191.6000061035156,191.6000061035156,13916,191.9499969482422,192.1999969482422,190.1999969482422,188.5,190.8999938964844,1,1,-1.0,,1.0,0.0, , ,0.0,0.0, , 
137,2020-08-28 10:00:00+02:00,190.6000061035156,192.3999938964844,190.5,191.0,191.0,66436,191.9499969482422,192.1999969482422,190.5999984741211,188.5,189.8999938964844,0,1,,-1.0,0.0,-1.0, ,Sell,0.0,0.0, , 
138,2020-08-28 11:00:00+02:00,191.3999938964844,192.6999969482422,190.8999938964844,192.6999969482422,192.6999969482422,41760,191.9000015258789,192.1999969482422,190.92499923706055,188.5,188.6000061035156,0,1,,,0.0,0.0, , ,0.0,0.0, , 
139,2020-08-28 12:00:00+02:00,191.8999938964844,192.6999969482422,191.8999938964844,192.1999969482422,192.1999969482422,23913,191.9000015258789,192.1999969482422,190.92499923706055,188.5,188.5,1,1,,,0.0,0.0, , ,0.0,0.0, , 
140,2020-08-28 13:00:00+02:00,192.1000061035156,192.3999938964844,191.5,191.5,191.5,23023,191.9000015258789,192.1999969482422,190.92499923706055,188.5,188.5,1,1,,1.0,0.0,0.0, , ,0.0,0.0, , 
141,2020-08-28 14:00:00+02:00,192.0,192.3000030517578,191.3000030517578,192.1000061035156,192.1000061035156,41626,191.9000015258789,192.1999969482422,190.97499465942383,188.5,188.6999969482422,1,1,,,1.0,1.0,Buy, ,0.0,0.0, , 
142,2020-08-28 15:00:00+02:00,191.6000061035156,192.3000030517578,190.8999938964844,191.0,191.0,39806,191.9000015258789,192.1999969482422,190.97499465942383,188.5,188.3000030517578,0,1,,-1.0,1.0,0.0, , ,0.0,0.0, , 
143,2020-08-28 16:00:00+02:00,191.0,191.0,190.3999938964844,190.6999969482422,190.6999969482422,10263,191.8499984741211,192.0999984741211,190.97499465942383,188.5,187.8000030517578,0,1,,,1.0,0.0, , ,0.0,0.0, , 
144,2020-08-31 09:00:00+02:00,190.1999969482422,191.5,189.8000030517578,190.3000030517578,190.3000030517578,9709,191.5500030517578,191.5999984741211,190.97499465942383,188.6999969482422,188.5,0,1,,,1.0,0.0, , ,0.0,0.0, , 
145,2020-08-31 10:00:00+02:00,190.3000030517578,190.3999938964844,189.8000030517578,190.1999969482422,190.1999969482422,21245,191.25,191.5999984741211,190.97499465942383,188.6999969482422,187.6000061035156,0,1,,,1.0,0.0, , ,0.0,0.0, , 
146,2020-08-31 11:00:00+02:00,190.3000030517578,190.6999969482422,189.8999938964844,189.8999938964844,189.8999938964844,17885,191.25,191.5999984741211,190.92499542236328,188.1999969482422,186.8000030517578,0,1,,,1.0,0.0, , ,0.0,0.0, , 
147,2020-08-31 12:00:00+02:00,190.5,190.5,189.1000061035156,189.5,189.5,24731,190.9000015258789,191.25,191.0749969482422,188.1999969482422,187.3000030517578,0,1,,,1.0,0.0, , ,0.0,0.0, , 
148,2020-08-31 13:00:00+02:00,189.3999938964844,189.6000061035156,189.1000061035156,189.5,189.5,19281,190.75,191.25,191.77499771118164,188.1999969482422,187.3999938964844,0,1,,,1.0,0.0, , ,0.0,0.0, , 
149,2020-08-31 14:00:00+02:00,189.3999938964844,189.5,187.8000030517578,187.8000030517578,187.8000030517578,27356,190.0500030517578,190.5999984741211,191.8249969482422,188.1999969482422,187.3999938964844,0,1,,,1.0,0.0, , ,0.0,0.0, , 
150,2020-08-31 15:00:00+02:00,188.6000061035156,188.6000061035156,186.3000030517578,186.3000030517578,186.3000030517578,64645,189.3000030517578,189.8499984741211,191.8249969482422,188.1999969482422,184.8999938964844,0,1,,,1.0,0.0, , ,0.0,0.0, , 
151,2020-08-31 16:00:00+02:00,186.3999938964844,187.1000061035156,186.3999938964844,186.6000061035156,186.6000061035156,30453,188.9000015258789,189.8499984741211,191.8249969482422,188.1999969482422,185.1999969482422,-1,1,,,1.0,0.0, , ,0.0,0.0, , 
152,2020-09-01 09:00:00+02:00,186.1000061035156,187.8000030517578,186.1000061035156,186.8000030517578,186.8000030517578,17130,188.8000030517578,189.75,191.79999923706055,188.1999969482422,185.3999938964844,-1,1,,,1.0,0.0, , ,0.0,0.0, , 
153,2020-09-01 10:00:00+02:00,187.1000061035156,187.8000030517578,185.8999938964844,186.0,186.0,55131,188.29999542236328,189.6499938964844,191.5999984741211,188.1999969482422,185.1999969482422,-1,1,,,1.0,0.0, , ,0.0,0.0, , 
154,2020-09-01 11:00:00+02:00,186.5,186.8000030517578,185.6000061035156,186.6000061035156,186.6000061035156,59058,188.1500015258789,189.5,192.0749969482422,188.1999969482422,184.5,-1,1,,,1.0,0.0, , ,0.0,0.0, , 
155,2020-09-01 12:00:00+02:00,186.6000061035156,187.0,186.3000030517578,187.0,187.0,26736,188.0500030517578,189.45000457763672,192.1999969482422,188.25,184.6999969482422,-1,1,,,1.0,0.0, , ,0.0,0.0, , 
156,2020-09-01 13:00:00+02:00,186.5,187.8000030517578,186.5,187.8000030517578,187.8000030517578,39216,187.6000061035156,189.45000457763672,192.1999969482422,189.29999542236328,184.1999969482422,-1,1,,,1.0,0.0, , ,0.0,0.0, , 
157,2020-09-01 14:00:00+02:00,187.5,187.8999938964844,187.3000030517578,187.3000030517578,187.3000030517578,66429,187.5500030517578,189.45000457763672,192.37499618530273,189.29999542236328,183.1999969482422,-1,1,,,1.0,0.0, , ,0.0,0.0, , 
158,2020-09-01 15:00:00+02:00,187.8000030517578,187.8000030517578,186.3999938964844,187.3000030517578,187.3000030517578,85475,187.1000061035156,189.45000457763672,192.37499618530273,189.29999542236328,183.6000061035156,-1,1,,1.0,1.0,0.0, , ,0.0,0.0, , 
159,2020-09-01 16:00:00+02:00,187.3999938964844,188.1000061035156,187.1999969482422,188.1000061035156,188.1000061035156,32480,186.8500061035156,189.45000457763672,192.37499618530273,189.29999542236328,184.8000030517578,-1,1,,,1.0,0.0, , ,0.0,0.0, , 
160,2020-09-02 09:00:00+02:00,188.5,190.6999969482422,188.5,189.5,189.5,15626,188.1500015258789,189.45000457763672,192.37499618530273,189.29999542236328,184.0,0,1,,,1.0,0.0, , ,0.0,0.0, , 
161,2020-09-02 10:00:00+02:00,190.6000061035156,190.6999969482422,189.3000030517578,190.1999969482422,190.1999969482422,60169,188.1500015258789,189.45000457763672,192.37499618530273,189.29999542236328,184.0,0,1,,,1.0,0.0, , ,0.0,0.0, , 
162,2020-09-02 11:00:00+02:00,189.8000030517578,190.8999938964844,189.8000030517578,190.8999938964844,190.8999938964844,37574,188.25,189.1500015258789,192.0749969482422,189.29999542236328,184.1000061035156,0,1,,,1.0,0.0, , ,0.0,0.0, , 
163,2020-09-02 12:00:00+02:00,190.5,191.1000061035156,189.8999938964844,189.8999938964844,189.8999938964844,42561,188.70000457763672,189.1500015258789,192.0749969482422,189.29999542236328,184.5,0,1,,,1.0,0.0, , ,0.0,0.0, , 
164,2020-09-02 13:00:00+02:00,190.1999969482422,190.1999969482422,188.6000061035156,188.6000061035156,188.6000061035156,29409,188.75,189.1500015258789,192.04999923706055,189.5999984741211,184.3999938964844,0,1,,,1.0,0.0, , ,0.0,0.0, , 
165,2020-09-02 14:00:00+02:00,189.3000030517578,189.3000030517578,188.3000030517578,188.5,188.5,18552,188.75,189.0,192.04999923706055,189.5999984741211,184.8999938964844,-1,1,,,1.0,0.0, , ,0.0,0.0, , 
166,2020-09-02 15:00:00+02:00,188.5,189.1000061035156,188.3000030517578,188.5,188.5,37049,188.75,188.95000457763672,192.04999923706055,189.5999984741211,185.1000061035156,-1,1,,-1.0,1.0,0.0, , ,0.0,0.0, , 
167,2020-09-02 16:00:00+02:00,188.6000061035156,188.8000030517578,188.3000030517578,188.6999969482422,188.6999969482422,15136,189.1500015258789,188.95000457763672,192.04999923706055,189.6499938964844,184.0,-1,1,1.0,,1.0,0.0, , ,0.0,0.0, , 
168,2020-09-03 09:00:00+02:00,189.6999969482422,190.1000061035156,188.3000030517578,188.3000030517578,188.3000030517578,11801,189.70000457763672,188.5500030517578,192.04999923706055,189.6499938964844,183.3000030517578,0,1,,,1.0,0.0, , ,0.0,0.0, ,Buy
169,2020-09-03 10:00:00+02:00,189.1000061035156,189.3000030517578,187.6999969482422,187.8000030517578,187.8000030517578,64986,189.4000015258789,188.5500030517578,191.9749984741211,189.6499938964844,183.3000030517578,-1,1,,,1.0,0.0, , ,0.0,0.0, , 
170,2020-09-03 11:00:00+02:00,188.1000061035156,188.6999969482422,187.6000061035156,188.5,188.5,40927,189.3500061035156,188.3500061035156,191.57500076293945,189.6499938964844,183.3000030517578,-1,1,,,1.0,0.0, , ,0.0,0.0, , 
171,2020-09-03 12:00:00+02:00,188.1000061035156,188.6999969482422,187.6000061035156,187.6000061035156,187.6000061035156,21485,189.3500061035156,188.3500061035156,191.42499923706055,189.6499938964844,183.0,-1,1,,,1.0,0.0, , ,0.0,0.0, , 
172,2020-09-03 13:00:00+02:00,188.1999969482422,188.3999938964844,186.6000061035156,186.8000030517578,186.8000030517578,42438,188.4000015258789,188.3500061035156,191.42499923706055,189.6499938964844,184.3000030517578,-1,1,,,1.0,0.0, , ,0.0,0.0, , 
173,2020-09-03 14:00:00+02:00,187.0,187.3000030517578,186.1000061035156,187.3000030517578,187.3000030517578,66526,188.1000061035156,188.3500061035156,191.07500076293945,189.6499938964844,184.1999969482422,-1,1,-1.0,,1.0,0.0, , ,0.0,0.0, , 
174,2020-09-03 15:00:00+02:00,186.1999969482422,187.6000061035156,186.1000061035156,187.3999938964844,187.3999938964844,122664,188.1000061035156,188.3500061035156,191.0,189.6499938964844,184.5,-1,1,,,0.0,-1.0, ,Sell,0.0,0.0, , 
175,2020-09-03 16:00:00+02:00,187.5,187.6999969482422,187.1000061035156,187.3999938964844,187.3999938964844,27020,188.1000061035156,188.3500061035156,190.32500076293945,189.6499938964844,188.1999969482422,-1,1,,,0.0,0.0, , ,0.0,0.0, , 
176,2020-09-04 09:00:00+02:00,185.6999969482422,186.0,184.6999969482422,184.8999938964844,184.8999938964844,44465,187.4000015258789,187.9000015258789,189.57500076293945,189.6499938964844,189.3999938964844,-1,-1,,,0.0,0.0, , ,0.0,0.0, , 
177,2020-09-04 10:00:00+02:00,184.6999969482422,185.6999969482422,184.3999938964844,185.1999969482422,185.1999969482422,58850,186.8499984741211,187.75,189.375,189.6499938964844,190.3000030517578,-1,-1,,,0.0,0.0, , ,0.0,0.0, , 
178,2020-09-04 11:00:00+02:00,184.6999969482422,186.0,184.6999969482422,185.3999938964844,185.3999938964844,35429,186.54999542236328,187.75,189.2750015258789,189.6499938964844,191.3999938964844,-1,-1,,,0.0,0.0, , ,0.0,0.0, , 
179,2020-09-04 12:00:00+02:00,185.6999969482422,185.6999969482422,185.1000061035156,185.1999969482422,185.1999969482422,39553,186.54999542236328,187.75,188.97499465942383,189.6499938964844,192.6000061035156,-1,-1,,,0.0,0.0, , ,0.0,0.0, , 
180,2020-09-04 13:00:00+02:00,185.5,185.6000061035156,184.3999938964844,184.5,184.5,44141,186.3999938964844,187.75,188.82500076293945,189.6499938964844,193.1999969482422,-1,-1,,,0.0,0.0, , ,0.0,0.0, , 
181,2020-09-04 14:00:00+02:00,184.6000061035156,185.0,184.3999938964844,184.6999969482422,184.6999969482422,37284,186.04999542236328,187.75,188.75000381469727,189.6499938964844,192.8000030517578,-1,-1,,,0.0,0.0, , ,0.0,0.0, , 
182,2020-09-04 15:00:00+02:00,184.8000030517578,185.5,184.1999969482422,184.1999969482422,184.1999969482422,41240,185.9499969482422,187.6500015258789,188.52500534057617,189.6499938964844,189.6000061035156,-1,-1,,,0.0,0.0, , ,0.0,0.0, , 
183,2020-09-04 16:00:00+02:00,184.3000030517578,184.5,183.1999969482422,183.1999969482422,183.1999969482422,24567,185.4499969482422,187.1500015258789,188.50000381469727,189.6499938964844,189.3999938964844,-1,-1,,,0.0,0.0, , ,0.0,0.0, , 
184,2020-09-07 09:00:00+02:00,184.0,184.3000030517578,183.1000061035156,183.6000061035156,183.6000061035156,10719,184.5500030517578,187.1000061035156,188.27500534057617,189.6499938964844,189.8999938964844,-1,-1,,,0.0,0.0, , ,0.0,0.0, , 
185,2020-09-07 10:00:00+02:00,183.1999969482422,184.8000030517578,183.1999969482422,184.8000030517578,184.8000030517578,30115,184.5500030517578,187.1000061035156,188.15000534057617,189.6499938964844,189.6999969482422,-1,-1,,,0.0,0.0, , ,0.0,0.0, , 
186,2020-09-07 11:00:00+02:00,184.1999969482422,184.8999938964844,184.0,184.0,184.0,34668,184.5500030517578,187.1000061035156,188.8000030517578,189.6499938964844,189.5,-1,-1,,,0.0,0.0, , ,0.0,0.0, , 
187,2020-09-07 12:00:00+02:00,184.3999938964844,184.3999938964844,183.6000061035156,184.0,184.0,25043,184.4000015258789,187.1000061035156,188.8000030517578,189.6499938964844,189.6999969482422,-1,-1,,,0.0,0.0, , ,0.0,0.0, , 
188,2020-09-07 13:00:00+02:00,183.8000030517578,184.3000030517578,183.8000030517578,184.1000061035156,184.1000061035156,13764,184.3500061035156,187.1000061035156,188.70000076293945,189.6499938964844,190.3000030517578,-1,-1,,,0.0,0.0, , ,0.0,0.0, , 
189,2020-09-07 14:00:00+02:00,184.1999969482422,184.5,184.1000061035156,184.5,184.5,23107,184.3000030517578,186.6500015258789,188.9250030517578,189.6499938964844,190.3999938964844,-1,-1,,,0.0,0.0, , ,0.0,0.0, , 
190,2020-09-07 15:00:00+02:00,184.1999969482422,184.5,184.1000061035156,184.3999938964844,184.3999938964844,16113,184.3000030517578,186.6000061035156,188.95000076293945,189.6499938964844,188.1000061035156,-1,-1,,,0.0,0.0, , ,0.0,0.0, , 
191,2020-09-07 16:00:00+02:00,184.3999938964844,184.8999938964844,184.3999938964844,184.8999938964844,184.8999938964844,5918,184.0,186.6000061035156,188.875,189.6499938964844,188.3000030517578,-1,-1,,1.0,0.0,0.0, , ,0.0,0.0, , 
192,2020-09-08 09:00:00+02:00,185.0,185.3999938964844,183.8999938964844,185.1000061035156,185.1000061035156,14152,184.25,186.6000061035156,188.85000228881836,189.6499938964844,188.3999938964844,-1,-1,,,0.0,0.0, , ,0.0,0.0, , 
193,2020-09-08 10:00:00+02:00,184.1999969482422,185.1999969482422,183.8000030517578,184.0,184.0,41071,184.29999542236328,186.6000061035156,189.0500030517578,189.6499938964844,188.1999969482422,-1,-1,,-1.0,0.0,0.0, , ,0.0,0.0, , 
194,2020-09-08 11:00:00+02:00,184.1000061035156,184.6000061035156,183.1000061035156,183.3000030517578,183.3000030517578,48220,184.25,186.20000457763672,189.12500381469727,189.6499938964844,188.5,-1,-1,,,0.0,0.0, , ,-1.0,-1.0,Sell, 
195,2020-09-08 12:00:00+02:00,183.5,183.8000030517578,183.1000061035156,183.3000030517578,183.3000030517578,15464,184.25,185.9000015258789,188.97500228881836,189.6499938964844,188.0,-1,-1,,,0.0,0.0, , ,-1.0,0.0, , 
196,2020-09-08 13:00:00+02:00,183.3999938964844,183.5,182.8999938964844,183.3000030517578,183.3000030517578,23638,184.1499938964844,185.79999542236328,188.8500061035156,189.6499938964844,187.6999969482422,-1,-1,,,0.0,0.0, , ,-1.0,0.0, , 
197,2020-09-08 14:00:00+02:00,183.3999938964844,183.5,182.6000061035156,183.0,183.0,37767,184.0,185.5,188.8500061035156,189.6499938964844,189.0,-1,-1,,,0.0,0.0, , ,-1.0,0.0, , 
198,2020-09-08 15:00:00+02:00,182.8000030517578,184.3000030517578,182.6999969482422,184.3000030517578,184.3000030517578,61262,184.0,185.1500015258789,188.37500381469727,189.6499938964844,190.3999938964844,-1,-1,,,0.0,0.0, , ,-1.0,0.0, , 
199,2020-09-08 16:00:00+02:00,184.3000030517578,184.3000030517578,183.8999938964844,184.1999969482422,184.1999969482422,19201,184.0,185.1500015258789,188.2250061035156,189.9499969482422,189.3999938964844,-1,-1,,1.0,0.0,0.0, , ,-1.0,0.0, , 
200,2020-09-09 09:00:00+02:00,184.0,185.0,183.0,184.5,184.5,25517,184.0,185.1500015258789,188.2250061035156,191.3499984741211,189.6000061035156,-1,-1,,,0.0,0.0, , ,-1.0,0.0, , 
201,2020-09-09 10:00:00+02:00,184.5,188.3000030517578,184.1000061035156,188.1999969482422,188.1999969482422,200311,185.45000457763672,185.45000457763672,188.2250061035156,190.8499984741211,189.3000030517578,0,-1,,-1.0,0.0,0.0, , ,-1.0,0.0, , 
202,2020-09-09 11:00:00+02:00,187.0,190.3000030517578,187.0,189.3999938964844,189.3999938964844,233453,186.45000457763672,186.45000457763672,187.6500015258789,190.0999984741211,189.3999938964844,0,-1,,1.0,0.0,0.0, , ,-1.0,0.0, , 
203,2020-09-09 12:00:00+02:00,189.3000030517578,190.3000030517578,188.8999938964844,190.3000030517578,190.3000030517578,94073,186.45000457763672,186.45000457763672,187.29999923706055,190.0999984741211,189.8999938964844,0,-1,,,0.0,0.0, , ,-1.0,0.0, , 
204,2020-09-09 13:00:00+02:00,189.8999938964844,191.3999938964844,189.5,191.3999938964844,191.3999938964844,80493,187.0,187.0,187.14999771118164,190.0,188.6999969482422,0,-1,,,0.0,0.0, , ,-1.0,0.0, , 
205,2020-09-09 14:00:00+02:00,190.6999969482422,192.6000061035156,190.3999938964844,192.6000061035156,192.6000061035156,94962,187.6000061035156,187.6000061035156,187.14999771118164,189.8999938964844,189.0,1,-1,,,0.0,0.0, , ,-1.0,0.0, , 
206,2020-09-09 15:00:00+02:00,191.8000030517578,193.8999938964844,191.6000061035156,193.1999969482422,193.1999969482422,122852,188.29999542236328,188.25,187.0749969482422,189.75,189.0,1,-1,1.0,,0.0,0.0, , ,-1.0,0.0, , 
207,2020-09-09 16:00:00+02:00,193.1999969482422,193.3000030517578,192.3999938964844,192.8000030517578,192.8000030517578,41107,188.4499969482422,188.25,186.89999771118164,189.75,189.6000061035156,1,-1,,,0.0,0.0, , ,0.0,1.0, ,Buy
208,2020-09-10 09:00:00+02:00,193.0,193.6000061035156,189.6000061035156,189.6000061035156,189.6000061035156,25788,188.4499969482422,188.25,186.79999923706055,189.75,189.8999938964844,0,-1,,,0.0,0.0, , ,0.0,0.0, , 
209,2020-09-10 10:00:00+02:00,191.1999969482422,191.5,189.3999938964844,189.3999938964844,189.3999938964844,71189,189.0,188.25,186.29999923706055,189.75,189.8000030517578,0,-1,,,0.0,0.0, , ,0.0,0.0, , 
210,2020-09-10 11:00:00+02:00,190.1000061035156,190.1999969482422,189.3000030517578,189.8999938964844,189.8999938964844,59611,190.4499969482422,188.25,185.82500457763672,189.75,190.3999938964844,0,-1,,-1.0,0.0,0.0, , ,0.0,0.0, , 
211,2020-09-10 12:00:00+02:00,189.8999938964844,190.3999938964844,189.5,189.6999969482422,189.6999969482422,40672,191.3999938964844,188.25,185.82500457763672,189.75,190.8999938964844,0,-1,,,0.0,0.0, , ,0.0,0.0, , 
212,2020-09-10 13:00:00+02:00,189.8000030517578,189.8999938964844,189.3999938964844,189.5,189.5,19619,191.5999984741211,188.25,185.82500457763672,189.75,189.6000061035156,0,-1,,,0.0,0.0, , ,0.0,0.0, , 
213,2020-09-10 14:00:00+02:00,189.5,190.0,189.1999969482422,189.6999969482422,189.6999969482422,36033,191.54999542236328,188.25,185.75000381469727,189.75,189.6000061035156,0,-1,,,0.0,0.0, , ,0.0,0.0, , 
214,2020-09-10 15:00:00+02:00,189.3999938964844,190.3000030517578,189.3000030517578,190.3000030517578,190.3000030517578,57650,191.54999542236328,188.25,185.7250061035156,189.75,189.1999969482422,0,-1,,,0.0,0.0, , ,0.0,0.0, , 
215,2020-09-10 16:00:00+02:00,190.3000030517578,190.5,190.1000061035156,190.3999938964844,190.3999938964844,15188,191.4000015258789,188.25,185.47500228881836,189.75,189.0,1,-1,,,0.0,0.0, , ,0.0,0.0, , 
216,2020-09-11 09:00:00+02:00,189.3999938964844,189.6000061035156,188.1000061035156,188.1000061035156,188.1000061035156,15718,190.8500061035156,188.25,185.45000457763672,189.75,189.6000061035156,0,-1,,,0.0,0.0, , ,0.0,0.0, , 
217,2020-09-11 10:00:00+02:00,189.1999969482422,189.1999969482422,187.8999938964844,188.3000030517578,188.3000030517578,40527,189.6999969482422,188.25,185.3000030517578,189.75,190.1999969482422,0,-1,,,0.0,0.0, , ,0.0,0.0, , 
218,2020-09-11 11:00:00+02:00,188.5,188.8000030517578,188.0,188.3999938964844,188.3999938964844,27174,189.1999969482422,188.25,185.4250030517578,189.75,190.5,0,-1,,,0.0,0.0, , ,0.0,0.0, , 
219,2020-09-11 12:00:00+02:00,188.8000030517578,188.8000030517578,188.0,188.1999969482422,188.1999969482422,32492,189.1999969482422,188.25,185.45000076293945,189.75,190.8999938964844,0,-1,,,0.0,0.0, , ,0.0,0.0, , 
220,2020-09-11 13:00:00+02:00,188.3000030517578,188.5,188.0,188.5,188.5,36126,189.1999969482422,188.25,185.22500228881836,189.75,191.3000030517578,0,-1,,,0.0,0.0, , ,0.0,0.0, , 
221,2020-09-11 14:00:00+02:00,188.1000061035156,188.6000061035156,188.0,188.0,188.0,47016,189.1999969482422,188.25,185.07500076293945,189.70000457763672,191.1000061035156,0,-1,,,0.0,0.0, , ,0.0,0.0, , 
222,2020-09-11 15:00:00+02:00,188.1000061035156,188.3000030517578,187.6999969482422,187.6999969482422,187.6999969482422,51954,189.0999984741211,188.25,184.97499465942383,189.5,188.3000030517578,0,-1,,,0.0,0.0, , ,0.0,0.0, , 
223,2020-09-11 16:00:00+02:00,187.8999938964844,189.0,187.8000030517578,189.0,189.0,25721,189.0999984741211,188.29999542236328,184.75,189.5,192.0,0,-1,,,0.0,0.0, , ,0.0,0.0, , 
224,2020-09-14 09:00:00+02:00,189.8000030517578,190.6999969482422,189.3999938964844,190.3999938964844,190.3999938964844,22795,189.1999969482422,188.4499969482422,184.57500076293945,189.5,195.1999969482422,0,-1,,1.0,0.0,0.0, , ,0.0,0.0, , 
225,2020-09-14 10:00:00+02:00,190.1999969482422,190.6000061035156,189.3000030517578,189.3999938964844,189.3999938964844,46504,189.1999969482422,188.4499969482422,184.57500076293945,189.5,196.3999938964844,0,-1,,,0.0,0.0, , ,0.0,0.0, , 
226,2020-09-14 11:00:00+02:00,189.8999938964844,190.0,189.3000030517578,189.6000061035156,189.6000061035156,40627,189.1999969482422,189.0,184.57500076293945,189.5,196.3999938964844,0,-1,,,0.0,0.0, , ,0.0,0.0, , 
227,2020-09-14 12:00:00+02:00,189.8000030517578,189.8000030517578,189.1000061035156,189.3000030517578,189.3000030517578,34076,189.1999969482422,190.4499969482422,185.45000457763672,189.5,197.0,0,-1,-1.0,,0.0,0.0, , ,0.0,0.0, , 
228,2020-09-14 13:00:00+02:00,189.6000061035156,189.6000061035156,189.1000061035156,189.3999938964844,189.3999938964844,28894,189.1999969482422,190.79999542236328,186.45000457763672,189.04999542236328,196.1000061035156,1,-1,,,0.0,0.0, ,Sell,0.0,0.0, , 
229,2020-09-14 14:00:00+02:00,189.3999938964844,189.8999938964844,189.1999969482422,189.8999938964844,189.8999938964844,38563,189.1999969482422,190.79999542236328,186.45000457763672,188.8999938964844,197.0,1,-1,,,0.0,0.0, , ,0.0,0.0, , 
230,2020-09-14 15:00:00+02:00,189.6999969482422,189.8999938964844,188.6999969482422,188.6999969482422,188.6999969482422,73260,189.1999969482422,190.79999542236328,187.0,188.8999938964844,199.0,0,-1,,,0.0,0.0, , ,0.0,0.0, , 
231,2020-09-14 16:00:00+02:00,188.6999969482422,189.1000061035156,188.6000061035156,189.0,189.0,21787,189.25,190.79999542236328,187.6000061035156,188.8999938964844,197.8999938964844,0,-1,,-1.0,0.0,0.0, , ,0.0,0.0, , 
232,2020-09-15 09:00:00+02:00,189.0,189.1999969482422,188.0,189.0,189.0,10346,189.3499984741211,190.6500015258789,188.27499771118164,188.8999938964844,199.3000030517578,0,-1,,,0.0,0.0, , ,0.0,0.0, , 
233,2020-09-15 10:00:00+02:00,188.3000030517578,189.6000061035156,188.1999969482422,189.6000061035156,189.6000061035156,51120,189.3000030517578,190.6500015258789,188.3499984741211,188.8499984741211,201.3999938964844,0,-1,,,0.0,0.0, , ,0.0,0.0, , 
234,2020-09-15 11:00:00+02:00,188.6999969482422,189.8999938964844,188.6000061035156,189.8999938964844,189.8999938964844,42545,189.0,189.5999984741211,188.3499984741211,188.75,200.3999938964844,0,-1,,,0.0,0.0, , ,0.0,0.0, , 
235,2020-09-15 12:00:00+02:00,189.6000061035156,189.8999938964844,188.8000030517578,189.8000030517578,189.8000030517578,33850,188.9499969482422,189.1999969482422,188.625,188.25,202.1999969482422,1,1,,1.0,0.0,0.0, , ,0.0,0.0, , 
236,2020-09-15 13:00:00+02:00,189.1000061035156,190.6000061035156,189.1000061035156,190.3999938964844,190.3999938964844,40514,189.3000030517578,189.1999969482422,189.3499984741211,188.20000457763672,203.1999969482422,0,1,1.0,-1.0,1.0,1.0,Buy, ,0.0,0.0, , 
237,2020-09-15 14:00:00+02:00,190.1999969482422,191.0,190.1000061035156,190.8999938964844,190.8999938964844,57540,189.5,189.3499984741211,189.8249969482422,188.20000457763672,203.1999969482422,1,1,,1.0,1.0,0.0, , ,0.0,0.0, ,Buy
238,2020-09-15 15:00:00+02:00,190.6999969482422,191.1000061035156,189.1999969482422,189.6000061035156,189.6000061035156,76735,189.5500030517578,189.4000015258789,189.92499923706055,188.20000457763672,200.3999938964844,0,1,,,1.0,0.0, , ,0.0,0.0, , 
239,2020-09-15 16:00:00+02:00,189.6999969482422,190.1000061035156,189.1999969482422,189.6000061035156,189.6000061035156,32802,189.5500030517578,189.4000015258789,189.89999771118164,188.20000457763672,197.6999969482422,0,1,,,1.0,0.0, , ,0.0,0.0, , 
240,2020-09-16 09:00:00+02:00,189.3000030517578,190.6000061035156,189.1000061035156,189.1999969482422,189.1999969482422,61122,189.5500030517578,189.4000015258789,189.89999771118164,187.9000015258789,197.3999938964844,0,1,,-1.0,1.0,0.0, , ,0.0,0.0, , 
241,2020-09-16 10:00:00+02:00,189.5,189.6000061035156,188.8999938964844,189.0,189.0,51141,189.6500015258789,189.4000015258789,189.82500076293945,187.9000015258789,197.3999938964844,0,1,,,1.0,0.0, , ,0.0,0.0, , 
242,2020-09-16 11:00:00+02:00,189.3999938964844,190.0,188.6999969482422,189.6000061035156,189.6000061035156,56805,189.8500061035156,189.4000015258789,189.5500030517578,187.9000015258789,197.5,0,1,,,1.0,0.0, , ,0.0,0.0, , 
243,2020-09-16 12:00:00+02:00,189.3999938964844,190.3999938964844,189.3000030517578,190.1999969482422,190.1999969482422,39996,189.9000015258789,189.4000015258789,188.9749984741211,187.75,196.8999938964844,1,1,,,1.0,0.0, , ,0.0,0.0, , 
244,2020-09-16 13:00:00+02:00,189.8000030517578,190.5,189.6999969482422,190.5,190.5,38205,189.9000015258789,189.4000015258789,188.7249984741211,187.70000457763672,195.6000061035156,1,1,,,1.0,0.0, , ,0.0,0.0, , 
245,2020-09-16 14:00:00+02:00,190.0,191.1000061035156,190.0,190.8999938964844,190.8999938964844,46145,189.9000015258789,189.4000015258789,188.7249984741211,187.70000457763672,195.3000030517578,1,1,,1.0,1.0,0.0, , ,0.0,0.0, , 
246,2020-09-16 15:00:00+02:00,191.1000061035156,191.5,190.5,191.3000030517578,191.3000030517578,57514,190.0999984741211,189.5999984741211,188.7249984741211,187.3000030517578,184.3999938964844,1,1,,,1.0,0.0, , ,0.0,0.0, , 
247,2020-09-16 16:00:00+02:00,191.3000030517578,191.3000030517578,191.1000061035156,191.1000061035156,191.1000061035156,13482,190.0999984741211,189.5999984741211,188.7249984741211,187.3000030517578,185.8000030517578,1,1,,,1.0,0.0, , ,0.0,0.0, , 
248,2020-09-17 09:00:00+02:00,190.8000030517578,190.8000030517578,187.3999938964844,188.3000030517578,188.3000030517578,52006,189.4499969482422,189.4499969482422,188.67499923706055,187.0,186.3000030517578,0,1,,,1.0,0.0, , ,0.0,0.0, , 
249,2020-09-17 10:00:00+02:00,187.8999938964844,192.8000030517578,187.8000030517578,192.0,192.0,153713,190.0999984741211,190.0999984741211,188.6999969482422,186.8500061035156,185.6999969482422,0,1,,-1.0,1.0,0.0, , ,0.0,0.0, , 
250,2020-09-17 11:00:00+02:00,188.5,196.5,188.1000061035156,195.1999969482422,195.1999969482422,476586,191.9499969482422,191.9499969482422,188.8249969482422,186.8500061035156,186.0,0,1,,,1.0,0.0, , ,0.0,0.0, , 
251,2020-09-17 12:00:00+02:00,195.1999969482422,196.6000061035156,195.1999969482422,196.3999938964844,196.3999938964844,174479,192.0,192.0,188.8249969482422,186.8500061035156,185.8999938964844,1,1,,1.0,1.0,0.0, , ,0.0,0.0, , 
252,2020-09-17 13:00:00+02:00,196.3999938964844,197.6000061035156,196.1999969482422,196.3999938964844,196.3999938964844,128585,192.5,192.5,189.0999984741211,186.8500061035156,185.6000061035156,1,1,,,1.0,0.0, , ,0.0,0.0, , 
253,2020-09-17 14:00:00+02:00,197.3999938964844,197.6000061035156,196.3000030517578,197.0,197.0,135941,192.5,192.5,189.8249969482422,186.8500061035156,186.0,1,1,,,1.0,0.0, , ,0.0,0.0, , 
254,2020-09-17 15:00:00+02:00,197.1999969482422,197.5,196.0,196.1000061035156,196.1000061035156,107544,192.5,192.5,189.99999618530273,186.8500061035156,185.8999938964844,1,1,,,1.0,0.0, , ,0.0,0.0, , 
255,2020-09-17 16:00:00+02:00,196.0,197.3000030517578,196.0,197.0,197.0,41245,192.5,192.5,189.99999618530273,186.8500061035156,187.1000061035156,1,1,,,1.0,0.0, , ,0.0,0.0, , 
256,2020-09-18 09:00:00+02:00,197.5,199.5,197.1999969482422,199.0,199.0,39261,193.4499969482422,193.4499969482422,189.99999618530273,187.0,186.6999969482422,1,1,,,1.0,0.0, , ,0.0,0.0, , 
257,2020-09-18 10:00:00+02:00,198.3999938964844,199.5,197.6000061035156,197.8999938964844,197.8999938964844,133160,193.6500015258789,193.4499969482422,190.02499771118164,187.6000061035156,186.5,1,1,1.0,,1.0,0.0, , ,0.0,0.0, , 
258,2020-09-18 11:00:00+02:00,198.0,199.3999938964844,197.6000061035156,199.3000030517578,199.3000030517578,207842,193.8000030517578,193.4499969482422,190.0,188.25,185.8999938964844,1,1,,,1.0,0.0, , ,0.0,0.0, ,Buy
259,2020-09-18 12:00:00+02:00,199.0,201.3999938964844,198.6000061035156,201.3999938964844,201.3999938964844,232377,198.29999542236328,194.3999938964844,189.97500228881836,188.25,186.8999938964844,1,1,,,1.0,0.0, , ,0.0,0.0, , 
260,2020-09-18 13:00:00+02:00,200.6000061035156,201.3999938964844,200.1999969482422,200.3999938964844,200.3999938964844,85860,198.6999969482422,194.3999938964844,189.29999923706055,188.25,187.0,1,1,,,1.0,0.0, , ,0.0,0.0, , 
261,2020-09-18 14:00:00+02:00,201.0,202.3999938964844,200.1999969482422,202.1999969482422,202.1999969482422,109856,199.1999969482422,194.8999938964844,189.0749969482422,188.25,186.6999969482422,1,1,,,1.0,0.0, , ,0.0,0.0, , 
262,2020-09-18 15:00:00+02:00,201.1999969482422,203.1999969482422,201.1999969482422,203.1999969482422,203.1999969482422,146925,199.5999984741211,195.29999542236328,189.25,188.25,186.8999938964844,1,1,,,1.0,0.0, , ,0.0,0.0, , 
263,2020-09-18 16:00:00+02:00,203.1999969482422,203.6000061035156,202.6000061035156,203.1999969482422,203.1999969482422,35983,199.8000030517578,195.5,189.42499923706055,188.25,187.0,1,1,,,1.0,0.0, , ,0.0,0.0, , 
264,2020-09-21 09:00:00+02:00,203.0,203.0,199.0,200.3999938964844,200.3999938964844,64755,200.4000015258789,195.5,189.47500228881836,188.25,187.1999969482422,1,1,,,1.0,0.0, , ,0.0,0.0, , 
265,2020-09-21 10:00:00+02:00,200.0,200.8000030517578,197.5,197.6999969482422,197.6999969482422,165742,200.5500030517578,195.5,189.47500228881836,188.25,187.6000061035156,1,1,,-1.0,1.0,0.0, , ,0.0,0.0, , 
266,2020-09-21 11:00:00+02:00,198.8000030517578,198.8999938964844,197.1000061035156,197.3999938964844,197.3999938964844,118102,200.3500061035156,195.5,189.47500228881836,188.25,187.1999969482422,1,1,,,1.0,0.0, , ,0.0,0.0, , 
267,2020-09-21 12:00:00+02:00,198.0,198.0,197.1000061035156,197.3999938964844,197.3999938964844,83838,200.3500061035156,195.5,189.5250015258789,188.25,186.1000061035156,1,1,,,1.0,0.0, , ,0.0,0.0, , 
268,2020-09-21 13:00:00+02:00,197.3000030517578,197.8000030517578,197.1999969482422,197.5,197.5,57179,200.3500061035156,195.5,189.62500381469727,188.25,187.0,1,1,,,1.0,0.0, , ,0.0,0.0, , 
269,2020-09-21 14:00:00+02:00,197.3999938964844,197.6000061035156,196.6000061035156,196.8999938964844,196.8999938964844,77145,200.1000061035156,195.5,189.6500015258789,188.25,186.6999969482422,1,1,,,1.0,0.0, , ,0.0,0.0, , 
270,2020-09-21 15:00:00+02:00,197.3000030517578,197.3000030517578,195.0,195.6000061035156,195.6000061035156,127251,199.3000030517578,195.5,189.6500015258789,188.25,190.3000030517578,1,1,,,1.0,0.0, , ,0.0,0.0, , 
271,2020-09-21 16:00:00+02:00,195.6999969482422,195.8000030517578,195.0,195.3000030517578,195.3000030517578,39007,199.3000030517578,195.5,189.6500015258789,188.25,190.1999969482422,1,1,,,1.0,0.0, , ,0.0,0.0, , 
272,2020-09-22 09:00:00+02:00,185.1000061035156,185.6000061035156,183.3000030517578,184.3999938964844,184.3999938964844,80987,193.1500015258789,193.45000457763672,189.8499984741211,188.25,189.8999938964844,-1,1,-1.0,,1.0,0.0, , ,0.0,0.0, , 
273,2020-09-22 10:00:00+02:00,183.8999938964844,185.8000030517578,183.5,185.8000030517578,185.8000030517578,107116,192.0500030517578,193.45000457763672,189.8499984741211,188.25,189.1999969482422,-1,1,,,0.0,-1.0, ,Sell,0.0,0.0, , 
274,2020-09-22 11:00:00+02:00,185.3999938964844,186.6999969482422,184.8000030517578,186.3000030517578,186.3000030517578,97921,191.0999984741211,193.45000457763672,189.4499969482422,188.25,188.3999938964844,-1,1,,,0.0,0.0, , ,0.0,0.0, , 
275,2020-09-22 12:00:00+02:00,186.5,186.6000061035156,185.3999938964844,185.6999969482422,185.6999969482422,85152,190.6500015258789,193.45000457763672,190.0999984741211,188.25,189.0,-1,1,,,0.0,0.0, , ,0.0,0.0, , 
276,2020-09-22 13:00:00+02:00,186.1999969482422,186.5,185.3999938964844,186.0,186.0,63959,190.5500030517578,193.45000457763672,191.9499969482422,188.25,188.8000030517578,-1,1,,,0.0,0.0, , ,0.0,0.0, , 
277,2020-09-22 14:00:00+02:00,185.8999938964844,186.3000030517578,185.5,185.8999938964844,185.8999938964844,97691,190.45000457763672,193.45000457763672,192.0,188.25,188.6999969482422,-1,1,,,0.0,0.0, , ,0.0,0.0, , 
278,2020-09-22 15:00:00+02:00,186.0,186.3999938964844,185.5,185.6000061035156,185.6000061035156,86711,190.3000030517578,193.45000457763672,192.5,188.25,191.1000061035156,-1,1,,,0.0,0.0, , ,0.0,0.0, , 
279,2020-09-22 16:00:00+02:00,185.6000061035156,186.0,185.3999938964844,186.0,186.0,35225,189.5500030517578,193.45000457763672,192.5,188.25,190.8999938964844,-1,1,,,0.0,0.0, , ,0.0,0.0, , 
280,2020-09-23 09:00:00+02:00,185.3999938964844,186.1000061035156,184.5,185.8999938964844,185.8999938964844,35991,185.0,193.45000457763672,192.5,188.25,190.8999938964844,-1,1,,1.0,0.0,0.0, , ,0.0,0.0, , 
281,2020-09-23 10:00:00+02:00,185.8000030517578,187.1999969482422,185.5,187.1000061035156,187.1000061035156,79283,185.3499984741211,193.45000457763672,192.5,188.25,191.1000061035156,-1,1,,,0.0,0.0, , ,0.0,0.0, , 
282,2020-09-23 11:00:00+02:00,186.8000030517578,187.1999969482422,186.3999938964844,186.6999969482422,186.6999969482422,49516,185.8499984741211,193.45000457763672,193.4499969482422,188.25,191.1999969482422,-1,1,,,0.0,0.0, , ,0.0,0.0, , 
283,2020-09-23 12:00:00+02:00,186.6999969482422,186.8000030517578,186.1000061035156,186.5,186.5,23934,185.8499984741211,193.45000457763672,193.54999923706055,188.25,191.3000030517578,-1,1,,,0.0,0.0, , ,0.0,0.0, , 
284,2020-09-23 13:00:00+02:00,186.1000061035156,186.6999969482422,185.8999938964844,185.8999938964844,185.8999938964844,32810,185.8499984741211,193.45000457763672,193.625,188.25,191.1000061035156,-1,1,,,0.0,0.0, , ,0.0,0.0, , 
285,2020-09-23 14:00:00+02:00,186.3000030517578,186.8999938964844,185.8999938964844,186.8999938964844,186.8999938964844,66706,185.8499984741211,193.45000457763672,196.34999465942383,188.25,191.3000030517578,-1,1,,,0.0,0.0, , ,0.0,0.0, , 
286,2020-09-23 15:00:00+02:00,186.1000061035156,187.1000061035156,185.8999938964844,187.0,187.0,94500,185.8499984741211,193.45000457763672,196.54999542236328,188.25,192.5,-1,1,,,0.0,0.0, , ,0.0,0.0, , 
287,2020-09-23 16:00:00+02:00,186.8999938964844,187.1000061035156,186.5,186.6999969482422,186.6999969482422,24554,185.8499984741211,193.45000457763672,197.04999542236328,188.25,192.1999969482422,-1,1,,,0.0,0.0, , ,0.0,0.0, , 
288,2020-09-24 09:00:00+02:00,184.1999969482422,187.0,184.0,186.8999938964844,186.8999938964844,86373,185.5999984741211,193.45000457763672,197.4499969482422,188.25,192.8999938964844,-1,1,,-1.0,0.0,0.0, , ,0.0,0.0, , 
289,2020-09-24 10:00:00+02:00,185.8000030517578,187.3000030517578,185.8000030517578,187.0,187.0,66253,185.6500015258789,193.1500015258789,197.6500015258789,188.25,193.6000061035156,-1,1,,1.0,0.0,0.0, , ,0.0,0.0, , 
290,2020-09-24 11:00:00+02:00,186.8000030517578,187.5,186.6999969482422,187.1999969482422,187.1999969482422,67291,185.75,192.0500030517578,197.95000076293945,188.25,193.8999938964844,-1,1,,,0.0,0.0, , ,0.0,0.0, , 
291,2020-09-24 12:00:00+02:00,187.0,187.8000030517578,187.0,187.6000061035156,187.6000061035156,34037,185.9000015258789,191.0999984741211,198.0250015258789,188.25,193.1999969482422,-1,1,,,0.0,0.0, , ,0.0,0.0, , 
292,2020-09-24 13:00:00+02:00,187.6000061035156,187.8000030517578,186.8999938964844,187.1999969482422,187.1999969482422,46159,185.9000015258789,190.6500015258789,197.9250030517578,188.25,192.6999969482422,-1,1,,,0.0,0.0, , ,0.0,0.0, , 
293,2020-09-24 14:00:00+02:00,187.6000061035156,187.6999969482422,185.8999938964844,186.1000061035156,186.1000061035156,51789,185.9000015258789,190.5500030517578,197.9250030517578,188.25,193.1999969482422,-1,1,,,0.0,0.0, , ,0.0,0.0, , 
294,2020-09-24 15:00:00+02:00,186.5,187.0,185.6999969482422,187.0,187.0,85814,185.9000015258789,190.45000457763672,197.9250030517578,188.25,192.0,-1,1,,,0.0,0.0, , ,0.0,0.0, , 
295,2020-09-24 16:00:00+02:00,186.6000061035156,186.6999969482422,186.6000061035156,186.6999969482422,186.6999969482422,0,185.9000015258789,190.3000030517578,197.8000030517578,188.25,192.0,-1,1,,,0.0,0.0, , ,0.0,0.0, , 
296,2020-09-25 09:00:00+02:00,187.3000030517578,190.8999938964844,187.3000030517578,190.3000030517578,190.3000030517578,62482,187.4499969482422,189.5500030517578,197.4000015258789,188.25,190.5,0,1,,-1.0,0.0,0.0, , ,0.0,0.0, , 
297,2020-09-25 10:00:00+02:00,189.0,191.3999938964844,189.0,190.1999969482422,190.1999969482422,172893,188.54999542236328,187.3499984741211,197.4000015258789,188.25,190.0,0,1,1.0,1.0,0.0,0.0, , ,0.0,0.0, , 
298,2020-09-25 11:00:00+02:00,190.5,191.3999938964844,189.3000030517578,189.8999938964844,189.8999938964844,127886,188.54999542236328,187.4499969482422,193.3000030517578,188.25,190.0,0,1,,,0.0,0.0, , ,0.0,0.0, ,Buy
299,2020-09-25 12:00:00+02:00,190.0,190.1000061035156,188.3999938964844,189.1999969482422,189.1999969482422,132862,188.54999542236328,187.6999969482422,192.75000381469727,188.25,190.0,0,1,,,0.0,0.0, , ,0.0,0.0, , 
300,2020-09-25 13:00:00+02:00,189.1000061035156,189.3999938964844,188.1999969482422,188.3999938964844,188.3999938964844,96120,188.54999542236328,187.6999969482422,192.2750015258789,188.25,190.3999938964844,0,1,,,0.0,0.0, , ,0.0,0.0, , 
301,2020-09-25 14:00:00+02:00,188.3000030517578,189.0,188.1999969482422,189.0,189.0,79948,188.54999542236328,187.6999969482422,192.0500030517578,188.29999542236328,189.6000061035156,0,1,,-1.0,0.0,0.0, , ,0.0,0.0, , 
302,2020-09-25 15:00:00+02:00,188.8000030517578,189.1999969482422,188.6000061035156,188.8000030517578,188.8000030517578,102233,188.54999542236328,187.6999969482422,192.00000381469727,189.75,189.3000030517578,-1,1,,1.0,0.0,0.0, , ,0.0,0.0, , 
303,2020-09-25 16:00:00+02:00,188.8000030517578,189.1000061035156,188.3000030517578,188.6999969482422,188.6999969482422,27087,189.0,187.6999969482422,191.95000457763672,189.8000030517578,188.3999938964844,-1,1,,-1.0,0.0,0.0, , ,0.0,0.0, , 
304,2020-09-28 09:00:00+02:00,191.0,191.1000061035156,190.1999969482422,191.1000061035156,191.1000061035156,15845,189.3499984741211,187.6999969482422,191.87500381469727,190.8500061035156,189.8000030517578,0,1,,1.0,0.0,0.0, , ,0.0,0.0, , 
305,2020-09-28 10:00:00+02:00,190.6999969482422,191.5,190.5,190.8999938964844,190.8999938964844,58637,189.8499984741211,187.75,191.50000381469727,192.3000030517578,189.6000061035156,-1,-1,,,0.0,0.0, , ,0.0,0.0, , 
306,2020-09-28 11:00:00+02:00,191.1000061035156,191.1999969482422,190.8000030517578,190.8999938964844,190.8999938964844,49859,189.8499984741211,187.75,189.22500228881836,192.5,189.5,0,-1,,,0.0,0.0, , ,0.0,0.0, , 
307,2020-09-28 12:00:00+02:00,191.0,191.1999969482422,190.8000030517578,191.1000061035156,191.1000061035156,21124,189.8499984741211,187.75,189.4000015258789,192.5,189.6000061035156,0,-1,,,0.0,0.0, , ,0.0,0.0, , 
308,2020-09-28 13:00:00+02:00,190.8999938964844,191.3000030517578,190.8999938964844,191.1999969482422,191.1999969482422,17223,189.8499984741211,187.75,189.6500015258789,193.4499969482422,189.3999938964844,0,-1,,,0.0,0.0, , ,0.0,0.0, , 
309,2020-09-28 14:00:00+02:00,191.1999969482422,191.5,191.1000061035156,191.3000030517578,191.3000030517578,29338,189.8499984741211,187.75,189.6500015258789,193.4499969482422,188.6000061035156,0,-1,,,0.0,0.0, , ,0.0,0.0, , 
310,2020-09-28 15:00:00+02:00,191.3000030517578,191.3999938964844,190.8000030517578,191.1000061035156,191.1000061035156,36597,189.9000015258789,187.75,189.6500015258789,193.4499969482422,190.0,0,-1,,,0.0,0.0, , ,0.0,0.0, , 
311,2020-09-28 16:00:00+02:00,191.1000061035156,191.3999938964844,190.8999938964844,191.3000030517578,191.3000030517578,19921,189.9000015258789,187.75,189.6500015258789,194.3999938964844,189.3000030517578,0,-1,,,0.0,0.0, , ,0.0,0.0, , 
312,2020-09-29 09:00:00+02:00,192.1000061035156,192.6000061035156,191.1999969482422,192.5,192.5,14019,191.4000015258789,188.3000030517578,189.6500015258789,194.3999938964844,189.6000061035156,0,-1,,,0.0,0.0, , ,0.0,0.0, , 
313,2020-09-29 10:00:00+02:00,191.6999969482422,192.8000030517578,191.6999969482422,192.1999969482422,192.1999969482422,70253,191.6500015258789,188.4000015258789,189.6500015258789,194.8999938964844,189.8999938964844,0,-1,,,0.0,0.0, , ,0.0,0.0, , 
314,2020-09-29 11:00:00+02:00,192.1000061035156,192.8999938964844,192.1000061035156,192.8999938964844,192.8999938964844,36933,191.8499984741211,189.29999542236328,189.5250015258789,195.29999542236328,189.3999938964844,0,-1,,,0.0,0.0, , ,0.0,0.0, , 
315,2020-09-29 12:00:00+02:00,192.3999938964844,193.8000030517578,192.3999938964844,193.6000061035156,193.6000061035156,41432,192.3000030517578,189.75,189.4000015258789,195.5,189.8999938964844,0,-1,,,0.0,0.0, , ,0.0,0.0, , 
316,2020-09-29 13:00:00+02:00,193.6000061035156,193.8999938964844,193.3999938964844,193.8999938964844,193.8999938964844,51032,192.3499984741211,189.79999542236328,188.9000015258789,195.5,190.0,0,-1,,,0.0,0.0, , ,0.0,0.0, , 
317,2020-09-29 14:00:00+02:00,193.3999938964844,193.8999938964844,193.1999969482422,193.1999969482422,193.1999969482422,43150,192.3499984741211,189.79999542236328,188.5,195.5,190.3000030517578,0,-1,,,0.0,0.0, , ,0.0,0.0, , 
318,2020-09-29 15:00:00+02:00,193.6999969482422,193.6999969482422,192.5,192.6999969482422,192.6999969482422,34735,192.3499984741211,189.79999542236328,188.2750015258789,195.5,193.0,0,-1,,,0.0,0.0, , ,0.0,0.0, , 
319,2020-09-29 16:00:00+02:00,192.8000030517578,193.3999938964844,192.8000030517578,193.1999969482422,193.1999969482422,11637,192.3999938964844,189.79999542236328,188.22500228881836,195.5,193.1999969482422,0,-1,,,0.0,0.0, , ,0.0,0.0, , 
320,2020-09-30 09:00:00+02:00,191.1000061035156,193.1000061035156,189.8000030517578,192.0,192.0,16382,191.8499984741211,190.25,188.1750030517578,195.5,193.1000061035156,0,-1,,-1.0,0.0,0.0, , ,0.0,0.0, , 
321,2020-09-30 10:00:00+02:00,192.8000030517578,193.1000061035156,191.6999969482422,192.0,192.0,54703,191.8499984741211,190.5999984741211,188.10000228881836,195.5,193.1999969482422,0,-1,,1.0,0.0,0.0, , ,0.0,0.0, , 
322,2020-09-30 11:00:00+02:00,192.1999969482422,192.1999969482422,190.3000030517578,190.5,190.5,58854,191.8499984741211,191.04999542236328,188.5,195.5,193.1000061035156,0,-1,,,0.0,0.0, , ,0.0,0.0, , 
323,2020-09-30 12:00:00+02:00,190.8999938964844,191.1000061035156,189.8999938964844,190.0,190.0,41218,191.8499984741211,191.04999542236328,187.9499969482422,195.5,193.8000030517578,0,-1,,-1.0,0.0,0.0, , ,0.0,0.0, , 
324,2020-09-30 13:00:00+02:00,190.5,190.8000030517578,189.6999969482422,190.0,190.0,25864,191.79999542236328,191.04999542236328,187.99999618530273,193.45000457763672,194.0,0,-1,,,0.0,0.0, , ,0.0,0.0, , 
325,2020-09-30 14:00:00+02:00,189.8999938964844,190.1000061035156,189.6999969482422,190.0,190.0,43795,191.79999542236328,191.04999542236328,188.12499618530273,193.45000457763672,193.8000030517578,0,-1,,,0.0,0.0, , ,0.0,0.0, , 
326,2020-09-30 15:00:00+02:00,190.0,190.3999938964844,189.6999969482422,190.3999938964844,190.3999938964844,45013,191.6999969482422,191.04999542236328,188.12499618530273,193.45000457763672,193.8999938964844,0,-1,,,0.0,0.0, , ,0.0,0.0, , 
327,2020-09-30 16:00:00+02:00,190.1999969482422,190.3000030517578,189.5,189.6000061035156,189.6000061035156,19295,191.4499969482422,191.0999984741211,188.12499618530273,193.45000457763672,193.6999969482422,0,-1,,,0.0,0.0, , ,0.0,0.0, , 
328,2020-10-01 09:00:00+02:00,190.0,190.6999969482422,189.1000061035156,189.3000030517578,189.3000030517578,20241,191.1000061035156,191.0999984741211,188.12499618530273,193.45000457763672,194.3000030517578,0,-1,,,0.0,0.0, , ,0.0,0.0, , 
329,2020-10-01 10:00:00+02:00,189.6999969482422,189.6999969482422,188.1000061035156,188.3999938964844,188.3999938964844,41295,190.6000061035156,191.0,188.3499984741211,193.45000457763672,194.3000030517578,0,-1,-1.0,,0.0,0.0, , ,0.0,0.0, , 
330,2020-10-01 11:00:00+02:00,188.6999969482422,189.8999938964844,188.1000061035156,189.8000030517578,189.8000030517578,26411,190.1500015258789,191.0,188.52499771118164,193.45000457763672,194.3000030517578,0,-1,,,0.0,0.0, ,Sell,0.0,0.0, , 
331,2020-10-01 12:00:00+02:00,189.0,189.8999938964844,188.8999938964844,189.6000061035156,189.6000061035156,16837,189.6000061035156,191.0,188.79999923706055,193.45000457763672,194.8000030517578,0,-1,,,0.0,0.0, , ,0.0,0.0, , 
332,2020-10-01 13:00:00+02:00,189.5,190.1000061035156,189.3000030517578,189.5,189.5,31838,189.45000457763672,191.0,188.79999923706055,193.45000457763672,195.6999969482422,0,-1,,1.0,0.0,0.0, , ,0.0,0.0, , 
333,2020-10-01 14:00:00+02:00,189.8999938964844,189.8999938964844,189.3000030517578,189.6000061035156,189.6000061035156,24371,189.4000015258789,191.0,188.79999923706055,193.45000457763672,195.0,0,-1,,,0.0,0.0, , ,0.0,0.0, , 
334,2020-10-01 15:00:00+02:00,189.8999938964844,189.8999938964844,188.8999938964844,189.3999938964844,189.3999938964844,51499,189.4000015258789,191.0,188.79999923706055,193.45000457763672,196.6999969482422,0,-1,,,0.0,0.0, , ,0.0,0.0, , 
335,2020-10-01 16:00:00+02:00,189.3000030517578,189.3999938964844,188.6000061035156,188.6000061035156,188.6000061035156,13598,189.4000015258789,191.0,188.79999923706055,193.45000457763672,195.8000030517578,0,-1,,-1.0,0.0,0.0, , ,0.0,0.0, , 
336,2020-10-02 09:00:00+02:00,192.1000061035156,192.1000061035156,189.5,190.0,190.0,20485,190.1000061035156,191.0,188.82500076293945,193.45000457763672,196.8999938964844,0,-1,,1.0,0.0,0.0, , ,0.0,0.0, , 
337,2020-10-02 10:00:00+02:00,190.1000061035156,190.3999938964844,189.3000030517578,189.3000030517578,189.3000030517578,36975,190.1000061035156,191.0,188.82500076293945,193.45000457763672,197.5,0,-1,,,0.0,0.0, , ,0.0,0.0, , 
338,2020-10-02 11:00:00+02:00,189.6000061035156,190.0,189.3000030517578,189.6000061035156,189.6000061035156,27267,190.1000061035156,191.0,189.85000228881836,193.45000457763672,197.8000030517578,0,-1,,-1.0,0.0,0.0, , ,0.0,0.0, , 
339,2020-10-02 12:00:00+02:00,189.6999969482422,190.0,189.3000030517578,189.8999938964844,189.8999938964844,32906,190.3500061035156,191.0,190.0250015258789,193.45000457763672,197.6000061035156,-1,-1,,,0.0,0.0, , ,0.0,0.0, , 
340,2020-10-02 13:00:00+02:00,189.8999938964844,190.0,189.3999938964844,189.3999938964844,189.3999938964844,19609,190.3500061035156,191.0,190.5749969482422,193.45000457763672,196.8000030517578,-1,-1,,,0.0,0.0, , ,0.0,0.0, , 
341,2020-10-02 14:00:00+02:00,189.6000061035156,190.1000061035156,189.3999938964844,189.8999938964844,189.8999938964844,47456,190.3500061035156,191.0,191.0250015258789,193.45000457763672,195.0,-1,-1,,,0.0,0.0, , ,0.0,0.0, , 
342,2020-10-02 15:00:00+02:00,189.3999938964844,191.0,189.3999938964844,190.0,190.0,84752,190.3500061035156,191.0,191.0749969482422,193.45000457763672,196.3999938964844,-1,-1,,,0.0,0.0, , ,0.0,0.0, , 
343,2020-10-02 16:00:00+02:00,190.0,190.5,190.0,190.3000030517578,190.3000030517578,5385,190.3500061035156,190.9000015258789,191.0749969482422,193.45000457763672,195.6999969482422,-1,-1,,,0.0,0.0, , ,0.0,0.0, , 
344,2020-10-05 09:00:00+02:00,192.5,193.5,191.6000061035156,193.0,193.0,20682,191.4000015258789,190.8000030517578,191.0749969482422,193.45000457763672,195.3999938964844,0,-1,1.0,1.0,0.0,0.0, , ,0.0,0.0, , 
345,2020-10-05 10:00:00+02:00,192.8999938964844,193.5,192.8000030517578,193.1999969482422,193.1999969482422,32239,191.4000015258789,190.8000030517578,191.09999465942383,193.45000457763672,195.6000061035156,0,-1,,,0.0,0.0, , ,0.0,0.0, ,Buy
346,2020-10-05 11:00:00+02:00,193.0,193.3000030517578,192.3999938964844,193.1000061035156,193.1000061035156,29996,191.4000015258789,190.8000030517578,191.04999923706055,193.45000457763672,195.5,0,-1,,,0.0,0.0, , ,0.0,0.0, , 
347,2020-10-05 12:00:00+02:00,192.6000061035156,193.3999938964844,192.3999938964844,193.1999969482422,193.1999969482422,26716,191.4000015258789,190.8000030517578,191.2249984741211,193.45000457763672,195.8999938964844,0,-1,,,0.0,0.0, , ,0.0,0.0, , 
348,2020-10-05 13:00:00+02:00,193.3999938964844,193.3999938964844,192.8999938964844,193.1000061035156,193.1000061035156,17785,191.4499969482422,190.8000030517578,191.4499969482422,193.45000457763672,195.5,0,-1,,,0.0,0.0, , ,0.0,0.0, , 
349,2020-10-05 14:00:00+02:00,193.1000061035156,193.8000030517578,192.8999938964844,193.8000030517578,193.8000030517578,39990,191.5999984741211,190.95000457763672,191.4499969482422,193.45000457763672,195.3999938964844,0,-1,,,0.0,0.0, , ,0.0,0.0, , 
350,2020-10-05 15:00:00+02:00,193.5,194.1000061035156,193.3999938964844,194.0,194.0,56462,191.75,191.1000061035156,191.42499542236328,193.45000457763672,194.8000030517578,0,-1,,,0.0,0.0, , ,0.0,0.0, , 
351,2020-10-05 16:00:00+02:00,194.0,194.1999969482422,193.6999969482422,193.8000030517578,193.8000030517578,13069,192.0999984741211,191.1500015258789,191.42499542236328,193.45000457763672,195.1000061035156,1,-1,,,0.0,0.0, , ,0.0,0.0, , 
352,2020-10-06 09:00:00+02:00,195.0,195.0,193.5,193.8999938964844,193.8999938964844,10750,193.3000030517578,191.5500030517578,191.37499618530273,193.45000457763672,195.1999969482422,1,-1,,,0.0,0.0, , ,0.0,0.0, , 
353,2020-10-06 10:00:00+02:00,194.6000061035156,194.6999969482422,193.5,193.6999969482422,193.6999969482422,53096,193.6999969482422,191.5500030517578,191.27499771118164,193.45000457763672,194.8000030517578,1,-1,,,0.0,0.0, , ,0.0,0.0, , 
354,2020-10-06 11:00:00+02:00,194.0,194.3999938964844,193.5,194.3000030517578,194.3000030517578,43813,193.6999969482422,191.5500030517578,191.10000228881836,193.45000457763672,194.6000061035156,1,-1,,,0.0,0.0, , ,0.0,0.0, , 
355,2020-10-06 12:00:00+02:00,194.1999969482422,194.6999969482422,194.1999969482422,194.3000030517578,194.3000030517578,32980,193.6999969482422,191.5500030517578,190.8000030517578,193.45000457763672,193.8000030517578,1,-1,,,0.0,0.0, , ,0.0,0.0, , 
356,2020-10-06 13:00:00+02:00,194.6000061035156,194.6000061035156,194.3000030517578,194.3000030517578,194.3000030517578,41474,193.9499969482422,191.8000030517578,190.57500076293945,193.45000457763672,193.3000030517578,1,-1,,,0.0,0.0, , ,0.0,0.0, , 
357,2020-10-06 14:00:00+02:00,194.6000061035156,194.8000030517578,194.1999969482422,194.8000030517578,194.8000030517578,28441,193.9499969482422,191.8000030517578,190.3000030517578,193.45000457763672,193.6999969482422,1,-1,,,0.0,0.0, , ,0.0,0.0, , 
358,2020-10-06 15:00:00+02:00,194.6000061035156,195.6999969482422,194.3999938964844,195.6999969482422,195.6999969482422,126964,194.54999542236328,192.1500015258789,190.22500228881836,193.45000457763672,194.8999938964844,1,-1,,,0.0,0.0, , ,0.0,0.0, , 
359,2020-10-06 16:00:00+02:00,195.6000061035156,195.6000061035156,194.8999938964844,195.0,195.0,12838,194.5999984741211,192.1500015258789,190.20000076293945,193.45000457763672,195.1999969482422,1,-1,,,0.0,0.0, , ,0.0,0.0, , 
360,2020-10-07 09:00:00+02:00,196.0,197.6999969482422,195.5,196.6999969482422,196.6999969482422,56368,195.5999984741211,193.1500015258789,190.20000076293945,193.45000457763672,194.8999938964844,1,-1,,,0.0,0.0, , ,0.0,0.0, , 
361,2020-10-07 10:00:00+02:00,196.6999969482422,197.1000061035156,195.1999969482422,195.8000030517578,195.8000030517578,42979,195.5999984741211,193.5,190.20000076293945,193.45000457763672,194.8999938964844,1,-1,,,0.0,0.0, , ,0.0,0.0, , 
362,2020-10-07 11:00:00+02:00,196.0,197.1999969482422,195.1999969482422,196.8999938964844,196.8999938964844,46997,195.5999984741211,193.5,190.5500030517578,193.45000457763672,195.3999938964844,1,-1,,,0.0,0.0, , ,0.0,0.0, , 
363,2020-10-07 12:00:00+02:00,196.5,197.5,196.5,197.5,197.5,48033,195.9499969482422,193.5,190.5500030517578,193.45000457763672,195.3999938964844,1,-1,,,0.0,0.0, , ,0.0,0.0, , 
364,2020-10-07 13:00:00+02:00,197.3000030517578,197.8000030517578,197.1000061035156,197.8000030517578,197.8000030517578,40858,196.0,193.5500030517578,190.5500030517578,193.45000457763672,195.1000061035156,1,-1,,,0.0,0.0, , ,0.0,0.0, , 
365,2020-10-07 14:00:00+02:00,197.1999969482422,197.8000030517578,196.8999938964844,197.6000061035156,197.6000061035156,33131,196.0,193.5999984741211,190.6750030517578,193.45000457763672,195.5,1,-1,,,0.0,0.0, , ,0.0,0.0, , 
366,2020-10-07 15:00:00+02:00,197.1000061035156,198.1000061035156,196.8000030517578,196.8000030517578,196.8000030517578,61927,196.25,193.75,190.6750030517578,193.45000457763672,196.8999938964844,1,-1,,,0.0,0.0, , ,0.0,0.0, , 
367,2020-10-07 16:00:00+02:00,196.8999938964844,196.8999938964844,195.0,195.0,195.0,27656,196.5,193.75,190.6750030517578,193.1500015258789,197.1999969482422,1,-1,,,0.0,0.0, , ,0.0,0.0, , 
368,2020-10-08 09:00:00+02:00,195.0,197.1000061035156,195.0,196.3999938964844,196.3999938964844,15568,196.5500030517578,194.0500030517578,190.6750030517578,192.0500030517578,196.0,1,-1,,-1.0,0.0,0.0, , ,0.0,0.0, , 
369,2020-10-08 10:00:00+02:00,196.1000061035156,196.8000030517578,195.6999969482422,195.6999969482422,195.6999969482422,50206,196.5500030517578,194.8500061035156,190.62500381469727,191.0999984741211,196.1000061035156,1,-1,,,0.0,0.0, , ,0.0,0.0, , 
370,2020-10-08 11:00:00+02:00,196.3000030517578,196.3999938964844,195.1000061035156,195.3999938964844,195.3999938964844,26912,196.5500030517578,195.25,191.10000228881836,190.6500015258789,195.5,1,1,,,0.0,0.0, , ,0.0,0.0, , 
371,2020-10-08 12:00:00+02:00,195.6999969482422,195.8999938964844,195.3999938964844,195.6000061035156,195.6000061035156,15502,196.5500030517578,195.25,191.10000228881836,190.5500030517578,195.8000030517578,1,1,,,0.0,0.0, , ,0.0,0.0, , 
372,2020-10-08 13:00:00+02:00,195.5,195.6999969482422,195.3000030517578,195.5,195.5,11008,196.5500030517578,195.25,191.10000228881836,190.45000457763672,196.3000030517578,1,1,,,0.0,0.0, , ,0.0,0.0, , 
373,2020-10-08 14:00:00+02:00,195.6000061035156,196.0,195.5,195.8999938964844,195.8999938964844,12924,196.5500030517578,195.5,191.10000228881836,190.3000030517578,195.8999938964844,1,1,,,0.0,0.0, , ,0.0,0.0, , 
374,2020-10-08 15:00:00+02:00,195.8999938964844,196.1000061035156,195.5,195.5,195.5,29947,196.5500030517578,195.5,191.125,189.5500030517578,196.1000061035156,1,1,,,0.0,0.0, , ,0.0,0.0, , 
375,2020-10-08 16:00:00+02:00,195.5,195.6999969482422,195.1999969482422,195.3999938964844,195.3999938964844,10139,196.0500030517578,195.75,191.2750015258789,188.5999984741211,196.5,1,1,,,0.0,0.0, , ,0.0,0.0, , 
376,2020-10-09 09:00:00+02:00,195.0,195.6999969482422,194.3999938964844,194.8000030517578,194.8000030517578,6667,195.75,195.8000030517578,191.4250030517578,188.6999969482422,197.1000061035156,1,1,-1.0,,0.0,0.0, , ,0.0,0.0, , 
377,2020-10-09 10:00:00+02:00,194.8000030517578,196.0,194.8000030517578,195.1000061035156,195.1000061035156,50075,195.5999984741211,195.8000030517578,191.625,188.9499969482422,196.1999969482422,1,1,,,0.0,0.0, ,Sell,0.0,0.0, , 
378,2020-10-09 11:00:00+02:00,196.0,196.0,194.6999969482422,195.1999969482422,195.1999969482422,35895,195.3999938964844,195.8000030517578,192.4250030517578,188.9499969482422,196.6999969482422,1,1,,1.0,0.0,0.0, , ,0.0,0.0, , 
379,2020-10-09 12:00:00+02:00,195.1999969482422,195.5,194.5,194.8000030517578,194.8000030517578,38591,195.25,195.8000030517578,192.625,188.9499969482422,196.6000061035156,1,1,,-1.0,1.0,1.0,Buy, ,0.0,0.0, , 
380,2020-10-09 13:00:00+02:00,194.8000030517578,195.3000030517578,194.5,194.6000061035156,194.6000061035156,40590,195.25,196.1500015258789,192.625,188.9499969482422,196.3000030517578,1,1,,,1.0,0.0, , ,0.0,0.0, , 
381,2020-10-09 14:00:00+02:00,195.1000061035156,195.1999969482422,193.6999969482422,193.8000030517578,193.8000030517578,31829,194.9000015258789,195.9000015258789,192.625,188.9499969482422,195.8999938964844,1,1,,1.0,1.0,0.0, , ,0.0,0.0, , 
382,2020-10-09 15:00:00+02:00,194.5,194.5,193.3000030517578,193.3000030517578,193.3000030517578,67983,194.70000457763672,195.70000457763672,192.875,188.9499969482422,195.6999969482422,1,1,,-1.0,1.0,0.0, , ,0.0,0.0, , 
383,2020-10-09 16:00:00+02:00,193.3000030517578,194.0,193.1999969482422,193.6999969482422,193.6999969482422,18753,194.5999984741211,195.6500015258789,192.875,188.9499969482422,194.8999938964844,1,1,,,1.0,0.0, , ,0.0,0.0, , 
384,2020-10-12 09:00:00+02:00,193.6999969482422,194.8999938964844,193.6000061035156,194.8999938964844,194.8999938964844,25718,194.5999984741211,195.6500015258789,193.3499984741211,188.9499969482422,195.3000030517578,1,1,,,1.0,0.0, , ,0.0,0.0, , 
385,2020-10-12 10:00:00+02:00,193.8999938964844,195.3000030517578,193.8999938964844,195.1999969482422,195.1999969482422,41647,194.5999984741211,195.6500015258789,193.375,188.9499969482422,194.6000061035156,1,1,,,1.0,0.0, , ,0.0,0.0, , 
386,2020-10-12 11:00:00+02:00,195.0,195.6999969482422,194.8000030517578,194.8999938964844,194.8999938964844,39918,194.5999984741211,195.6500015258789,194.375,188.9499969482422,194.6999969482422,1,1,,1.0,1.0,0.0, , ,0.0,0.0, , 
387,2020-10-12 12:00:00+02:00,194.8000030517578,195.3000030517578,194.6000061035156,194.8999938964844,194.8999938964844,27212,194.4499969482422,195.6500015258789,194.54999923706055,188.9499969482422,194.1000061035156,1,1,,,1.0,0.0, , ,0.0,0.0, , 
388,2020-10-12 13:00:00+02:00,194.8999938964844,195.5,194.8000030517578,195.3999938964844,195.3999938964844,31718,194.4499969482422,195.6500015258789,194.54999923706055,188.9499969482422,195.1999969482422,1,1,,,1.0,0.0, , ,0.0,0.0, , 
389,2020-10-12 14:00:00+02:00,195.3999938964844,195.5,195.0,195.3999938964844,195.3999938964844,38288,194.4499969482422,195.6500015258789,194.7249984741211,188.9499969482422,194.3000030517578,1,1,,,1.0,0.0, , ,0.0,0.0, , 
390,2020-10-12 15:00:00+02:00,195.1000061035156,196.1999969482422,195.0,195.1000061035156,195.1000061035156,68897,194.6999969482422,195.6500015258789,194.7750015258789,188.9499969482422,195.6999969482422,1,1,,,1.0,0.0, , ,0.0,0.0, , 
391,2020-10-12 16:00:00+02:00,195.1999969482422,195.5,195.1999969482422,195.5,195.5,10774,194.6999969482422,195.6500015258789,194.79999923706055,188.9499969482422,195.1999969482422,1,1,,,1.0,0.0, , ,0.0,0.0, , 
392,2020-10-13 09:00:00+02:00,196.5,197.1999969482422,195.3999938964844,196.8999938964844,196.8999938964844,13876,195.4000015258789,195.1999969482422,195.0,189.79999542236328,194.1999969482422,1,1,1.0,,1.0,0.0, , ,0.0,0.0, , 
393,2020-10-13 10:00:00+02:00,196.5,197.3000030517578,196.0,197.1999969482422,197.1999969482422,56874,195.5999984741211,195.25,195.125,189.79999542236328,195.0,1,1,,,1.0,0.0, , ,0.0,0.0, ,Buy
394,2020-10-13 11:00:00+02:00,196.1000061035156,197.3000030517578,195.8000030517578,196.0,196.0,46383,195.95000457763672,195.25,195.3000030517578,189.79999542236328,194.8999938964844,1,1,,,1.0,0.0, , ,0.0,0.0, , 
395,2020-10-13 12:00:00+02:00,196.6999969482422,196.6999969482422,195.8000030517578,196.1000061035156,196.1000061035156,37975,195.95000457763672,195.25,195.70000457763672,189.79999542236328,194.8000030517578,1,1,,,1.0,0.0, , ,0.0,0.0, , 
396,2020-10-13 13:00:00+02:00,196.3000030517578,196.6000061035156,195.5,195.5,195.5,27898,196.0500030517578,195.25,195.9000015258789,189.79999542236328,194.1999969482422,0,1,,,1.0,0.0, , ,0.0,0.0, , 
397,2020-10-13 14:00:00+02:00,196.1999969482422,196.1999969482422,195.3000030517578,195.8000030517578,195.8000030517578,35989,196.1500015258789,195.25,195.9000015258789,189.79999542236328,194.5,0,1,,,1.0,0.0, , ,0.0,0.0, , 
398,2020-10-13 15:00:00+02:00,195.5,196.3000030517578,195.3000030517578,196.3000030517578,196.3000030517578,52700,196.1500015258789,195.25,195.9000015258789,190.25,195.8999938964844,0,1,,-1.0,1.0,0.0, , ,0.0,0.0, , 
399,2020-10-13 16:00:00+02:00,196.3000030517578,196.3000030517578,195.8999938964844,195.8999938964844,195.8999938964844,13603,196.25,195.25,196.0250015258789,190.5999984741211,194.6999969482422,0,1,,1.0,1.0,0.0, , ,0.0,0.0, , 
400,2020-10-14 09:00:00+02:00,196.5,196.6999969482422,195.6000061035156,196.1000061035156,196.1000061035156,12459,196.3000030517578,195.25,196.0250015258789,191.0,194.6999969482422,0,1,,,1.0,0.0, , ,0.0,0.0, , 
401,2020-10-14 10:00:00+02:00,196.0,196.6000061035156,195.6999969482422,196.5,196.5,26161,196.3000030517578,195.25,195.9000015258789,191.0,194.3999938964844,0,1,,-1.0,1.0,0.0, , ,0.0,0.0, , 
402,2020-10-14 11:00:00+02:00,196.3000030517578,197.1000061035156,196.1999969482422,197.1000061035156,197.1000061035156,37907,196.3000030517578,195.25,195.7750015258789,191.1000061035156,194.8000030517578,1,1,,,1.0,0.0, , ,0.0,0.0, , 
403,2020-10-14 12:00:00+02:00,196.8000030517578,197.3000030517578,196.0,196.1999969482422,196.1999969482422,32858,196.3000030517578,195.25,195.70000076293945,191.1500015258789,194.0,1,1,,1.0,1.0,0.0, , ,0.0,0.0, , 
404,2020-10-14 13:00:00+02:00,196.5,196.8999938964844,196.0,196.6999969482422,196.6999969482422,27735,196.3000030517578,195.25,195.5999984741211,191.5500030517578,194.1999969482422,1,1,,,1.0,0.0, , ,0.0,0.0, , 
405,2020-10-14 14:00:00+02:00,196.8000030517578,196.8999938964844,196.5,196.6000061035156,196.6000061035156,25833,196.3000030517578,195.25,195.5250015258789,191.5500030517578,193.8999938964844,1,1,,,1.0,0.0, , ,0.0,0.0, , 
406,2020-10-14 15:00:00+02:00,196.6000061035156,196.8999938964844,196.3000030517578,196.3000030517578,196.3000030517578,36866,196.3000030517578,195.25,195.70000076293945,191.5500030517578,201.0,1,1,,,1.0,0.0, , ,0.0,0.0, , 
407,2020-10-14 16:00:00+02:00,196.3000030517578,196.3000030517578,195.8999938964844,195.8999938964844,195.8999938964844,10772,196.45000457763672,195.25,195.4000015258789,191.5500030517578,199.0,1,1,,-1.0,1.0,0.0, , ,0.0,0.0, , 
408,2020-10-15 09:00:00+02:00,195.8000030517578,196.3999938964844,195.1000061035156,195.6999969482422,195.6999969482422,17757,196.20000457763672,195.25,195.20000457763672,191.5500030517578,198.1000061035156,0,1,,,1.0,0.0, , ,0.0,0.0, , 
409,2020-10-15 10:00:00+02:00,195.6999969482422,196.0,194.6999969482422,194.8999938964844,194.8999938964844,78720,196.0,195.45000457763672,195.125,191.5500030517578,196.0,0,1,,,1.0,0.0, , ,0.0,0.0, , 
410,2020-10-15 11:00:00+02:00,195.3999938964844,196.0,194.3000030517578,195.3000030517578,195.3000030517578,76149,195.8000030517578,195.5999984741211,195.125,191.9000015258789,195.5,0,1,,,1.0,0.0, , ,0.0,0.0, , 
411,2020-10-15 12:00:00+02:00,195.1999969482422,195.5,194.6000061035156,194.6000061035156,194.6000061035156,26583,195.8000030517578,195.8000030517578,195.125,191.9000015258789,195.1000061035156,0,1,,,1.0,0.0, , ,0.0,0.0, , 
412,2020-10-15 13:00:00+02:00,195.1000061035156,195.3000030517578,194.3000030517578,194.6999969482422,194.6999969482422,28749,195.5999984741211,195.8000030517578,195.125,192.9000015258789,196.1000061035156,0,1,-1.0,,1.0,0.0, , ,0.0,0.0, , 
413,2020-10-15 14:00:00+02:00,195.1000061035156,195.3000030517578,193.1000061035156,194.1000061035156,194.1000061035156,32147,195.0,195.20000457763672,195.04999923706055,192.9000015258789,196.6999969482422,0,1,,1.0,0.0,-1.0, ,Sell,0.0,0.0, , 
414,2020-10-15 15:00:00+02:00,193.5,195.1999969482422,193.1000061035156,195.1999969482422,195.1999969482422,69520,195.0,195.20000457763672,195.04999923706055,192.9000015258789,195.5,0,1,,-1.0,0.0,0.0, , ,0.0,0.0, , 
415,2020-10-15 16:00:00+02:00,195.0,195.1000061035156,194.1999969482422,194.3000030517578,194.3000030517578,12802,194.75,195.20000457763672,195.04999923706055,192.9000015258789,196.3999938964844,0,1,,1.0,0.0,0.0, , ,0.0,0.0, , 
416,2020-10-16 09:00:00+02:00,194.5,196.3999938964844,194.5,195.6999969482422,195.6999969482422,18520,194.75,195.20000457763672,195.17499923706055,192.95000457763672,196.1999969482422,0,1,,-1.0,0.0,0.0, , ,0.0,0.0, , 
417,2020-10-16 10:00:00+02:00,195.5,196.3999938964844,194.8000030517578,195.1999969482422,195.1999969482422,62762,194.75,195.20000457763672,195.17499923706055,192.95000457763672,196.6999969482422,0,1,,1.0,0.0,0.0, , ,0.0,0.0, , 
418,2020-10-16 11:00:00+02:00,194.8000030517578,195.1999969482422,194.0,194.1999969482422,194.1999969482422,57393,194.75,195.20000457763672,195.29999923706055,193.1000061035156,196.1999969482422,0,1,,,0.0,0.0, , ,0.0,0.0, , 
419,2020-10-16 12:00:00+02:00,194.3999938964844,195.6000061035156,194.0,195.0,195.0,56054,194.75,195.20000457763672,195.42499923706055,193.1000061035156,194.6999969482422,0,1,,-1.0,0.0,0.0, , ,0.0,0.0, , 
420,2020-10-16 13:00:00+02:00,195.1999969482422,195.3999938964844,194.3999938964844,194.8999938964844,194.8999938964844,38133,194.75,195.20000457763672,195.60000228881836,193.1000061035156,194.8000030517578,0,1,,1.0,0.0,0.0, , ,0.0,0.0, , 
421,2020-10-16 14:00:00+02:00,194.8999938964844,195.1000061035156,194.3000030517578,194.8000030517578,194.8000030517578,38606,194.75,195.20000457763672,195.60000228881836,193.1000061035156,194.5,0,1,,,0.0,0.0, , ,0.0,0.0, , 
422,2020-10-16 15:00:00+02:00,194.6999969482422,195.0,193.8999938964844,194.1999969482422,194.1999969482422,57492,194.75,195.20000457763672,195.6500015258789,193.1000061035156,192.6999969482422,0,1,,-1.0,0.0,0.0, , ,0.0,0.0, , 
423,2020-10-16 16:00:00+02:00,194.1999969482422,194.6000061035156,194.1999969482422,194.5,194.5,14533,195.1499938964844,195.20000457763672,195.70000076293945,193.1000061035156,192.6999969482422,0,1,,,0.0,0.0, , ,0.0,0.0, , 
424,2020-10-19 09:00:00+02:00,194.6999969482422,196.3999938964844,194.6999969482422,195.8999938964844,195.8999938964844,29080,195.1499938964844,195.20000457763672,195.70000076293945,193.1000061035156,192.6000061035156,0,1,,,0.0,0.0, , ,0.0,0.0, , 
425,2020-10-19 10:00:00+02:00,195.1000061035156,196.3000030517578,194.6000061035156,194.6999969482422,194.6999969482422,50430,195.1499938964844,195.20000457763672,195.75,193.1000061035156,193.3999938964844,0,1,,,0.0,0.0, , ,0.0,0.0, , 
426,2020-10-19 11:00:00+02:00,194.8999938964844,195.8000030517578,194.6000061035156,194.6999969482422,194.6999969482422,35359,195.1499938964844,195.20000457763672,195.7750015258789,193.1000061035156,193.8000030517578,0,1,,,0.0,0.0, , ,0.0,0.0, , 
427,2020-10-19 12:00:00+02:00,195.1000061035156,195.1999969482422,194.3999938964844,194.3999938964844,194.3999938964844,21311,195.1499938964844,195.20000457763672,195.7750015258789,193.1000061035156,193.1999969482422,0,1,,,0.0,0.0, , ,0.0,0.0, , 
428,2020-10-19 13:00:00+02:00,194.6999969482422,194.8999938964844,194.3000030517578,194.8000030517578,194.8000030517578,34785,195.1499938964844,195.20000457763672,195.7750015258789,193.1000061035156,192.6999969482422,0,1,,,0.0,0.0, , ,0.0,0.0, , 
429,2020-10-19 14:00:00+02:00,194.6000061035156,194.8999938964844,193.8999938964844,194.0,194.0,40903,195.1499938964844,195.0,195.7750015258789,193.1000061035156,192.8999938964844,0,1,1.0,,0.0,0.0, , ,0.0,0.0, , 
430,2020-10-19 15:00:00+02:00,194.3000030517578,194.3999938964844,193.6000061035156,194.1999969482422,194.1999969482422,88783,195.0,195.0,195.7750015258789,193.1000061035156,193.1000061035156,0,1,,,0.0,0.0, , ,0.0,0.0, ,Buy
431,2020-10-19 16:00:00+02:00,194.1000061035156,194.3000030517578,193.8000030517578,193.8999938964844,193.8999938964844,17321,195.0,195.0,195.7750015258789,193.1000061035156,193.0,0,1,,,0.0,0.0, , ,0.0,0.0, , 
432,2020-10-20 09:00:00+02:00,199.8999938964844,203.3999938964844,199.0,201.0,201.0,197754,198.5,198.25,195.7750015258789,193.1000061035156,192.8999938964844,1,1,1.0,1.0,0.0,0.0, , ,0.0,0.0, , 
433,2020-10-20 10:00:00+02:00,201.1999969482422,201.3999938964844,198.5,199.0,199.0,180532,198.5,198.25,195.85000228881836,193.1000061035156,192.8999938964844,1,1,,,1.0,1.0,Buy, ,0.0,0.0, ,Buy
434,2020-10-20 11:00:00+02:00,199.6000061035156,199.6000061035156,198.0,198.1000061035156,198.1000061035156,95562,198.5,198.25,195.72500228881836,193.3500061035156,192.1000061035156,1,1,,,1.0,0.0, , ,0.0,0.0, , 
435,2020-10-20 12:00:00+02:00,199.0,199.1000061035156,195.8999938964844,196.0,196.0,93729,198.5,198.25,195.72500228881836,193.3500061035156,191.5,1,1,,,1.0,0.0, , ,0.0,0.0, , 
436,2020-10-20 13:00:00+02:00,197.0,197.0,194.8999938964844,195.5,195.5,61499,198.5,198.25,195.70000076293945,193.3500061035156,191.5,0,1,,-1.0,1.0,0.0, , ,0.0,0.0, , 
437,2020-10-20 14:00:00+02:00,195.6999969482422,195.8000030517578,194.5,195.1000061035156,195.1000061035156,77206,198.5,198.25,195.8000030517578,193.3500061035156,191.6999969482422,0,1,,,1.0,0.0, , ,0.0,0.0, , 
438,2020-10-20 15:00:00+02:00,194.8999938964844,196.1000061035156,194.5,196.1000061035156,196.1000061035156,97126,198.5,198.25,195.70000076293945,193.3500061035156,189.6999969482422,0,1,,,1.0,0.0, , ,0.0,0.0, , 
439,2020-10-20 16:00:00+02:00,196.3000030517578,197.8999938964844,196.3000030517578,196.6999969482422,196.6999969482422,54368,198.5999984741211,198.25,195.10000228881836,193.70000457763672,189.6000061035156,1,1,,,1.0,0.0, , ,0.0,0.0, , 
440,2020-10-21 09:00:00+02:00,199.0,199.6999969482422,194.8999938964844,195.5,195.5,67351,198.9499969482422,198.5,195.10000228881836,193.70000457763672,188.6000061035156,0,1,,1.0,1.0,0.0, , ,0.0,0.0, , 
441,2020-10-21 10:00:00+02:00,196.8000030517578,196.8000030517578,194.8999938964844,196.3999938964844,196.3999938964844,147642,197.9499969482422,198.5,194.97500228881836,193.70000457763672,189.1999969482422,0,1,-1.0,-1.0,1.0,0.0, , ,0.0,0.0, , 
442,2020-10-21 11:00:00+02:00,195.1999969482422,197.0,195.1000061035156,196.1999969482422,196.1999969482422,82021,197.0999984741211,198.5,194.97500228881836,193.70000457763672,188.8999938964844,1,1,,,0.0,-1.0, ,Sell,0.0,0.0, , 
443,2020-10-21 12:00:00+02:00,196.3999938964844,197.3999938964844,196.0,196.6999969482422,196.6999969482422,75865,197.0999984741211,198.5,194.97500228881836,193.75,189.1999969482422,1,1,,,0.0,0.0, , ,0.0,0.0, , 
444,2020-10-21 13:00:00+02:00,197.0,197.3999938964844,195.8999938964844,196.1999969482422,196.1999969482422,52829,197.0999984741211,198.5,194.97500228881836,193.75,187.3000030517578,1,1,,,0.0,0.0, , ,0.0,0.0, , 
445,2020-10-21 14:00:00+02:00,196.3999938964844,196.5,194.6999969482422,194.6999969482422,194.6999969482422,79440,197.0999984741211,198.5,194.97500228881836,193.75,187.5,0,1,,,0.0,0.0, , ,0.0,0.0, , 
446,2020-10-21 15:00:00+02:00,195.0,195.1999969482422,194.5,194.8000030517578,194.8000030517578,99554,197.0999984741211,198.5,194.97500228881836,194.0500030517578,185.6999969482422,0,1,,,0.0,0.0, , ,0.0,0.0, , 
447,2020-10-21 16:00:00+02:00,194.6999969482422,194.8999938964844,194.3999938964844,194.5,194.5,29237,197.04999542236328,198.5,194.97500228881836,194.8500061035156,185.8000030517578,0,1,,,0.0,0.0, , ,0.0,0.0, , 
448,2020-10-22 09:00:00+02:00,194.1999969482422,194.5,191.8000030517578,192.6999969482422,192.6999969482422,29169,195.75,197.5999984741211,194.97500228881836,195.25,186.6999969482422,-1,-1,,,0.0,0.0, , ,0.0,0.0, , 
449,2020-10-22 10:00:00+02:00,192.1000061035156,193.1999969482422,191.8999938964844,192.6999969482422,192.6999969482422,66178,194.5999984741211,197.5999984741211,195.17499923706055,195.25,187.8999938964844,-1,-1,,,0.0,0.0, , ,0.0,0.0, , 
450,2020-10-22 11:00:00+02:00,192.8999938964844,193.0,192.1000061035156,192.6000061035156,192.6000061035156,54806,194.5999984741211,197.5999984741211,195.17499923706055,195.25,188.0,-1,-1,,,0.0,0.0, , ,0.0,0.0, , 
451,2020-10-22 12:00:00+02:00,192.1999969482422,193.3999938964844,192.1999969482422,193.3999938964844,193.3999938964844,47761,194.5999984741211,197.5999984741211,195.17499923706055,195.5,186.8000030517578,-1,-1,,,0.0,0.0, , ,0.0,0.0, , 
452,2020-10-22 13:00:00+02:00,193.1000061035156,193.8999938964844,192.5,193.8000030517578,193.8000030517578,63289,194.5999984741211,197.5999984741211,195.17499923706055,195.5,186.3000030517578,-1,-1,,,0.0,0.0, , ,0.0,0.0, , 
453,2020-10-22 14:00:00+02:00,193.8000030517578,193.8999938964844,192.5,193.1999969482422,193.1999969482422,49019,194.1500015258789,197.5999984741211,195.17499923706055,195.6500015258789,186.3000030517578,-1,-1,,,0.0,0.0, , ,0.0,0.0, , 
454,2020-10-22 15:00:00+02:00,193.6000061035156,193.6999969482422,192.6000061035156,192.6999969482422,192.6999969482422,57485,193.5,197.5999984741211,195.17499923706055,195.6500015258789,184.5,-1,-1,,1.0,0.0,0.0, , ,0.0,0.0, , 
455,2020-10-22 16:00:00+02:00,192.8000030517578,192.8999938964844,192.5,192.8999938964844,192.8999938964844,13657,193.3499984741211,197.5999984741211,195.0749969482422,195.6500015258789,185.6000061035156,-1,-1,,-1.0,0.0,0.0, , ,0.0,0.0, , 
456,2020-10-23 09:00:00+02:00,193.0,193.8999938964844,191.6999969482422,193.1000061035156,193.1000061035156,93144,193.0999984741211,197.54999542236328,195.0,195.6500015258789,184.8999938964844,-1,-1,,,0.0,0.0, , ,-1.0,-1.0,Sell, 
457,2020-10-23 10:00:00+02:00,192.1999969482422,193.8999938964844,192.1999969482422,193.0,193.0,60115,192.79999542236328,197.54999542236328,195.0,195.6500015258789,183.6000061035156,-1,-1,,,0.0,0.0, , ,-1.0,0.0, , 
458,2020-10-23 11:00:00+02:00,193.1999969482422,193.1999969482422,192.6999969482422,192.8999938964844,192.8999938964844,51809,192.79999542236328,196.54999542236328,198.375,195.6500015258789,182.6999969482422,-1,1,,1.0,0.0,0.0, , ,-1.0,0.0, , 
459,2020-10-23 12:00:00+02:00,192.8999938964844,193.1999969482422,192.3999938964844,192.8999938964844,192.8999938964844,41824,192.79999542236328,195.6999969482422,198.375,195.6500015258789,183.3999938964844,-1,1,,,0.0,0.0, , ,-1.0,0.0, , 
460,2020-10-23 13:00:00+02:00,192.8000030517578,193.1999969482422,192.1000061035156,192.1000061035156,192.1000061035156,43672,192.79999542236328,195.6999969482422,198.375,195.6500015258789,182.5,-1,1,,,0.0,0.0, , ,-1.0,0.0, , 
461,2020-10-23 14:00:00+02:00,192.3000030517578,192.3999938964844,191.3000030517578,191.5,191.5,67929,192.5999984741211,195.5,198.375,195.6500015258789,182.8999938964844,-1,1,,-1.0,0.0,0.0, , ,-1.0,0.0, , 
462,2020-10-23 15:00:00+02:00,191.6000061035156,191.8000030517578,191.1000061035156,191.5,191.5,78152,192.5,195.4000015258789,198.375,195.6500015258789,182.3999938964844,-1,1,,,0.0,0.0, , ,-1.0,0.0, , 
463,2020-10-23 16:00:00+02:00,191.6000061035156,192.0,191.6000061035156,191.6999969482422,191.6999969482422,15806,192.5,195.4000015258789,198.375,195.6500015258789,183.3000030517578,-1,1,,,0.0,0.0, , ,-1.0,0.0, , 
464,2020-10-26 09:00:00+01:00,191.0,191.0,189.0,189.6999969482422,189.6999969482422,19163,191.4499969482422,194.3499984741211,198.375,195.6500015258789,182.8999938964844,-1,1,,,0.0,0.0, , ,-1.0,0.0, , 
465,2020-10-26 10:00:00+01:00,189.5,190.6000061035156,189.0,189.6000061035156,189.6000061035156,42175,191.4499969482422,194.3499984741211,198.42499923706055,195.6000061035156,181.5,-1,1,,,0.0,0.0, , ,-1.0,0.0, , 
466,2020-10-26 11:00:00+01:00,190.3999938964844,190.3999938964844,188.6000061035156,188.6000061035156,188.6000061035156,27615,190.9000015258789,193.0,198.7249984741211,195.6000061035156,181.3999938964844,-1,1,,,0.0,0.0, , ,-1.0,0.0, , 
467,2020-10-26 12:00:00+01:00,189.1000061035156,189.5,188.6000061035156,189.1999969482422,189.1999969482422,35227,190.9000015258789,193.0,198.2249984741211,195.6000061035156,181.5,-1,1,,,0.0,0.0, , ,-1.0,0.0, , 
468,2020-10-26 13:00:00+01:00,189.1000061035156,189.5,188.6999969482422,188.8999938964844,188.8999938964844,48527,190.9000015258789,193.0,197.79999923706055,195.6000061035156,183.1999969482422,-1,1,,,0.0,0.0, , ,-1.0,0.0, , 
469,2020-10-26 14:00:00+01:00,189.1000061035156,189.1999969482422,188.5,189.1999969482422,189.1999969482422,42663,190.4499969482422,192.9499969482422,197.79999923706055,195.6000061035156,183.5,-1,1,,,0.0,0.0, , ,-1.0,0.0, , 
470,2020-10-26 15:00:00+01:00,188.8999938964844,189.5,186.8999938964844,187.3000030517578,187.3000030517578,88084,189.4499969482422,191.6999969482422,197.79999923706055,195.20000457763672,182.1999969482422,-1,1,,,0.0,0.0, , ,-1.0,0.0, , 
471,2020-10-26 16:00:00+01:00,187.3000030517578,188.3000030517578,187.1999969482422,187.5,187.5,27733,189.4499969482422,191.04999542236328,197.79999923706055,195.20000457763672,181.1999969482422,-1,1,,,0.0,0.0, , ,-1.0,0.0, , 
472,2020-10-27 09:00:00+01:00,187.6000061035156,188.1999969482422,185.6000061035156,185.6999969482422,185.6999969482422,30719,188.3000030517578,190.25,197.79999923706055,195.20000457763672,181.3999938964844,-1,1,,,0.0,0.0, , ,-1.0,0.0, , 
473,2020-10-27 10:00:00+01:00,185.6999969482422,186.1999969482422,185.1000061035156,185.8000030517578,185.8000030517578,62878,187.8500061035156,189.8000030517578,197.77499771118164,195.20000457763672,181.8999938964844,-1,1,,,0.0,0.0, , ,-1.0,0.0, , 
474,2020-10-27 11:00:00+01:00,185.3000030517578,186.6999969482422,185.1999969482422,186.6999969482422,186.6999969482422,43973,187.75,189.5,196.67499923706055,195.20000457763672,181.3999938964844,-1,1,,,0.0,0.0, , ,-1.0,0.0, , 
475,2020-10-27 12:00:00+01:00,186.5,187.8999938964844,186.1000061035156,187.8999938964844,187.8999938964844,40386,187.3000030517578,189.5,196.0999984741211,195.20000457763672,182.0,-1,1,,,0.0,0.0, , ,-1.0,0.0, , 
476,2020-10-27 13:00:00+01:00,187.6999969482422,188.3999938964844,187.3000030517578,188.0,188.0,52481,187.3000030517578,189.5,196.0999984741211,195.20000457763672,181.3000030517578,-1,1,,1.0,0.0,0.0, , ,-1.0,0.0, , 
477,2020-10-27 14:00:00+01:00,188.1999969482422,188.3999938964844,186.3999938964844,186.8000030517578,186.8000030517578,46339,187.3000030517578,189.5,196.0999984741211,195.20000457763672,181.6000061035156,-1,1,,,0.0,0.0, , ,-1.0,0.0, , 
478,2020-10-27 15:00:00+01:00,187.6000061035156,187.6000061035156,185.6000061035156,186.3000030517578,186.3000030517578,68929,187.3000030517578,189.5,196.0999984741211,195.20000457763672,182.1999969482422,-1,1,,,0.0,0.0, , ,-1.0,0.0, , 
479,2020-10-27 16:00:00+01:00,186.1999969482422,186.3999938964844,185.8999938964844,186.3000030517578,186.3000030517578,17432,186.75,189.5,195.875,195.20000457763672,182.3999938964844,-1,1,,-1.0,0.0,0.0, , ,-1.0,0.0, , 
480,2020-10-28 09:00:00+01:00,186.8000030517578,186.8000030517578,184.1999969482422,184.5,184.5,45276,186.29999542236328,189.04999542236328,195.54999923706055,195.20000457763672,182.0,-1,1,,1.0,0.0,0.0, , ,-1.0,0.0, , 
481,2020-10-28 10:00:00+01:00,185.5,185.6000061035156,184.1999969482422,185.6000061035156,185.6000061035156,72744,186.29999542236328,189.04999542236328,195.4749984741211,195.20000457763672,182.8000030517578,-1,1,,-1.0,0.0,0.0, , ,-1.0,0.0, , 
482,2020-10-28 11:00:00+01:00,185.1000061035156,185.6000061035156,184.8999938964844,184.8999938964844,184.8999938964844,48935,186.29999542236328,189.04999542236328,195.3249969482422,195.20000457763672,182.3000030517578,-1,1,,,0.0,0.0, , ,-1.0,0.0, , 
483,2020-10-28 12:00:00+01:00,185.0,185.3999938964844,183.6000061035156,183.6000061035156,183.6000061035156,52271,186.0,188.4000015258789,195.17499542236328,195.20000457763672,183.1000061035156,-1,-1,,,0.0,0.0, , ,-1.0,0.0, , 
484,2020-10-28 13:00:00+01:00,184.1999969482422,184.5,182.3999938964844,182.6999969482422,182.6999969482422,48230,185.3999938964844,187.79999542236328,194.67499542236328,198.25,183.8999938964844,-1,-1,,,0.0,0.0, , ,-1.0,0.0, , 
485,2020-10-28 14:00:00+01:00,183.8000030517578,183.8000030517578,182.3999938964844,183.3999938964844,183.3999938964844,38998,185.3999938964844,187.79999542236328,194.24999618530273,198.25,184.0,-1,-1,,,0.0,0.0, , ,-1.0,0.0, , 
486,2020-10-28 15:00:00+01:00,183.0,183.8999938964844,181.8000030517578,182.5,182.5,77101,184.70000457763672,187.0999984741211,194.24999618530273,198.25,184.6999969482422,-1,-1,,,0.0,0.0, , ,-1.0,0.0, , 
487,2020-10-28 16:00:00+01:00,182.6000061035156,183.0,182.3999938964844,182.8999938964844,182.8999938964844,16124,184.3000030517578,186.9000015258789,194.04999923706055,198.25,184.8999938964844,-1,-1,,,0.0,0.0, , ,-1.0,0.0, , 
488,2020-10-29 09:00:00+01:00,182.6999969482422,184.0,182.3000030517578,182.3999938964844,182.3999938964844,25692,184.3000030517578,186.9000015258789,193.95000076293945,198.25,184.1999969482422,-1,-1,,,0.0,0.0, , ,-1.0,0.0, , 
489,2020-10-29 10:00:00+01:00,183.5,183.5,182.3000030517578,183.3000030517578,183.3000030517578,59759,183.70000457763672,186.4000015258789,193.95000076293945,198.25,183.8999938964844,-1,-1,,,0.0,0.0, , ,-1.0,0.0, , 
490,2020-10-29 11:00:00+01:00,183.3999938964844,183.5,182.5,182.8999938964844,182.8999938964844,49771,183.70000457763672,186.20000457763672,192.89999771118164,198.25,184.1000061035156,-1,-1,,,0.0,0.0, , ,-1.0,0.0, , 
491,2020-10-29 12:00:00+01:00,182.6000061035156,183.0,181.3999938964844,181.5,181.5,48341,183.3999938964844,185.8999938964844,192.89999771118164,198.25,183.6000061035156,-1,-1,,,0.0,0.0, , ,-1.0,0.0, , 
492,2020-10-29 13:00:00+01:00,182.6999969482422,182.6999969482422,181.1999969482422,181.3999938964844,181.3999938964844,35225,182.8499984741211,185.3499984741211,191.95000076293945,198.25,184.6000061035156,-1,-1,,,0.0,0.0, , ,-1.0,0.0, , 
493,2020-10-29 14:00:00+01:00,181.3999938964844,181.6999969482422,180.1999969482422,181.5,181.5,60130,182.0999984741211,184.8499984741211,191.95000076293945,198.25,184.6000061035156,-1,-1,,,0.0,0.0, , ,-1.0,0.0, , 
494,2020-10-29 15:00:00+01:00,181.1000061035156,183.3000030517578,180.1999969482422,183.1999969482422,183.1999969482422,89048,182.0999984741211,184.8499984741211,191.95000076293945,198.25,185.5,-1,-1,,,0.0,0.0, , ,-1.0,0.0, , 
495,2020-10-29 16:00:00+01:00,183.1999969482422,183.5,182.6999969482422,183.5,183.5,24043,182.0999984741211,184.8499984741211,191.6999969482422,198.25,186.6999969482422,-1,-1,,1.0,0.0,0.0, , ,-1.0,0.0, , 
496,2020-10-30 09:00:00+01:00,183.3999938964844,184.0,181.8000030517578,182.1999969482422,182.1999969482422,21425,182.0999984741211,184.29999542236328,190.5749969482422,198.25,187.0,-1,-1,,,0.0,0.0, , ,-1.0,0.0, , 
497,2020-10-30 10:00:00+01:00,183.6000061035156,183.6000061035156,180.6999969482422,181.1999969482422,181.1999969482422,46338,182.0999984741211,184.29999542236328,190.24999618530273,198.25,187.6000061035156,-1,-1,,,0.0,0.0, , ,-1.0,0.0, , 
498,2020-10-30 11:00:00+01:00,181.6000061035156,181.8000030517578,180.6999969482422,181.3999938964844,181.3999938964844,32804,182.0999984741211,184.29999542236328,189.2750015258789,198.25,188.6000061035156,-1,-1,,-1.0,0.0,0.0, , ,-1.0,0.0, , 
499,2020-10-30 12:00:00+01:00,181.6999969482422,181.8999938964844,181.1000061035156,181.8999938964844,181.8999938964844,21194,182.0999984741211,184.29999542236328,188.82500457763672,198.25,188.3999938964844,-1,-1,,,0.0,0.0, , ,-1.0,0.0, , 
500,2020-10-30 13:00:00+01:00,181.3999938964844,181.8999938964844,181.1999969482422,181.3999938964844,181.3999938964844,18413,182.0999984741211,184.29999542236328,188.625,197.5999984741211,187.8999938964844,-1,-1,,,0.0,0.0, , ,-1.0,0.0, , 
501,2020-10-30 14:00:00+01:00,181.3000030517578,182.0,181.1000061035156,182.0,182.0,22501,182.0999984741211,184.29999542236328,188.4000015258789,197.5999984741211,189.1000061035156,-1,-1,,,0.0,0.0, , ,-1.0,0.0, , 
502,2020-10-30 15:00:00+01:00,181.6000061035156,182.5,181.1999969482422,181.3000030517578,181.3000030517578,54478,182.0999984741211,184.29999542236328,188.4000015258789,197.5999984741211,190.0,-1,-1,,,0.0,0.0, , ,-1.0,0.0, , 
503,2020-10-30 16:00:00+01:00,181.3000030517578,181.6000061035156,181.1999969482422,181.6000061035156,181.6000061035156,15132,182.3499984741211,183.9000015258789,188.4000015258789,197.5999984741211,189.5,-1,-1,,,0.0,0.0, , ,-1.0,0.0, , 
504,2020-11-02 09:00:00+01:00,182.6000061035156,182.6999969482422,180.3000030517578,182.1999969482422,182.1999969482422,18327,182.1500015258789,183.5,188.4000015258789,197.5999984741211,190.3000030517578,-1,-1,,1.0,0.0,0.0, , ,-1.0,0.0, , 
505,2020-11-02 10:00:00+01:00,180.3000030517578,183.3999938964844,180.3000030517578,182.3999938964844,182.3999938964844,41165,181.95000457763672,183.5,188.125,197.5999984741211,189.6999969482422,-1,-1,,-1.0,0.0,0.0, , ,-1.0,0.0, , 
506,2020-11-02 11:00:00+01:00,182.6999969482422,183.3999938964844,181.1999969482422,182.0,182.0,49680,181.8499984741211,182.9000015258789,187.67499542236328,197.5999984741211,189.1999969482422,-1,-1,,1.0,0.0,0.0, , ,-1.0,0.0, , 
507,2020-11-02 12:00:00+01:00,181.3000030517578,183.3000030517578,181.1999969482422,182.8000030517578,182.8000030517578,33554,181.8499984741211,182.9000015258789,187.67499542236328,197.5999984741211,188.6999969482422,-1,-1,,-1.0,0.0,0.0, , ,-1.0,0.0, , 
508,2020-11-02 13:00:00+01:00,182.6999969482422,183.3000030517578,182.3000030517578,182.3000030517578,182.3000030517578,22877,181.8499984741211,182.79999542236328,187.67499542236328,197.54999542236328,189.6999969482422,-1,-1,,1.0,0.0,0.0, , ,-1.0,0.0, , 
509,2020-11-02 14:00:00+01:00,182.6000061035156,183.3000030517578,182.1999969482422,183.1000061035156,183.1000061035156,39350,181.8499984741211,182.3499984741211,187.20000076293945,197.54999542236328,189.1999969482422,-1,-1,,,0.0,0.0, , ,-1.0,0.0, , 
510,2020-11-02 15:00:00+01:00,183.1000061035156,183.8999938964844,182.6000061035156,183.8999938964844,183.8999938964844,61373,182.0999984741211,182.0999984741211,186.59999465942383,197.54999542236328,190.6000061035156,-1,-1,,,0.0,0.0, , ,-1.0,0.0, , 
511,2020-11-02 16:00:00+01:00,184.0,184.0,183.3000030517578,184.0,184.0,25630,182.1500015258789,182.0999984741211,186.59999465942383,197.54999542236328,191.6999969482422,-1,-1,1.0,,0.0,0.0, , ,-1.0,0.0, , 
512,2020-11-03 09:00:00+01:00,183.8000030517578,185.6000061035156,183.8000030517578,184.6999969482422,184.6999969482422,19803,182.95000457763672,182.9000015258789,185.9000015258789,197.54999542236328,191.5,-1,-1,,,0.0,0.0, , ,0.0,1.0, ,Buy
513,2020-11-03 10:00:00+01:00,185.1999969482422,185.1999969482422,183.6999969482422,184.8999938964844,184.8999938964844,45776,182.95000457763672,182.9000015258789,185.60000228881836,197.3499984741211,191.8999938964844,-1,-1,,,0.0,0.0, , ,0.0,0.0, , 
514,2020-11-03 11:00:00+01:00,184.1999969482422,184.8999938964844,184.0,184.1999969482422,184.1999969482422,67637,183.4000015258789,182.9000015258789,185.60000228881836,197.25,191.0,-1,-1,,,0.0,0.0, , ,0.0,0.0, , 
515,2020-11-03 12:00:00+01:00,184.3999938964844,184.5,183.3000030517578,183.8999938964844,183.8999938964844,92533,183.4000015258789,182.9000015258789,185.0500030517578,197.25,191.5,-1,-1,,,0.0,0.0, , ,0.0,0.0, , 
516,2020-11-03 13:00:00+01:00,183.8000030517578,184.6000061035156,183.3000030517578,184.1000061035156,184.1000061035156,101394,183.9000015258789,182.9000015258789,184.95000457763672,196.1999969482422,191.0,-1,-1,,-1.0,0.0,0.0, , ,0.0,0.0, , 
517,2020-11-03 14:00:00+01:00,184.1999969482422,184.6000061035156,183.3999938964844,183.6000061035156,183.6000061035156,136539,183.9000015258789,182.9000015258789,184.6499938964844,196.1999969482422,191.8000030517578,-1,-1,,1.0,0.0,0.0, , ,-1.0,-1.0,Sell, 
518,2020-11-03 15:00:00+01:00,183.8999938964844,184.6000061035156,183.1000061035156,184.6000061035156,184.6000061035156,137518,184.1000061035156,182.9000015258789,184.0999984741211,196.0,192.3999938964844,0,-1,,-1.0,0.0,0.0, , ,-1.0,0.0, , 
519,2020-11-03 16:00:00+01:00,184.6000061035156,184.8000030517578,184.3000030517578,184.6000061035156,184.6000061035156,35662,184.3500061035156,182.9000015258789,183.4749984741211,196.0,192.6999969482422,0,-1,,1.0,0.0,0.0, , ,-1.0,0.0, , 
520,2020-11-04 09:00:00+01:00,185.1000061035156,186.3999938964844,183.3999938964844,185.5,185.5,24717,184.75,183.3499984741211,183.4749984741211,196.0,192.6999969482422,0,-1,,,0.0,0.0, , ,-1.0,0.0, , 
521,2020-11-04 10:00:00+01:00,186.1000061035156,187.3999938964844,185.1000061035156,186.6999969482422,186.6999969482422,52410,185.25,183.8499984741211,183.4749984741211,195.9499969482422,194.3000030517578,0,-1,,,0.0,0.0, , ,-1.0,0.0, , 
522,2020-11-04 11:00:00+01:00,186.6000061035156,187.3999938964844,186.6000061035156,187.0,187.0,59924,185.25,183.8499984741211,183.1999969482422,195.1499938964844,194.6999969482422,0,-1,,,0.0,0.0, , ,-1.0,0.0, , 
523,2020-11-04 12:00:00+01:00,186.8000030517578,187.8999938964844,186.8000030517578,187.6000061035156,187.6000061035156,29651,185.5,184.0999984741211,183.1999969482422,195.1499938964844,194.3999938964844,0,-1,,,0.0,0.0, , ,-1.0,0.0, , 
524,2020-11-04 13:00:00+01:00,187.3999938964844,188.6999969482422,187.3000030517578,188.6000061035156,188.6000061035156,24965,185.9000015258789,184.5,183.1999969482422,194.5,194.8000030517578,0,-1,,,0.0,0.0, , ,-1.0,0.0, , 
525,2020-11-04 14:00:00+01:00,188.3999938964844,189.5,188.0,188.3999938964844,188.3999938964844,68423,186.3000030517578,184.9000015258789,183.1999969482422,194.25,194.1999969482422,0,-1,,,0.0,0.0, , ,-1.0,0.0, , 
526,2020-11-04 15:00:00+01:00,189.1000061035156,189.1000061035156,187.3000030517578,187.8999938964844,187.8999938964844,79029,186.3000030517578,184.9000015258789,183.1999969482422,194.25,194.5,0,-1,,,0.0,0.0, , ,-1.0,0.0, , 
527,2020-11-04 16:00:00+01:00,188.0,189.1000061035156,188.0,189.1000061035156,189.1000061035156,10233,186.4499969482422,184.9000015258789,183.1999969482422,194.25,193.6000061035156,0,-1,,,0.0,0.0, , ,-1.0,0.0, , 
528,2020-11-05 09:00:00+01:00,190.3000030517578,190.8999938964844,189.1000061035156,190.0,190.0,16893,187.1499938964844,185.5999984741211,183.1999969482422,194.25,191.8000030517578,0,-1,,,0.0,0.0, , ,-1.0,0.0, , 
529,2020-11-05 10:00:00+01:00,189.3999938964844,190.3000030517578,189.1000061035156,189.5,189.5,51853,188.0,185.5999984741211,183.125,194.25,190.8999938964844,0,-1,,,0.0,0.0, , ,-1.0,0.0, , 
530,2020-11-05 11:00:00+01:00,189.5,190.3000030517578,189.3000030517578,190.3000030517578,190.3000030517578,28256,188.75,185.5999984741211,182.82500076293945,194.25,191.3000030517578,0,-1,,,0.0,0.0, , ,-1.0,0.0, , 
531,2020-11-05 12:00:00+01:00,189.6999969482422,190.8000030517578,189.5,189.6999969482422,189.6999969482422,65481,188.8499984741211,186.04999542236328,182.72500228881836,194.25,191.0,0,-1,,,0.0,0.0, , ,-1.0,0.0, , 
532,2020-11-05 13:00:00+01:00,189.8999938964844,189.8999938964844,188.8999938964844,189.1999969482422,189.1999969482422,68046,189.0999984741211,186.04999542236328,182.375,193.79999542236328,190.6000061035156,0,-1,,,0.0,0.0, , ,-1.0,0.0, , 
533,2020-11-05 14:00:00+01:00,189.3999938964844,189.6999969482422,188.6999969482422,188.6999969482422,188.6999969482422,59981,189.0999984741211,186.54999542236328,182.375,193.79999542236328,191.1999969482422,0,-1,,,0.0,0.0, , ,-1.0,0.0, , 
534,2020-11-05 15:00:00+01:00,189.1999969482422,189.8000030517578,188.6999969482422,189.6999969482422,189.6999969482422,110172,189.0999984741211,186.54999542236328,182.3249969482422,193.79999542236328,191.1999969482422,0,-1,,,0.0,0.0, , ,-1.0,0.0, , 
535,2020-11-05 16:00:00+01:00,189.6000061035156,189.6000061035156,188.8999938964844,189.1999969482422,189.1999969482422,20612,189.4499969482422,186.75,182.0999984741211,193.5,192.1000061035156,0,-1,,,0.0,0.0, , ,-1.0,0.0, , 
536,2020-11-06 09:00:00+01:00,189.8000030517578,192.0,189.3000030517578,190.6000061035156,190.6000061035156,39571,190.3499984741211,187.5500030517578,182.0999984741211,191.8999938964844,192.3999938964844,0,-1,,-1.0,0.0,0.0, , ,-1.0,0.0, , 
537,2020-11-06 10:00:00+01:00,191.1000061035156,191.6999969482422,190.1000061035156,191.6999969482422,191.6999969482422,73882,190.3499984741211,187.5500030517578,182.125,191.04999542236328,192.6999969482422,0,-1,,1.0,0.0,0.0, , ,-1.0,0.0, , 
538,2020-11-06 11:00:00+01:00,191.0,192.0,190.8000030517578,191.5,191.5,60146,190.3499984741211,187.5500030517578,182.9250030517578,190.75,192.6000061035156,1,-1,,,0.0,0.0, , ,-1.0,0.0, , 
539,2020-11-06 12:00:00+01:00,192.0,192.0,191.5,191.8999938964844,191.8999938964844,38320,190.3499984741211,187.5500030517578,182.9250030517578,190.75,192.8000030517578,1,-1,,,0.0,0.0, , ,-1.0,0.0, , 
540,2020-11-06 13:00:00+01:00,191.8999938964844,192.0,190.8000030517578,191.0,191.0,38146,190.3499984741211,187.5500030517578,183.1500015258789,190.75,192.3999938964844,1,-1,,,0.0,0.0, , ,-1.0,0.0, , 
541,2020-11-06 14:00:00+01:00,190.8000030517578,191.5,190.8000030517578,191.5,191.5,35517,190.3499984741211,187.5500030517578,183.1500015258789,190.75,192.1999969482422,1,-1,,,0.0,0.0, , ,-1.0,0.0, , 
542,2020-11-06 15:00:00+01:00,191.1000061035156,191.6000061035156,190.6000061035156,191.0,191.0,50347,190.3499984741211,187.5500030517578,183.4000015258789,190.75,190.1999969482422,0,-1,,,0.0,0.0, , ,-1.0,0.0, , 
543,2020-11-06 16:00:00+01:00,190.8999938964844,191.8000030517578,190.8999938964844,191.8000030517578,191.8000030517578,10397,190.4499969482422,187.5500030517578,183.4000015258789,190.54999542236328,190.6000061035156,1,-1,,,0.0,0.0, , ,-1.0,0.0, , 
544,2020-11-09 09:00:00+01:00,192.1999969482422,192.6999969482422,191.8999938964844,192.3999938964844,192.3999938964844,15641,191.0,188.04999542236328,183.50000381469727,189.29999542236328,191.3000030517578,1,-1,,,0.0,0.0, , ,-1.0,0.0, , 
545,2020-11-09 10:00:00+01:00,191.8999938964844,192.8000030517578,191.8999938964844,192.6999969482422,192.6999969482422,114371,191.45000457763672,188.0999984741211,183.62500381469727,188.79999542236328,190.6000061035156,1,-1,,,0.0,0.0, , ,-1.0,0.0, , 
546,2020-11-09 11:00:00+01:00,192.6000061035156,192.8000030517578,192.3999938964844,192.6999969482422,192.6999969482422,18355,191.70000457763672,188.95000457763672,184.04999923706055,188.79999542236328,190.3000030517578,1,-1,,,0.0,0.0, , ,-1.0,0.0, , 
547,2020-11-09 12:00:00+01:00,192.6999969482422,194.6999969482422,192.0,194.3000030517578,194.3000030517578,42216,192.6500015258789,190.6500015258789,184.54999923706055,188.79999542236328,190.3999938964844,1,-1,,,0.0,0.0, , ,-1.0,0.0, , 
548,2020-11-09 13:00:00+01:00,192.3000030517578,197.3000030517578,192.0,194.6999969482422,194.6999969482422,135127,193.95000457763672,192.0500030517578,184.54999923706055,188.3499984741211,190.6000061035156,1,-1,,-1.0,0.0,0.0, , ,-1.0,0.0, , 
549,2020-11-09 14:00:00+01:00,195.6000061035156,195.6000061035156,194.0,194.3999938964844,194.3999938964844,57345,193.95000457763672,192.3000030517578,184.79999923706055,187.6999969482422,190.6000061035156,1,-1,,1.0,0.0,0.0, , ,-1.0,0.0, , 
550,2020-11-09 15:00:00+01:00,195.1999969482422,195.3999938964844,193.8999938964844,194.8000030517578,194.8000030517578,106506,193.95000457763672,192.3000030517578,185.20000076293945,187.54999542236328,190.1000061035156,1,-1,,,0.0,0.0, , ,-1.0,0.0, , 
551,2020-11-09 16:00:00+01:00,194.8000030517578,195.0,193.8999938964844,194.1999969482422,194.1999969482422,38799,194.0999984741211,192.3000030517578,185.60000228881836,187.3499984741211,190.8999938964844,1,-1,,,0.0,0.0, , ,-1.0,0.0, , 
552,2020-11-10 09:00:00+01:00,195.0,195.1000061035156,193.8999938964844,194.5,194.5,25969,194.5999984741211,192.6500015258789,185.60000228881836,187.04999542236328,190.6000061035156,1,-1,,,0.0,0.0, , ,-1.0,0.0, , 
553,2020-11-10 10:00:00+01:00,194.6000061035156,194.6999969482422,193.6000061035156,193.6000061035156,193.6000061035156,88873,194.5999984741211,193.0,185.67499923706055,187.04999542236328,190.5,1,-1,,,0.0,0.0, , ,-1.0,0.0, , 
554,2020-11-10 11:00:00+01:00,194.1999969482422,194.1999969482422,191.6000061035156,191.8000030517578,191.8000030517578,88325,194.45000457763672,193.0,186.37499618530273,187.04999542236328,191.1000061035156,1,-1,,-1.0,0.0,0.0, , ,-1.0,0.0, , 
555,2020-11-10 12:00:00+01:00,193.1000061035156,193.1000061035156,190.6999969482422,190.8999938964844,190.8999938964844,76897,194.0,193.0,186.79999923706055,187.04999542236328,191.0,1,-1,,,0.0,0.0, , ,-1.0,0.0, , 
556,2020-11-10 13:00:00+01:00,190.8000030517578,191.6999969482422,190.6999969482422,191.3000030517578,191.3000030517578,57197,194.0,193.0,187.17499923706055,187.04999542236328,191.5,1,1,,,0.0,0.0, , ,-1.0,0.0, , 
557,2020-11-10 14:00:00+01:00,191.1999969482422,191.8000030517578,190.8999938964844,191.0,191.0,69658,193.1500015258789,193.0,187.4499969482422,187.04999542236328,191.6000061035156,1,1,,,0.0,0.0, , ,-1.0,0.0, , 
558,2020-11-10 15:00:00+01:00,191.8000030517578,191.8000030517578,190.0,190.6000061035156,190.6000061035156,118958,192.6999969482422,193.0,187.5749969482422,187.04999542236328,191.1000061035156,1,1,-1.0,,0.0,0.0, , ,-1.0,0.0, , 
559,2020-11-10 16:00:00+01:00,190.6000061035156,191.1999969482422,190.6000061035156,191.1999969482422,191.1999969482422,22807,192.5500030517578,193.0,187.8249969482422,187.04999542236328,191.1000061035156,1,1,,,0.0,0.0, ,Sell,-1.0,0.0, , 
560,2020-11-11 09:00:00+01:00,191.1999969482422,192.5,191.1000061035156,191.1999969482422,191.1999969482422,30812,192.5500030517578,193.0999984741211,187.8249969482422,187.04999542236328,191.0,1,1,,,0.0,0.0, , ,-1.0,0.0, , 
561,2020-11-11 10:00:00+01:00,191.5,192.3999938964844,191.1000061035156,192.1000061035156,192.1000061035156,43804,192.3499984741211,193.3000030517578,188.0999984741211,186.6999969482422,193.1000061035156,1,1,,,0.0,0.0, , ,-1.0,0.0, , 
562,2020-11-11 11:00:00+01:00,192.0,192.6000061035156,191.6999969482422,192.3999938964844,192.3999938964844,33333,192.0999984741211,193.6500015258789,188.95000076293945,186.6999969482422,193.0,1,1,,,0.0,0.0, , ,-1.0,0.0, , 
563,2020-11-11 12:00:00+01:00,191.8000030517578,193.1000061035156,191.6999969482422,192.6999969482422,192.6999969482422,46756,191.5500030517578,193.6500015258789,188.95000076293945,186.6999969482422,194.1999969482422,1,1,,1.0,0.0,0.0, , ,-1.0,0.0, , 
564,2020-11-11 13:00:00+01:00,193.0,193.1000061035156,192.6000061035156,192.6000061035156,192.6000061035156,32341,191.5500030517578,193.6500015258789,188.95000076293945,186.29999542236328,194.8999938964844,1,1,,,1.0,1.0,Buy, ,-1.0,0.0, , 
565,2020-11-11 14:00:00+01:00,193.0,193.0,192.3999938964844,192.8000030517578,192.8000030517578,29815,191.5500030517578,193.6500015258789,188.95000076293945,186.0999984741211,195.3999938964844,1,1,,,1.0,0.0, , ,-1.0,0.0, , 
566,2020-11-11 15:00:00+01:00,192.6000061035156,192.8999938964844,191.8999938964844,192.3999938964844,192.3999938964844,39937,191.5500030517578,193.6500015258789,188.95000076293945,186.0999984741211,194.1000061035156,1,1,,,1.0,0.0, , ,-1.0,0.0, , 
567,2020-11-11 16:00:00+01:00,192.5,192.5,192.0,192.1999969482422,192.1999969482422,11960,191.8500061035156,193.6500015258789,188.95000076293945,185.5999984741211,194.8999938964844,1,1,,,1.0,0.0, , ,-1.0,0.0, , 
568,2020-11-12 09:00:00+01:00,191.8999938964844,191.8999938964844,190.1000061035156,190.1999969482422,190.1999969482422,15438,191.6000061035156,193.6500015258789,188.95000076293945,185.4000015258789,194.1999969482422,1,1,,,1.0,0.0, , ,-1.0,0.0, , 
569,2020-11-12 10:00:00+01:00,190.5,190.8999938964844,189.8000030517578,190.6000061035156,190.6000061035156,37759,191.45000457763672,193.5500030517578,189.0,185.29999542236328,193.3000030517578,1,1,,-1.0,1.0,0.0, , ,-1.0,0.0, , 
570,2020-11-12 11:00:00+01:00,190.3999938964844,191.8999938964844,189.8000030517578,191.3000030517578,191.3000030517578,90318,191.45000457763672,193.5500030517578,189.52499771118164,184.8499984741211,193.1000061035156,1,1,,,1.0,0.0, , ,-1.0,0.0, , 
571,2020-11-12 12:00:00+01:00,191.3999938964844,191.8999938964844,190.6000061035156,190.6000061035156,190.6000061035156,50762,191.45000457763672,193.5500030517578,189.7750015258789,184.8499984741211,193.6999969482422,1,1,,,1.0,0.0, , ,-1.0,0.0, , 
572,2020-11-12 13:00:00+01:00,191.1000061035156,191.1000061035156,190.1000061035156,190.3000030517578,190.3000030517578,44594,191.45000457763672,193.5500030517578,190.32500457763672,184.8499984741211,192.8000030517578,0,1,,,1.0,0.0, , ,-1.0,0.0, , 
573,2020-11-12 14:00:00+01:00,190.1999969482422,190.5,189.8000030517578,190.3999938964844,190.3999938964844,74841,191.4000015258789,193.5500030517578,191.6500015258789,184.8499984741211,193.5,0,1,,,1.0,0.0, , ,-1.0,0.0, , 
574,2020-11-12 15:00:00+01:00,189.8999938964844,190.8000030517578,189.8999938964844,190.6000061035156,190.6000061035156,93940,191.3499984741211,192.70000457763672,193.00000381469727,184.29999542236328,193.8999938964844,0,1,,,1.0,0.0, , ,-1.0,0.0, , 
575,2020-11-12 16:00:00+01:00,190.5,190.6000061035156,190.3000030517578,190.6000061035156,190.6000061035156,18832,191.1500015258789,192.5999984741211,193.12500381469727,184.29999542236328,193.8999938964844,0,1,,,1.0,0.0, , ,-1.0,0.0, , 
576,2020-11-13 09:00:00+01:00,190.0,191.0,189.8999938964844,190.1000061035156,190.1000061035156,25270,190.8499984741211,192.45000457763672,193.12500381469727,184.4499969482422,193.1999969482422,0,1,,,1.0,0.0, , ,-1.0,0.0, , 
577,2020-11-13 10:00:00+01:00,190.5,190.8999938964844,190.1000061035156,190.8999938964844,190.8999938964844,54455,190.8499984741211,192.45000457763672,193.20000076293945,184.8499984741211,193.1000061035156,0,1,,,1.0,0.0, , ,-1.0,0.0, , 
578,2020-11-13 11:00:00+01:00,190.3000030517578,191.0,190.3000030517578,190.6000061035156,190.6000061035156,40802,190.8499984741211,192.25,193.625,184.8499984741211,193.5,0,1,,,1.0,0.0, , ,-1.0,0.0, , 
579,2020-11-13 12:00:00+01:00,190.5,190.8999938964844,190.3999938964844,190.5,190.5,36188,190.8499984741211,192.0,193.79999923706055,184.8499984741211,193.0,0,1,,,1.0,0.0, , ,-1.0,0.0, , 
580,2020-11-13 13:00:00+01:00,190.6000061035156,191.1000061035156,190.3999938964844,191.1000061035156,191.1000061035156,26896,190.45000457763672,191.45000457763672,193.72500228881836,185.54999542236328,193.0,0,1,,1.0,1.0,0.0, , ,-1.0,0.0, , 
581,2020-11-13 14:00:00+01:00,190.8999938964844,191.3999938964844,190.8000030517578,191.0,191.0,35287,190.5999984741211,191.45000457763672,193.5,185.54999542236328,193.0,0,1,,,1.0,0.0, , ,-1.0,0.0, , 
582,2020-11-13 15:00:00+01:00,191.0,191.6000061035156,190.8999938964844,191.5,191.5,44646,190.75,191.45000457763672,193.5,185.54999542236328,193.5,0,1,,,1.0,0.0, , ,-1.0,0.0, , 
583,2020-11-13 16:00:00+01:00,191.6000061035156,191.6999969482422,191.3999938964844,191.6000061035156,191.6000061035156,14148,190.79999542236328,191.45000457763672,193.07500076293945,185.54999542236328,194.5,0,1,,,1.0,0.0, , ,-1.0,0.0, , 
584,2020-11-16 09:00:00+01:00,191.8999938964844,191.8999938964844,190.6999969482422,191.1000061035156,191.1000061035156,15077,190.8999938964844,191.45000457763672,192.8499984741211,185.54999542236328,194.6000061035156,0,1,,,1.0,0.0, , ,-1.0,0.0, , 
585,2020-11-16 10:00:00+01:00,191.1999969482422,191.5,191.0,191.1000061035156,191.1000061035156,102723,191.0,191.45000457763672,192.7750015258789,185.54999542236328,194.8999938964844,0,1,,,1.0,0.0, , ,-1.0,0.0, , 
586,2020-11-16 11:00:00+01:00,191.1999969482422,191.8999938964844,191.0,191.0,191.0,98002,191.0999984741211,191.45000457763672,192.82500076293945,185.54999542236328,195.0,0,1,,,1.0,0.0, , ,-1.0,0.0, , 
587,2020-11-16 12:00:00+01:00,191.1999969482422,193.1000061035156,191.0,193.1000061035156,193.1000061035156,92108,191.75,191.45000457763672,192.82500076293945,185.54999542236328,194.8999938964844,0,1,1.0,-1.0,1.0,0.0, , ,-1.0,0.0, , 
588,2020-11-16 13:00:00+01:00,191.3000030517578,193.6000061035156,191.3000030517578,193.0,193.0,126241,192.0,191.70000457763672,192.875,186.0999984741211,195.1000061035156,0,1,,,1.0,0.0, , ,0.0,1.0, ,Buy
589,2020-11-16 14:00:00+01:00,192.6000061035156,194.3000030517578,192.5,194.1999969482422,194.1999969482422,118052,192.5,192.0500030517578,192.60000228881836,186.0999984741211,195.0,0,1,,1.0,1.0,0.0, , ,0.0,0.0, , 
590,2020-11-16 15:00:00+01:00,194.1000061035156,194.8999938964844,193.3000030517578,194.8999938964844,194.8999938964844,114822,192.79999542236328,192.3499984741211,192.60000228881836,186.0999984741211,195.8000030517578,1,1,,,1.0,0.0, , ,0.0,0.0, , 
591,2020-11-16 16:00:00+01:00,194.8999938964844,195.3999938964844,194.6999969482422,195.3999938964844,195.3999938964844,23446,193.04999542236328,192.5999984741211,192.60000228881836,186.0999984741211,196.1000061035156,1,1,,,1.0,0.0, , ,0.0,0.0, , 
592,2020-11-17 09:00:00+01:00,195.5,196.1000061035156,193.6000061035156,194.1000061035156,194.1000061035156,20102,193.4000015258789,192.95000457763672,192.60000228881836,186.0999984741211,196.3000030517578,1,1,,,1.0,0.0, , ,0.0,0.0, , 
593,2020-11-17 10:00:00+01:00,195.5,195.5,193.6000061035156,194.8999938964844,194.8999938964844,74679,193.5500030517578,192.95000457763672,192.75000381469727,186.0999984741211,195.8000030517578,1,1,,,1.0,0.0, , ,0.0,0.0, , 
594,2020-11-17 11:00:00+01:00,194.8000030517578,195.1000061035156,193.8999938964844,194.1999969482422,194.1999969482422,48481,193.5500030517578,192.95000457763672,192.62500381469727,186.0999984741211,195.5,1,1,,,1.0,0.0, , ,0.0,0.0, , 
595,2020-11-17 12:00:00+01:00,194.6000061035156,194.6000061035156,193.1000061035156,193.3000030517578,193.3000030517578,35882,193.5500030517578,192.95000457763672,192.50000381469727,186.0999984741211,195.5,1,1,,,1.0,0.0, , ,0.0,0.0, , 
596,2020-11-17 13:00:00+01:00,193.8000030517578,193.8000030517578,192.8999938964844,193.1000061035156,193.1000061035156,46871,193.70000457763672,192.95000457763672,192.50000381469727,186.4499969482422,195.5,1,1,,,1.0,0.0, , ,0.0,0.0, , 
597,2020-11-17 14:00:00+01:00,193.3999938964844,194.0,192.8999938964844,193.6999969482422,193.6999969482422,43250,194.3000030517578,192.95000457763672,192.50000381469727,186.5,195.6999969482422,1,1,,-1.0,1.0,0.0, , ,0.0,0.0, , 
598,2020-11-17 15:00:00+01:00,193.8000030517578,193.8000030517578,192.8000030517578,192.8000030517578,192.8000030517578,75426,194.45000457763672,192.95000457763672,192.50000381469727,186.5500030517578,195.6999969482422,1,1,,,1.0,0.0, , ,0.0,0.0, , 
599,2020-11-17 16:00:00+01:00,192.8999938964844,193.5,192.8999938964844,193.5,193.5,18211,194.45000457763672,193.0,192.47500228881836,187.5,195.5,1,1,,,1.0,0.0, , ,0.0,0.0, , 
600,2020-11-18 09:00:00+01:00,193.6000061035156,194.1999969482422,192.1000061035156,193.8999938964844,193.8999938964844,27943,194.1000061035156,193.0,192.0250015258789,188.8000030517578,194.5,1,1,,,1.0,0.0, , ,0.0,0.0, , 
601,2020-11-18 10:00:00+01:00,193.5,194.5,193.5,193.8999938964844,193.8999938964844,44491,193.8000030517578,193.0,191.875,188.8000030517578,194.1000061035156,1,1,,,1.0,0.0, , ,0.0,0.0, , 
602,2020-11-18 11:00:00+01:00,193.8999938964844,194.1999969482422,192.6999969482422,193.1999969482422,193.1999969482422,44102,193.6000061035156,193.1000061035156,191.6500015258789,188.8000030517578,194.3999938964844,1,1,,1.0,1.0,0.0, , ,0.0,0.0, , 
603,2020-11-18 12:00:00+01:00,193.3000030517578,193.6999969482422,192.6999969482422,193.1000061035156,193.1000061035156,40927,193.3500061035156,193.20000457763672,191.6500015258789,188.8000030517578,194.1999969482422,1,1,,-1.0,1.0,0.0, , ,0.0,0.0, , 
604,2020-11-18 13:00:00+01:00,193.3000030517578,193.8999938964844,193.0,193.5,193.5,52140,193.3000030517578,193.25,191.54999923706055,188.8000030517578,194.1999969482422,1,1,,,1.0,0.0, , ,0.0,0.0, , 
605,2020-11-18 14:00:00+01:00,193.3999938964844,193.8999938964844,192.8999938964844,193.0,193.0,48159,193.3000030517578,193.25,191.42499923706055,188.8000030517578,194.6999969482422,1,1,,1.0,1.0,0.0, , ,0.0,0.0, , 
606,2020-11-18 15:00:00+01:00,193.3000030517578,193.3000030517578,192.8000030517578,193.0,193.0,56050,193.3000030517578,193.4000015258789,190.95000457763672,188.8000030517578,192.0,1,1,-1.0,,1.0,0.0, , ,0.0,0.0, , 
607,2020-11-18 16:00:00+01:00,193.0,193.1000061035156,192.6999969482422,193.0,193.0,14280,193.3000030517578,193.4000015258789,191.0250015258789,188.8000030517578,191.1000061035156,1,1,,-1.0,0.0,-1.0, ,Sell,0.0,0.0, , 
608,2020-11-19 09:00:00+01:00,193.3000030517578,194.1000061035156,192.8999938964844,193.5,193.5,26879,193.3000030517578,193.4000015258789,191.10000228881836,188.8000030517578,190.6000061035156,1,1,,,0.0,0.0, , ,0.0,0.0, , 
609,2020-11-19 10:00:00+01:00,193.3999938964844,194.8000030517578,193.3000030517578,194.5,194.5,73899,193.75,193.4000015258789,191.125,189.25,190.6000061035156,1,1,1.0,-1.0,0.0,0.0, , ,0.0,0.0, , 
610,2020-11-19 11:00:00+01:00,194.3000030517578,194.8999938964844,194.1999969482422,194.6000061035156,194.6000061035156,38775,193.79999542236328,193.5500030517578,191.17499923706055,189.25,191.5,1,1,,1.0,1.0,1.0,Buy, ,0.0,0.0, ,Buy
611,2020-11-19 12:00:00+01:00,194.5,194.8999938964844,194.3999938964844,194.8999938964844,194.8999938964844,31908,193.79999542236328,193.5500030517578,191.22500228881836,189.75,192.0,1,1,,,1.0,0.0, , ,0.0,0.0, , 
612,2020-11-19 13:00:00+01:00,194.5,195.1000061035156,194.5,195.0,195.0,40286,193.9000015258789,193.5500030517578,191.2750015258789,189.75,192.3999938964844,1,1,,,1.0,0.0, , ,0.0,0.0, , 
613,2020-11-19 14:00:00+01:00,195.1000061035156,195.1000061035156,194.8000030517578,194.8999938964844,194.8999938964844,40658,193.9000015258789,193.70000457763672,191.60000228881836,189.95000457763672,192.3000030517578,1,1,,,1.0,0.0, , ,0.0,0.0, , 
614,2020-11-19 15:00:00+01:00,194.8999938964844,195.1000061035156,194.5,195.1000061035156,195.1000061035156,56238,193.9000015258789,194.1000061035156,191.85000228881836,190.20000457763672,192.5,1,1,-1.0,,1.0,0.0, , ,0.0,0.0, , 
615,2020-11-19 16:00:00+01:00,195.1999969482422,195.3999938964844,194.6999969482422,195.0,195.0,23087,194.04999542236328,194.1000061035156,192.2750015258789,190.20000457763672,192.3000030517578,1,1,,,0.0,-1.0, ,Sell,0.0,0.0, , 
616,2020-11-20 09:00:00+01:00,195.6000061035156,196.6000061035156,194.6000061035156,195.8000030517578,195.8000030517578,23254,194.75,194.3500061035156,192.5749969482422,190.20000457763672,192.3000030517578,1,1,1.0,,0.0,0.0, , ,0.0,0.0, , 
617,2020-11-20 10:00:00+01:00,195.3999938964844,196.3000030517578,195.1999969482422,196.1000061035156,196.1000061035156,55760,194.95000457763672,194.3500061035156,192.8249969482422,190.20000457763672,193.0,1,1,,,1.0,1.0,Buy, ,0.0,0.0, ,Buy
618,2020-11-20 11:00:00+01:00,195.8000030517578,196.8000030517578,195.5,196.3000030517578,196.3000030517578,50531,195.5,194.45000457763672,193.1750030517578,190.20000457763672,192.8000030517578,1,1,,,1.0,0.0, , ,0.0,0.0, , 
619,2020-11-20 12:00:00+01:00,196.6999969482422,196.8000030517578,195.6999969482422,195.8000030517578,195.8000030517578,47262,195.5999984741211,194.45000457763672,193.25000381469727,190.20000457763672,192.5,1,1,,,1.0,0.0, , ,0.0,0.0, , 
620,2020-11-20 13:00:00+01:00,195.6999969482422,196.1000061035156,195.3999938964844,195.5,195.5,31473,195.6500015258789,194.45000457763672,193.25000381469727,190.20000457763672,192.3999938964844,1,1,,,1.0,0.0, , ,0.0,0.0, , 
621,2020-11-20 14:00:00+01:00,195.5,195.6000061035156,194.8000030517578,195.5,195.5,43627,195.6500015258789,194.45000457763672,193.25000381469727,190.20000457763672,192.5,1,1,,-1.0,1.0,0.0, , ,0.0,0.0, , 
622,2020-11-20 15:00:00+01:00,194.8999938964844,195.6999969482422,194.8999938964844,195.5,195.5,64341,195.6500015258789,194.45000457763672,193.32500457763672,190.3499984741211,192.3000030517578,1,1,,,1.0,0.0, , ,0.0,0.0, , 
623,2020-11-20 16:00:00+01:00,195.5,195.6999969482422,195.5,195.6999969482422,195.6999969482422,10262,195.70000457763672,194.45000457763672,193.62500381469727,190.3499984741211,192.0,1,1,,,1.0,0.0, , ,0.0,0.0, , 
624,2020-11-23 09:00:00+01:00,196.1999969482422,196.5,195.3999938964844,195.6999969482422,195.6999969482422,19101,195.70000457763672,194.45000457763672,193.70000457763672,191.20000457763672,191.5,1,1,,1.0,1.0,0.0, , ,0.0,0.0, , 
625,2020-11-23 10:00:00+01:00,195.8999938964844,196.3000030517578,194.6999969482422,195.5,195.5,34389,195.75,194.45000457763672,193.72500228881836,191.95000457763672,192.1000061035156,1,1,,,1.0,0.0, , ,0.0,0.0, , 
626,2020-11-23 11:00:00+01:00,194.8999938964844,195.5,194.5,194.5,194.5,29388,195.6500015258789,194.75,193.5500030517578,192.0500030517578,191.0,1,1,,-1.0,1.0,0.0, , ,0.0,0.0, , 
627,2020-11-23 12:00:00+01:00,195.1000061035156,195.1999969482422,194.1000061035156,194.1000061035156,194.1000061035156,23705,195.45000457763672,194.75,193.4000015258789,192.3000030517578,191.3000030517578,1,1,,,1.0,0.0, , ,0.0,0.0, , 
628,2020-11-23 13:00:00+01:00,194.3999938964844,194.5,194.0,194.3999938964844,194.3999938964844,43654,195.25,194.75,193.3500061035156,192.3000030517578,191.0,1,1,,,1.0,0.0, , ,0.0,0.0, , 
629,2020-11-23 14:00:00+01:00,194.1000061035156,194.8999938964844,194.0,194.1999969482422,194.1999969482422,37119,195.25,194.75,193.27500534057617,192.3000030517578,190.6999969482422,1,1,,,1.0,0.0, , ,0.0,0.0, , 
630,2020-11-23 15:00:00+01:00,194.0,194.6999969482422,194.0,194.1999969482422,194.1999969482422,48602,195.25,194.75,193.2750015258789,192.6500015258789,190.0,1,1,,,1.0,0.0, , ,0.0,0.0, , 
631,2020-11-23 16:00:00+01:00,194.1999969482422,194.6999969482422,194.1000061035156,194.6999969482422,194.6999969482422,8493,195.25,194.75,193.2750015258789,193.0,190.8999938964844,1,1,,,1.0,0.0, , ,0.0,0.0, , 
632,2020-11-24 09:00:00+01:00,194.6000061035156,195.1000061035156,191.8000030517578,192.0,192.0,26616,194.1500015258789,194.3000030517578,193.35000228881836,193.0,190.6999969482422,0,1,-1.0,1.0,1.0,0.0, , ,0.0,0.0, , 
633,2020-11-24 10:00:00+01:00,193.1999969482422,193.1999969482422,191.1000061035156,191.1000061035156,191.1000061035156,59924,193.70000457763672,193.95000457763672,193.35000228881836,193.0,190.8000030517578,0,1,,-1.0,0.0,-1.0, ,Sell,0.0,0.0, , 
634,2020-11-24 11:00:00+01:00,191.6000061035156,191.8999938964844,190.3000030517578,190.6000061035156,190.6000061035156,56201,192.9000015258789,193.5500030517578,193.35000228881836,193.0,190.6000061035156,-1,1,,,0.0,0.0, , ,0.0,0.0, , 
635,2020-11-24 12:00:00+01:00,190.8000030517578,191.3000030517578,190.3000030517578,190.6000061035156,190.6000061035156,53543,192.75,193.5500030517578,193.57500076293945,193.0,190.8000030517578,-1,1,,,0.0,0.0, , ,0.0,0.0, , 
636,2020-11-24 13:00:00+01:00,191.1999969482422,191.5,190.5,191.5,191.5,100077,192.70000457763672,193.5500030517578,193.67499923706055,193.0,191.6000061035156,-1,1,,,0.0,0.0, , ,0.0,0.0, , 
637,2020-11-24 14:00:00+01:00,191.0,192.0,190.8000030517578,192.0,192.0,63258,192.70000457763672,193.5500030517578,193.67499923706055,193.0,191.8000030517578,-1,1,,,0.0,0.0, , ,0.0,0.0, , 
638,2020-11-24 15:00:00+01:00,191.3000030517578,192.6000061035156,191.1000061035156,192.3999938964844,192.3999938964844,91393,192.70000457763672,193.5500030517578,193.72500228881836,193.0999984741211,193.3999938964844,-1,1,,,0.0,0.0, , ,0.0,0.0, , 
639,2020-11-24 16:00:00+01:00,192.3000030517578,192.5,192.0,192.3000030517578,192.3000030517578,19421,192.70000457763672,193.5500030517578,193.8000030517578,193.3000030517578,194.3999938964844,-1,1,,,0.0,0.0, , ,0.0,0.0, , 
640,2020-11-25 09:00:00+01:00,192.5,193.3000030517578,192.0,192.5,192.5,28289,192.70000457763672,193.5500030517578,194.00000381469727,193.5500030517578,194.8999938964844,-1,1,,,0.0,0.0, , ,0.0,0.0, , 
641,2020-11-25 10:00:00+01:00,192.6999969482422,192.8999938964844,191.8000030517578,192.3000030517578,192.3000030517578,76596,191.8000030517578,193.5500030517578,194.07500076293945,193.5500030517578,194.3999938964844,-1,1,,1.0,0.0,0.0, , ,0.0,0.0, , 
642,2020-11-25 11:00:00+01:00,192.1999969482422,192.6000061035156,191.8000030517578,192.3000030517578,192.3000030517578,5941,191.8000030517578,193.5500030517578,194.5500030517578,193.5500030517578,194.5,-1,1,,,0.0,0.0, , ,0.0,0.0, , 
643,2020-11-25 12:00:00+01:00,192.3999938964844,193.0,192.1999969482422,193.0,193.0,102182,191.8000030517578,193.5500030517578,194.65000534057617,193.5500030517578,194.1999969482422,-1,1,,,0.0,0.0, , ,0.0,0.0, , 
644,2020-11-25 13:00:00+01:00,192.1999969482422,193.3999938964844,192.1999969482422,192.8000030517578,192.8000030517578,35718,191.9499969482422,193.5500030517578,194.97500228881836,193.5500030517578,193.6999969482422,-1,1,,,0.0,0.0, , ,0.0,0.0, , 
645,2020-11-25 14:00:00+01:00,193.3999938964844,193.3999938964844,192.5,192.5,192.5,40025,192.0999984741211,193.4000015258789,195.0250015258789,193.5500030517578,194.1000061035156,-1,1,,,0.0,0.0, , ,0.0,0.0, , 
646,2020-11-25 15:00:00+01:00,192.6000061035156,192.6999969482422,191.6000061035156,192.3999938964844,192.3999938964844,38696,192.25,193.4000015258789,195.0500030517578,193.5500030517578,193.5,-1,1,,,0.0,0.0, , ,0.0,0.0, , 
647,2020-11-25 16:00:00+01:00,192.3000030517578,192.5,192.1000061035156,192.5,192.5,5365,192.5,193.4000015258789,195.0500030517578,193.5500030517578,192.3000030517578,-1,1,,-1.0,0.0,0.0, , ,0.0,0.0, , 
648,2020-11-26 09:00:00+01:00,193.3000030517578,193.3999938964844,192.3000030517578,192.3000030517578,192.3000030517578,18730,192.5,193.4000015258789,195.0500030517578,193.5500030517578,192.3999938964844,-1,1,,1.0,0.0,0.0, , ,0.0,0.0, , 
649,2020-11-26 10:00:00+01:00,193.3000030517578,193.3000030517578,191.5,192.0,192.0,74310,192.4499969482422,193.4000015258789,195.07500457763672,193.5500030517578,191.6000061035156,-1,1,,,0.0,0.0, , ,0.0,0.0, , 
650,2020-11-26 11:00:00+01:00,191.6000061035156,192.1999969482422,191.5,191.5,191.5,34140,192.4499969482422,193.3000030517578,195.07500457763672,193.5500030517578,192.5,-1,1,,-1.0,0.0,0.0, , ,0.0,0.0, , 
651,2020-11-26 12:00:00+01:00,191.8000030517578,192.1999969482422,191.5,192.1000061035156,192.1000061035156,35571,192.4499969482422,192.9000015258789,195.10000228881836,193.5500030517578,191.6000061035156,-1,1,,,0.0,0.0, , ,0.0,0.0, , 
652,2020-11-26 13:00:00+01:00,191.8000030517578,192.1999969482422,191.0,191.0,191.0,28006,192.1999969482422,192.75,195.20000076293945,192.95000457763672,191.8000030517578,-1,1,,,0.0,0.0, , ,0.0,0.0, , 
653,2020-11-26 14:00:00+01:00,191.1999969482422,191.3000030517578,190.8999938964844,191.3000030517578,191.3000030517578,33998,192.1499938964844,192.70000457763672,195.10000228881836,192.95000457763672,191.1999969482422,-1,1,,,0.0,0.0, , ,0.0,0.0, , 
654,2020-11-26 15:00:00+01:00,191.1000061035156,191.3000030517578,190.8999938964844,191.0,191.0,33544,192.1499938964844,192.70000457763672,195.0,192.95000457763672,191.6999969482422,-1,1,,,0.0,0.0, , ,0.0,0.0, , 
655,2020-11-26 16:00:00+01:00,191.0,191.1000061035156,190.6999969482422,190.6999969482422,190.6999969482422,9214,192.04999542236328,192.70000457763672,195.0,192.95000457763672,191.3999938964844,-1,1,,,0.0,0.0, , ,0.0,0.0, , 
656,2020-11-27 09:00:00+01:00,190.6000061035156,190.6000061035156,189.1000061035156,190.0,190.0,20288,191.25,192.1000061035156,195.0,192.95000457763672,190.1000061035156,-1,1,,,0.0,0.0, , ,0.0,0.0, , 
657,2020-11-27 10:00:00+01:00,190.1000061035156,191.0,190.0,190.8999938964844,190.8999938964844,30739,191.20000457763672,192.1000061035156,195.0,192.95000457763672,190.1999969482422,-1,1,,,0.0,0.0, , ,0.0,0.0, , 
658,2020-11-27 11:00:00+01:00,190.3000030517578,191.0,190.1999969482422,190.6999969482422,190.6999969482422,22517,190.6500015258789,191.25,194.22500228881836,192.95000457763672,190.6999969482422,-1,1,,,0.0,0.0, , ,0.0,0.0, , 
659,2020-11-27 12:00:00+01:00,190.6000061035156,190.8999938964844,190.5,190.8000030517578,190.8000030517578,31826,190.6500015258789,191.25,193.82500457763672,192.95000457763672,190.8000030517578,-1,1,,,0.0,0.0, , ,0.0,0.0, , 
660,2020-11-27 13:00:00+01:00,190.6000061035156,190.8000030517578,190.6000061035156,190.6000061035156,190.6000061035156,24606,190.6500015258789,191.25,193.22500228881836,192.95000457763672,190.8000030517578,-1,1,,,0.0,0.0, , ,0.0,0.0, , 
661,2020-11-27 14:00:00+01:00,190.6999969482422,191.0,190.6000061035156,190.8000030517578,190.8000030517578,21733,190.20000457763672,191.25,193.1500015258789,192.95000457763672,190.6999969482422,-1,1,,1.0,0.0,0.0, , ,0.0,0.0, , 
662,2020-11-27 15:00:00+01:00,190.6999969482422,191.6999969482422,190.6999969482422,191.6000061035156,191.6000061035156,36529,190.4000015258789,191.25,193.12500381469727,192.95000457763672,190.5,-1,1,,,0.0,0.0, , ,0.0,0.0, , 
663,2020-11-27 16:00:00+01:00,191.6000061035156,192.1000061035156,191.3999938964844,191.8000030517578,191.8000030517578,20675,190.6000061035156,191.25,193.12500381469727,192.95000457763672,190.3000030517578,-1,1,,,0.0,0.0, , ,0.0,0.0, , 
664,2020-12-02 09:00:00+01:00,193.3999938964844,194.3999938964844,192.3999938964844,193.3999938964844,193.3999938964844,31344,191.75,191.75,193.12500381469727,192.95000457763672,190.3000030517578,0,1,,,0.0,0.0, , ,0.0,0.0, , 
665,2020-12-02 10:00:00+01:00,193.6000061035156,195.0,193.0,194.3999938964844,194.3999938964844,112377,192.5,192.0500030517578,193.12500381469727,192.95000457763672,190.1999969482422,0,1,1.0,,0.0,0.0, , ,0.0,0.0, , 
666,2020-12-02 11:00:00+01:00,194.1999969482422,195.0,194.0,194.8999938964844,194.8999938964844,80700,192.5999984741211,192.0500030517578,193.12500381469727,192.95000457763672,190.1000061035156,1,1,,,0.0,0.0, , ,0.0,0.0, ,Buy
667,2020-12-02 12:00:00+01:00,194.6000061035156,194.8999938964844,194.1999969482422,194.3999938964844,194.3999938964844,38097,192.75,192.0500030517578,192.6750030517578,192.95000457763672,189.1999969482422,1,-1,,,0.0,0.0, , ,0.0,0.0, , 
668,2020-12-02 13:00:00+01:00,194.8999938964844,194.8999938964844,193.8000030517578,194.5,194.5,45008,192.8000030517578,192.0500030517578,192.6750030517578,193.20000457763672,188.8000030517578,1,-1,,,0.0,0.0, , ,0.0,0.0, , 
669,2020-12-02 14:00:00+01:00,194.1999969482422,194.5,193.8000030517578,194.1999969482422,194.1999969482422,33645,192.8000030517578,192.0500030517578,192.6750030517578,193.20000457763672,188.3999938964844,1,-1,,,0.0,0.0, , ,0.0,0.0, , 
670,2020-12-02 15:00:00+01:00,193.8000030517578,194.3999938964844,193.6999969482422,193.6999969482422,193.6999969482422,52262,192.8499984741211,192.0500030517578,192.75,193.3000030517578,188.6999969482422,1,-1,,,0.0,0.0, , ,0.0,0.0, , 
671,2020-12-02 16:00:00+01:00,193.6999969482422,194.1999969482422,193.6999969482422,194.1000061035156,194.1000061035156,19281,193.1999969482422,192.0500030517578,192.75,193.3000030517578,188.5,1,-1,,,0.0,0.0, , ,0.0,0.0, , 
672,2020-12-03 09:00:00+01:00,194.3000030517578,194.6000061035156,193.1000061035156,193.5,193.5,12396,193.6999969482422,192.0500030517578,192.82500076293945,193.3000030517578,188.8000030517578,0,-1,,,0.0,0.0, , ,0.0,0.0, , 
673,2020-12-03 10:00:00+01:00,193.1999969482422,194.0,192.1000061035156,192.3000030517578,192.3000030517578,69138,193.5500030517578,192.0500030517578,192.95000076293945,193.3000030517578,188.5,0,-1,,-1.0,0.0,0.0, , ,0.0,0.0, , 
674,2020-12-03 11:00:00+01:00,192.5,192.8000030517578,192.0,192.3999938964844,192.3999938964844,63371,193.5,192.0500030517578,192.95000076293945,193.3000030517578,187.6999969482422,-1,-1,,,0.0,0.0, , ,0.0,0.0, , 
675,2020-12-03 12:00:00+01:00,192.1000061035156,192.5,191.6000061035156,191.6000061035156,191.6000061035156,40671,193.25,192.0500030517578,192.92499923706055,193.3000030517578,187.6999969482422,-1,-1,,,0.0,0.0, , ,0.0,0.0, , 
676,2020-12-03 13:00:00+01:00,192.1999969482422,192.6999969482422,191.5,192.5,192.5,53808,193.1999969482422,192.0500030517578,192.875,193.3000030517578,186.8000030517578,-1,-1,,,0.0,0.0, , ,0.0,0.0, , 
677,2020-12-03 14:00:00+01:00,192.1999969482422,192.6999969482422,191.6000061035156,191.6000061035156,191.6000061035156,39272,193.0500030517578,192.0500030517578,192.67499923706055,193.3499984741211,186.8999938964844,0,-1,,,0.0,0.0, , ,0.0,0.0, , 
678,2020-12-03 15:00:00+01:00,192.3000030517578,192.3000030517578,191.1999969482422,191.8000030517578,191.8000030517578,38703,192.9000015258789,192.0500030517578,192.4749984741211,193.3499984741211,188.5,-1,-1,,,0.0,0.0, , ,0.0,0.0, , 
679,2020-12-03 16:00:00+01:00,191.8999938964844,192.0,191.1999969482422,191.1999969482422,191.1999969482422,15949,192.9000015258789,192.0500030517578,192.42499923706055,193.3499984741211,187.8000030517578,-1,-1,,,0.0,0.0, , ,0.0,0.0, , 
680,2020-12-04 09:00:00+01:00,192.3000030517578,192.6999969482422,191.1999969482422,191.6999969482422,191.6999969482422,15120,192.9000015258789,192.0500030517578,192.42499923706055,193.45000457763672,188.1000061035156,0,-1,,,0.0,0.0, , ,0.0,0.0, , 
681,2020-12-04 10:00:00+01:00,191.3999938964844,191.8000030517578,191.1999969482422,191.3999938964844,191.3999938964844,29780,192.5999984741211,192.0500030517578,192.375,193.5500030517578,187.1999969482422,-1,-1,,,0.0,0.0, , ,0.0,0.0, , 
682,2020-12-04 11:00:00+01:00,191.5,191.6999969482422,190.1000061035156,190.1000061035156,190.1000061035156,33323,191.45000457763672,192.5,191.6750030517578,193.5999984741211,187.3999938964844,0,-1,-1.0,1.0,0.0,0.0, , ,0.0,0.0, , 
683,2020-12-04 12:00:00+01:00,190.6999969482422,190.6999969482422,189.6999969482422,190.1999969482422,190.1999969482422,33659,191.1999969482422,192.3499984741211,191.65000534057617,193.5999984741211,187.0,-1,-1,,-1.0,0.0,0.0, ,Sell,0.0,0.0, , 
684,2020-12-04 13:00:00+01:00,189.6999969482422,191.1000061035156,189.6999969482422,190.6999969482422,190.6999969482422,56903,191.1999969482422,192.3499984741211,190.95000076293945,193.75,185.6999969482422,0,-1,,,0.0,0.0, , ,-1.0,-1.0,Sell, 
685,2020-12-04 14:00:00+01:00,190.6000061035156,191.1000061035156,190.5,190.8000030517578,190.8000030517578,41291,191.1999969482422,192.3499984741211,190.95000076293945,193.75,185.1999969482422,0,-1,,,0.0,0.0, , ,-1.0,0.0, , 
686,2020-12-04 15:00:00+01:00,190.6999969482422,191.1999969482422,190.6999969482422,190.8000030517578,190.8000030517578,23539,191.1999969482422,192.3499984741211,190.95000076293945,193.5500030517578,186.5,0,-1,,,0.0,0.0, , ,-1.0,0.0, , 
687,2020-12-04 16:00:00+01:00,190.6999969482422,191.0,190.6000061035156,190.6999969482422,190.6999969482422,24675,191.1999969482422,192.3499984741211,190.72500228881836,193.5500030517578,185.8999938964844,0,-1,,,0.0,0.0, , ,-1.0,0.0, , 
688,2020-12-07 09:00:00+01:00,190.8000030517578,191.1999969482422,190.1999969482422,190.5,190.5,15719,191.1999969482422,192.3499984741211,190.82500076293945,193.5500030517578,185.5,0,-1,,,0.0,0.0, , ,-1.0,0.0, , 
689,2020-12-07 10:00:00+01:00,190.3000030517578,191.0,190.1999969482422,190.3000030517578,190.3000030517578,33622,190.75,192.3499984741211,190.9250030517578,193.5500030517578,185.8000030517578,0,-1,,,0.0,0.0, , ,-1.0,0.0, , 
690,2020-12-07 11:00:00+01:00,190.6000061035156,190.8000030517578,190.1000061035156,190.3000030517578,190.3000030517578,37014,190.6999969482422,192.3499984741211,191.75,193.5500030517578,185.5,-1,-1,,,0.0,0.0, , ,-1.0,0.0, , 
691,2020-12-07 12:00:00+01:00,190.3999938964844,190.6999969482422,190.1000061035156,190.1999969482422,190.1999969482422,44394,190.4499969482422,192.3499984741211,192.2750015258789,193.5500030517578,184.6999969482422,-1,-1,,,0.0,0.0, , ,-1.0,0.0, , 
692,2020-12-07 13:00:00+01:00,190.1999969482422,190.3999938964844,190.1000061035156,190.1000061035156,190.1000061035156,27327,190.4499969482422,192.29999542236328,192.32500076293945,193.5500030517578,184.6000061035156,-1,-1,,,0.0,0.0, , ,-1.0,0.0, , 
693,2020-12-07 14:00:00+01:00,190.3000030517578,190.3999938964844,189.0,189.1999969482422,189.1999969482422,65639,190.0999984741211,191.9499969482422,192.4000015258789,193.5500030517578,185.0,-1,-1,,1.0,0.0,0.0, , ,-1.0,0.0, , 
694,2020-12-07 15:00:00+01:00,189.3999938964844,189.3999938964844,188.6000061035156,188.8000030517578,188.8000030517578,81135,189.9000015258789,191.6000061035156,192.4250030517578,193.5500030517578,185.0,-1,-1,,-1.0,0.0,0.0, , ,-1.0,0.0, , 
695,2020-12-07 16:00:00+01:00,188.8999938964844,189.0,188.1999969482422,188.3999938964844,188.3999938964844,23514,189.6999969482422,191.4000015258789,192.4250030517578,193.5500030517578,184.5,-1,-1,,,0.0,0.0, , ,-1.0,0.0, , 
696,2020-12-08 09:00:00+01:00,187.8000030517578,188.6999969482422,187.6000061035156,188.6999969482422,188.6999969482422,14082,189.4000015258789,191.1000061035156,192.45000076293945,193.5500030517578,183.6000061035156,-1,-1,,,0.0,0.0, , ,-1.0,0.0, , 
697,2020-12-08 10:00:00+01:00,188.0,189.0,188.0,188.5,188.5,27859,189.3000030517578,191.1000061035156,192.625,193.5500030517578,184.6999969482422,-1,-1,,,0.0,0.0, , ,-1.0,0.0, , 
698,2020-12-08 11:00:00+01:00,188.6999969482422,189.0,188.3999938964844,188.8000030517578,188.8000030517578,23882,189.20000457763672,190.8000030517578,192.875,193.5500030517578,185.0,-1,-1,,,0.0,0.0, , ,-1.0,0.0, , 
699,2020-12-08 12:00:00+01:00,188.6999969482422,189.0,188.3999938964844,188.5,188.5,26422,189.1500015258789,190.20000457763672,192.8000030517578,193.5500030517578,185.0,-1,-1,,,0.0,0.0, , ,-1.0,0.0, , 
700,2020-12-08 13:00:00+01:00,188.3999938964844,189.0,187.6999969482422,187.6999969482422,187.6999969482422,45376,189.0,190.1500015258789,192.7750015258789,193.5500030517578,185.0,-1,-1,,,0.0,0.0, , ,-1.0,0.0, , 
701,2020-12-08 14:00:00+01:00,188.1000061035156,188.1000061035156,187.6000061035156,187.6999969482422,187.6999969482422,33050,189.0,190.1500015258789,192.6500015258789,193.5500030517578,185.1000061035156,-1,-1,,,0.0,0.0, , ,-1.0,0.0, , 
702,2020-12-08 15:00:00+01:00,187.8000030517578,188.0,186.6000061035156,186.8000030517578,186.8000030517578,64550,188.0,189.6500015258789,192.625,193.5500030517578,185.6999969482422,-1,-1,,,0.0,0.0, , ,-1.0,0.0, , 
703,2020-12-08 16:00:00+01:00,186.6999969482422,186.8999938964844,186.5,186.8999938964844,186.8999938964844,23783,187.75,189.5999984741211,192.5500030517578,193.5500030517578,185.1999969482422,-1,-1,,,0.0,0.0, , ,-1.0,0.0, , 
704,2020-12-09 09:00:00+01:00,187.6999969482422,188.8000030517578,187.3999938964844,188.5,188.5,30582,187.75,189.5999984741211,192.47500228881836,193.5500030517578,184.6999969482422,-1,-1,,,0.0,0.0, , ,-1.0,0.0, , 
705,2020-12-09 10:00:00+01:00,188.1000061035156,188.8000030517578,187.6000061035156,187.8000030517578,187.8000030517578,51869,187.75,189.5999984741211,192.47500228881836,193.5500030517578,184.8999938964844,-1,-1,,1.0,0.0,0.0, , ,-1.0,0.0, , 
706,2020-12-09 11:00:00+01:00,188.1999969482422,188.3999938964844,187.6000061035156,188.1000061035156,188.1000061035156,31175,187.75,189.1500015258789,192.47500228881836,193.5500030517578,185.5,-1,-1,,,0.0,0.0, , ,-1.0,0.0, , 
707,2020-12-09 12:00:00+01:00,187.6999969482422,188.3999938964844,186.8000030517578,187.1999969482422,187.1999969482422,56656,187.75,189.0999984741211,192.32500076293945,193.5500030517578,185.3999938964844,-1,-1,,-1.0,0.0,0.0, , ,-1.0,0.0, , 
708,2020-12-09 13:00:00+01:00,187.5,187.6000061035156,186.8000030517578,187.3999938964844,187.3999938964844,41281,187.75,188.8499984741211,191.97500228881836,192.95000457763672,185.3999938964844,-1,-1,,,0.0,0.0, , ,-1.0,0.0, , 
709,2020-12-09 14:00:00+01:00,187.3000030517578,187.6000061035156,187.0,187.0,187.0,26561,187.6500015258789,188.8499984741211,191.77499771118164,192.95000457763672,184.1000061035156,-1,-1,,,0.0,0.0, , ,-1.0,0.0, , 
710,2020-12-09 15:00:00+01:00,187.5,187.5,185.1000061035156,185.6999969482422,185.6999969482422,90328,186.95000457763672,188.1500015258789,191.77499771118164,192.95000457763672,185.3000030517578,-1,-1,,1.0,0.0,0.0, , ,-1.0,0.0, , 
711,2020-12-09 16:00:00+01:00,185.6999969482422,185.8000030517578,184.8000030517578,185.1999969482422,185.1999969482422,40767,186.8000030517578,188.0,191.77499771118164,192.95000457763672,185.1999969482422,-1,-1,,-1.0,0.0,0.0, , ,-1.0,0.0, , 
712,2020-12-10 09:00:00+01:00,185.3000030517578,187.1000061035156,185.1999969482422,186.5,186.5,51111,186.8000030517578,188.0,191.77499771118164,192.95000457763672,184.8999938964844,-1,-1,,,0.0,0.0, , ,-1.0,0.0, , 
713,2020-12-10 10:00:00+01:00,186.6000061035156,187.1000061035156,185.3000030517578,185.8999938964844,185.8999938964844,61250,186.8000030517578,188.0,191.77499771118164,192.95000457763672,184.8000030517578,-1,-1,,,0.0,0.0, , ,-1.0,0.0, , 
714,2020-12-10 11:00:00+01:00,185.6000061035156,186.1999969482422,185.3000030517578,185.5,185.5,43998,186.5999984741211,187.9000015258789,191.77499771118164,192.95000457763672,185.0,-1,-1,,,0.0,0.0, , ,-1.0,0.0, , 
715,2020-12-10 12:00:00+01:00,185.6999969482422,185.8999938964844,185.1999969482422,185.8000030517578,185.8000030517578,37574,186.5999984741211,187.8000030517578,191.54999923706055,192.95000457763672,185.5,-1,-1,,,0.0,0.0, , ,-1.0,0.0, , 
716,2020-12-10 13:00:00+01:00,185.6000061035156,185.8999938964844,185.1999969482422,185.5,185.5,34242,186.20000457763672,187.75,191.52499771118164,192.95000457763672,185.5,-1,-1,,,0.0,0.0, , ,-1.0,0.0, , 
717,2020-12-10 14:00:00+01:00,185.6000061035156,185.6999969482422,184.6999969482422,184.6999969482422,184.6999969482422,58343,186.1500015258789,187.54999542236328,191.39999771118164,192.95000457763672,185.5,-1,-1,,,0.0,0.0, , ,-1.0,0.0, , 
718,2020-12-10 15:00:00+01:00,185.1000061035156,185.3000030517578,184.1999969482422,184.6000061035156,184.6000061035156,66977,185.8499984741211,187.29999542236328,191.37499618530273,192.95000457763672,187.8000030517578,-1,-1,,,0.0,0.0, , ,-1.0,0.0, , 
719,2020-12-10 16:00:00+01:00,184.6999969482422,185.3999938964844,184.3000030517578,185.0,185.0,13035,185.6500015258789,186.79999542236328,191.02499771118164,192.95000457763672,188.1999969482422,-1,-1,,,0.0,0.0, , ,-1.0,0.0, , 
720,2020-12-11 09:00:00+01:00,185.0,185.1999969482422,184.3999938964844,185.0,185.0,22062,185.6500015258789,186.5999984741211,190.75000381469727,192.95000457763672,188.5,-1,-1,,,0.0,0.0, , ,-1.0,0.0, , 
721,2020-12-11 10:00:00+01:00,185.0,185.1000061035156,184.1999969482422,184.5,184.5,55161,185.6500015258789,186.5999984741211,190.54999923706055,192.95000457763672,189.0,-1,-1,,,0.0,0.0, , ,-1.0,0.0, , 
722,2020-12-11 11:00:00+01:00,184.5,184.6999969482422,183.5,183.6000061035156,183.6000061035156,75753,184.8499984741211,186.25,190.25000381469727,192.95000457763672,189.6999969482422,-1,-1,,,0.0,0.0, , ,-1.0,0.0, , 
723,2020-12-11 12:00:00+01:00,183.8999938964844,184.6999969482422,183.3000030517578,184.6999969482422,184.6999969482422,71297,184.5999984741211,186.1500015258789,190.20000457763672,192.8000030517578,190.3000030517578,-1,-1,,,0.0,0.0, , ,-1.0,0.0, , 
724,2020-12-11 13:00:00+01:00,184.1000061035156,185.1999969482422,184.1000061035156,185.0,185.0,62931,184.5999984741211,186.1500015258789,190.00000381469727,192.8000030517578,190.8999938964844,-1,-1,,,0.0,0.0, , ,-1.0,0.0, , 
725,2020-12-11 14:00:00+01:00,185.0,185.1999969482422,184.8000030517578,185.0,185.0,40784,184.5,186.1500015258789,189.6750030517578,192.8000030517578,190.8000030517578,-1,-1,,1.0,0.0,0.0, , ,-1.0,0.0, , 
726,2020-12-11 15:00:00+01:00,185.0,185.1999969482422,184.6999969482422,185.0,185.0,46191,184.3499984741211,186.0500030517578,189.57500076293945,192.8000030517578,189.6000061035156,-1,-1,,,0.0,0.0, , ,-1.0,0.0, , 
727,2020-12-11 16:00:00+01:00,185.1000061035156,185.1999969482422,184.8999938964844,185.1000061035156,185.1000061035156,12844,184.3499984741211,186.0500030517578,189.57500076293945,192.8000030517578,189.3999938964844,-1,-1,,,0.0,0.0, , ,-1.0,0.0, , 
728,2020-12-14 09:00:00+01:00,185.6000061035156,186.5,185.3000030517578,185.6999969482422,185.6999969482422,18220,184.9000015258789,186.0500030517578,188.82500076293945,192.70000457763672,189.1000061035156,-1,-1,,,0.0,0.0, , ,-1.0,0.0, , 
729,2020-12-14 10:00:00+01:00,186.0,186.0,185.1000061035156,185.1999969482422,185.1999969482422,32036,184.9000015258789,186.0500030517578,188.67499923706055,192.3000030517578,189.0,-1,-1,,,0.0,0.0, , ,-1.0,0.0, , 
730,2020-12-14 11:00:00+01:00,185.6999969482422,185.6999969482422,184.6999969482422,184.6999969482422,184.6999969482422,30337,184.9000015258789,186.0500030517578,188.67499923706055,192.1500015258789,188.6000061035156,-1,-1,,,0.0,0.0, , ,-1.0,0.0, , 
731,2020-12-14 12:00:00+01:00,185.1999969482422,185.1999969482422,184.6000061035156,184.8999938964844,184.8999938964844,35130,184.9000015258789,185.8499984741211,188.67499923706055,192.1000061035156,187.3999938964844,-1,-1,,,0.0,0.0, , ,-1.0,0.0, , 
732,2020-12-14 13:00:00+01:00,184.8000030517578,185.6999969482422,184.8000030517578,185.5,185.5,18164,185.3000030517578,185.8499984741211,188.45000076293945,192.1000061035156,187.1999969482422,-1,-1,,-1.0,0.0,0.0, , ,-1.0,0.0, , 
733,2020-12-14 14:00:00+01:00,185.0,185.6999969482422,185.0,185.3999938964844,185.3999938964844,21246,185.5500030517578,185.45000457763672,188.42499923706055,192.1000061035156,187.1999969482422,-1,-1,1.0,,0.0,0.0, , ,-1.0,0.0, , 
734,2020-12-14 15:00:00+01:00,185.5,185.5,185.1000061035156,185.3999938964844,185.3999938964844,19498,185.5500030517578,185.45000457763672,188.29999923706055,192.1000061035156,188.1999969482422,-1,-1,,,0.0,0.0, , ,0.0,1.0, ,Buy
735,2020-12-14 16:00:00+01:00,185.1999969482422,185.1999969482422,183.8000030517578,184.1000061035156,184.1000061035156,46091,185.1500015258789,185.4000015258789,188.25,192.1000061035156,187.3999938964844,-1,-1,-1.0,1.0,0.0,0.0, , ,0.0,0.0, , 
736,2020-12-15 09:00:00+01:00,184.3000030517578,185.5,184.3000030517578,185.3000030517578,185.3000030517578,36123,185.1500015258789,185.20000457763672,187.5500030517578,192.0500030517578,187.8999938964844,-1,-1,,-1.0,0.0,0.0, ,Sell,-1.0,-1.0,Sell, 
737,2020-12-15 10:00:00+01:00,185.1999969482422,185.6000061035156,185.0,185.1999969482422,185.1999969482422,16276,184.9000015258789,185.20000457763672,187.4000015258789,192.0500030517578,187.8000030517578,-1,-1,,1.0,0.0,0.0, , ,-1.0,0.0, , 
738,2020-12-15 11:00:00+01:00,185.3999938964844,185.6000061035156,184.8999938964844,184.8999938964844,184.8999938964844,13496,184.75,185.20000457763672,187.4000015258789,192.0500030517578,187.6999969482422,-1,-1,,,0.0,0.0, , ,-1.0,0.0, , 
739,2020-12-15 12:00:00+01:00,185.1000061035156,185.3000030517578,184.5,184.8000030517578,184.8000030517578,42086,184.75,184.9000015258789,187.4000015258789,192.0500030517578,187.1999969482422,-1,-1,,,0.0,0.0, , ,-1.0,0.0, , 
740,2020-12-15 13:00:00+01:00,185.1999969482422,185.3000030517578,184.8000030517578,185.0,185.0,36231,184.75,184.9000015258789,187.25,192.0500030517578,187.8000030517578,-1,-1,,,0.0,0.0, , ,-1.0,0.0, , 
741,2020-12-15 14:00:00+01:00,184.8000030517578,185.6000061035156,184.8000030517578,185.5,185.5,38715,184.75,184.9000015258789,187.20000076293945,192.0500030517578,187.8999938964844,-1,-1,,,0.0,0.0, , ,-1.0,0.0, , 
742,2020-12-15 15:00:00+01:00,185.0,185.6999969482422,184.8999938964844,185.5,185.5,88017,184.75,184.9000015258789,186.97500228881836,192.0500030517578,186.3999938964844,-1,-1,,,0.0,0.0, , ,-1.0,0.0, , 
743,2020-12-15 16:00:00+01:00,185.3999938964844,185.6000061035156,185.3000030517578,185.5,185.5,12486,184.75,184.9000015258789,186.8499984741211,192.0500030517578,185.8999938964844,-1,-1,,,0.0,0.0, , ,-1.0,0.0, , 
744,2020-12-16 09:00:00+01:00,186.1999969482422,187.8000030517578,186.0,187.8000030517578,187.8000030517578,12073,186.0500030517578,185.5500030517578,186.5749969482422,192.0500030517578,184.0,0,-1,1.0,,0.0,0.0, , ,-1.0,0.0, , 
745,2020-12-16 10:00:00+01:00,186.8999938964844,188.1999969482422,186.6999969482422,188.1999969482422,188.1999969482422,59100,186.3499984741211,185.75,186.2249984741211,192.0,185.3000030517578,0,-1,,,0.0,0.0, , ,0.0,1.0, ,Buy
746,2020-12-16 11:00:00+01:00,187.6999969482422,188.6000061035156,187.6000061035156,188.5,188.5,39946,186.5500030517578,185.95000457763672,186.125,191.8000030517578,186.0,0,-1,,,0.0,0.0, , ,0.0,0.0, , 
747,2020-12-16 12:00:00+01:00,188.1999969482422,189.0,187.8999938964844,189.0,189.0,49008,186.75,186.1500015258789,186.125,191.5999984741211,185.1999969482422,0,-1,,,0.0,0.0, , ,0.0,0.0, , 
748,2020-12-16 13:00:00+01:00,188.8000030517578,190.1999969482422,188.6999969482422,189.6999969482422,189.6999969482422,82549,187.5,186.75,185.54999923706055,191.3000030517578,185.0,0,-1,,,0.0,0.0, , ,0.0,0.0, , 
749,2020-12-16 14:00:00+01:00,189.6000061035156,190.6999969482422,189.6000061035156,190.3000030517578,190.3000030517578,71616,187.75,187.25,185.375,191.3000030517578,184.1000061035156,0,-1,,,0.0,0.0, , ,0.0,0.0, , 
750,2020-12-16 15:00:00+01:00,190.5,190.8999938964844,190.0,190.8999938964844,190.8999938964844,71700,187.8999938964844,187.3499984741211,185.375,191.3000030517578,185.3999938964844,0,-1,,,0.0,0.0, , ,0.0,0.0, , 
751,2020-12-16 16:00:00+01:00,190.8999938964844,191.0,190.6000061035156,190.8000030517578,190.8000030517578,17174,188.1500015258789,187.4000015258789,185.32500076293945,191.3000030517578,184.8000030517578,0,-1,,,0.0,0.0, , ,0.0,0.0, , 
752,2020-12-17 09:00:00+01:00,191.3000030517578,191.6999969482422,189.3999938964844,189.6000061035156,189.6000061035156,29224,188.8499984741211,187.75,185.20000076293945,191.3000030517578,185.0,0,-1,,,0.0,0.0, , ,0.0,0.0, , 
753,2020-12-17 10:00:00+01:00,190.1000061035156,190.3000030517578,189.3000030517578,189.3999938964844,189.3999938964844,66040,189.1999969482422,187.75,185.20000076293945,191.3000030517578,184.6000061035156,0,-1,,,0.0,0.0, , ,0.0,0.0, , 
754,2020-12-17 11:00:00+01:00,189.6999969482422,190.1000061035156,188.6000061035156,189.1000061035156,189.1000061035156,46549,189.6500015258789,187.75,185.47500228881836,190.8000030517578,184.8000030517578,0,-1,,,0.0,0.0, , ,0.0,0.0, , 
755,2020-12-17 12:00:00+01:00,188.6999969482422,189.1999969482422,188.6999969482422,189.0,189.0,19927,189.79999542236328,187.75,185.47500228881836,190.75,184.8999938964844,0,-1,,-1.0,0.0,0.0, , ,0.0,0.0, , 
756,2020-12-17 13:00:00+01:00,189.0,189.1999969482422,188.5,188.6000061035156,188.6000061035156,29352,190.0999984741211,187.75,185.47500228881836,190.75,184.6000061035156,0,-1,,,0.0,0.0, , ,0.0,0.0, , 
757,2020-12-17 14:00:00+01:00,188.8000030517578,188.8000030517578,187.3999938964844,187.3999938964844,187.3999938964844,42615,189.54999542236328,187.75,185.375,190.75,184.1999969482422,0,-1,,,0.0,0.0, , ,0.0,0.0, , 
758,2020-12-17 15:00:00+01:00,188.6000061035156,188.6000061035156,187.0,187.1999969482422,187.1999969482422,62790,189.3499984741211,187.75,185.57500076293945,190.75,185.0,0,-1,,,0.0,0.0, , ,0.0,0.0, , 
759,2020-12-17 16:00:00+01:00,187.1999969482422,187.1999969482422,187.0,187.1999969482422,187.1999969482422,19827,189.3499984741211,187.75,185.50000381469727,190.75,185.3999938964844,0,-1,,,0.0,0.0, , ,0.0,0.0, , 
760,2020-12-18 09:00:00+01:00,186.3000030517578,188.6999969482422,186.3000030517578,188.1999969482422,188.1999969482422,39695,189.0,187.75,185.50000381469727,190.75,185.1000061035156,0,-1,,,0.0,0.0, , ,0.0,0.0, , 
761,2020-12-18 10:00:00+01:00,188.0,188.6999969482422,187.3000030517578,187.3999938964844,187.3999938964844,52731,188.3000030517578,188.0,185.2750015258789,190.75,185.1999969482422,0,-1,,,0.0,0.0, , ,0.0,0.0, , 
762,2020-12-18 11:00:00+01:00,187.5,188.1000061035156,186.8000030517578,187.8999938964844,187.8999938964844,66081,188.20000457763672,188.0999984741211,185.1750030517578,190.0500030517578,186.0,0,-1,,,0.0,0.0, , ,0.0,0.0, , 
763,2020-12-18 12:00:00+01:00,187.1999969482422,188.1000061035156,187.1000061035156,187.8000030517578,187.8000030517578,51346,187.75,188.0999984741211,185.0500030517578,189.9000015258789,186.5,0,-1,-1.0,,0.0,0.0, , ,0.0,0.0, , 
764,2020-12-18 13:00:00+01:00,187.6000061035156,188.0,187.5,187.6999969482422,187.6999969482422,42874,187.75,188.0999984741211,184.97500228881836,189.9000015258789,186.1000061035156,0,-1,,,0.0,0.0, ,Sell,0.0,0.0, , 
765,2020-12-18 14:00:00+01:00,188.0,188.0,187.0,187.1999969482422,187.1999969482422,55966,187.5500030517578,188.25,184.82500076293945,189.9000015258789,186.3999938964844,0,-1,,1.0,0.0,0.0, , ,0.0,0.0, , 
766,2020-12-18 15:00:00+01:00,187.3000030517578,187.8000030517578,187.0,187.8000030517578,187.8000030517578,81590,187.5,188.25,184.82500076293945,189.9000015258789,189.0,0,-1,,-1.0,0.0,0.0, , ,0.0,0.0, , 
767,2020-12-18 16:00:00+01:00,187.8999938964844,188.0,187.6999969482422,187.8999938964844,187.8999938964844,26966,187.5,188.29999542236328,184.82500076293945,189.9000015258789,188.8000030517578,0,-1,,1.0,0.0,0.0, , ,0.0,0.0, , 
768,2020-12-21 09:00:00+01:00,186.5,187.8999938964844,186.0,186.3999938964844,186.3999938964844,33602,187.3499984741211,188.5,184.82500076293945,189.9000015258789,189.3000030517578,0,-1,,-1.0,0.0,0.0, , ,0.0,0.0, , 
769,2020-12-21 10:00:00+01:00,187.1999969482422,187.1999969482422,185.8999938964844,185.8999938964844,185.8999938964844,75910,187.29999542236328,188.79999542236328,184.82500076293945,189.8499984741211,189.3000030517578,0,-1,,,0.0,0.0, , ,0.0,0.0, , 
770,2020-12-21 11:00:00+01:00,187.0,187.0,183.3999938964844,184.0,184.0,103247,185.75,187.54999542236328,185.8000030517578,189.54999542236328,189.1999969482422,0,-1,,1.0,0.0,0.0, , ,0.0,0.0, , 
771,2020-12-21 12:00:00+01:00,184.1000061035156,185.5,183.3999938964844,185.3000030517578,185.3000030517578,115689,185.75,187.54999542236328,186.04999923706055,189.54999542236328,189.8000030517578,-1,-1,,-1.0,0.0,0.0, , ,0.0,0.0, , 
772,2020-12-21 13:00:00+01:00,185.1000061035156,186.0,185.1000061035156,186.0,186.0,73779,185.6999969482422,187.54999542236328,186.25000381469727,189.4000015258789,189.6999969482422,-1,-1,,,0.0,0.0, , ,-1.0,-1.0,Sell, 
773,2020-12-21 14:00:00+01:00,185.3999938964844,186.0,185.1000061035156,185.1999969482422,185.1999969482422,45906,185.6999969482422,187.54999542236328,186.45000076293945,189.4000015258789,189.6000061035156,-1,-1,,,0.0,0.0, , ,-1.0,0.0, , 
774,2020-12-21 15:00:00+01:00,185.3999938964844,185.3999938964844,184.6000061035156,185.0,185.0,292488,185.6999969482422,187.54999542236328,187.125,189.0500030517578,191.0,-1,-1,,,0.0,0.0, , ,-1.0,0.0, , 
775,2020-12-21 16:00:00+01:00,185.0,185.0,184.1000061035156,184.1000061035156,184.1000061035156,20415,185.6999969482422,187.54999542236328,187.5,188.95000457763672,190.8000030517578,-1,-1,,,0.0,0.0, , ,-1.0,0.0, , 
776,2020-12-22 09:00:00+01:00,184.6000061035156,186.5,184.3000030517578,185.3999938964844,185.3999938964844,14207,185.6499938964844,187.54999542236328,187.62499618530273,188.6500015258789,190.1999969482422,-1,-1,,,0.0,0.0, , ,-1.0,0.0, , 
777,2020-12-22 10:00:00+01:00,185.8999938964844,186.5,184.1000061035156,184.8000030517578,184.8000030517578,57662,185.29999542236328,187.54999542236328,187.7750015258789,188.0500030517578,189.6000061035156,-1,-1,,1.0,0.0,0.0, , ,-1.0,0.0, , 
778,2020-12-22 11:00:00+01:00,184.6000061035156,185.0,184.5,185.0,185.0,78009,185.1999969482422,186.8499984741211,188.29999923706055,188.0,189.6999969482422,-1,1,,-1.0,0.0,0.0, , ,-1.0,0.0, , 
779,2020-12-22 12:00:00+01:00,184.8999938964844,185.1999969482422,184.6000061035156,184.6000061035156,184.6000061035156,28154,184.9499969482422,186.75,188.4749984741211,188.0,189.6999969482422,-1,1,,,0.0,0.0, , ,-1.0,0.0, , 
780,2020-12-22 13:00:00+01:00,184.8999938964844,185.5,184.5,184.8000030517578,184.8000030517578,48302,185.3000030517578,186.29999542236328,188.70000076293945,188.0,189.6999969482422,-1,1,,,0.0,0.0, , ,-1.0,0.0, , 
781,2020-12-22 14:00:00+01:00,185.0,185.1000061035156,184.5,184.8999938964844,184.8999938964844,521754,185.3000030517578,186.29999542236328,188.77499771118164,188.0,190.1000061035156,-1,1,,,0.0,0.0, , ,-1.0,0.0, , 
782,2020-12-22 15:00:00+01:00,184.6999969482422,185.1000061035156,184.6000061035156,184.6000061035156,184.6000061035156,536367,185.3000030517578,186.0999984741211,188.92499923706055,188.0,189.8999938964844,-1,1,,,0.0,0.0, , ,-1.0,0.0, , 
783,2020-12-22 16:00:00+01:00,184.5,184.5,184.1999969482422,184.1999969482422,184.1999969482422,12672,185.3000030517578,186.04999542236328,188.64999771118164,188.0,190.6000061035156,-1,1,,,0.0,0.0, , ,-1.0,0.0, , 
784,2020-12-23 09:00:00+01:00,185.0,185.3999938964844,184.1999969482422,185.0,185.0,15064,185.3000030517578,186.04999542236328,188.54999923706055,187.5500030517578,190.8999938964844,-1,1,,,0.0,0.0, , ,-1.0,0.0, , 
785,2020-12-23 10:00:00+01:00,184.6999969482422,185.3999938964844,184.6999969482422,185.3999938964844,185.3999938964844,44323,185.3000030517578,186.04999542236328,188.54999923706055,187.5,191.1000061035156,-1,1,,,0.0,0.0, , ,-1.0,0.0, , 
786,2020-12-23 11:00:00+01:00,185.0,185.6000061035156,184.8999938964844,185.1000061035156,185.1000061035156,19352,184.9000015258789,186.04999542236328,188.375,187.25,191.1000061035156,-1,1,,1.0,0.0,0.0, , ,-1.0,0.0, , 
787,2020-12-23 12:00:00+01:00,185.5,185.5,184.8000030517578,185.1999969482422,185.1999969482422,16740,184.9000015258789,185.75,188.1500015258789,187.25,191.3000030517578,-1,1,,,0.0,0.0, , ,-1.0,0.0, , 
788,2020-12-23 13:00:00+01:00,184.8999938964844,186.1000061035156,184.8000030517578,186.0,186.0,40539,185.1500015258789,185.75,188.1500015258789,187.25,191.1999969482422,-1,1,,-1.0,0.0,0.0, , ,-1.0,0.0, , 
789,2020-12-23 14:00:00+01:00,186.0,186.5,185.8999938964844,186.5,186.5,47411,185.3499984741211,185.6999969482422,187.92499923706055,187.25,191.3000030517578,-1,1,,1.0,0.0,0.0, , ,-1.0,0.0, , 
790,2020-12-23 15:00:00+01:00,186.3000030517578,186.6999969482422,185.8999938964844,186.1000061035156,186.1000061035156,43139,185.4499969482422,185.6999969482422,187.92499923706055,187.25,190.5,-1,1,,,0.0,0.0, , ,-1.0,0.0, , 
791,2020-12-23 16:00:00+01:00,186.0,186.3999938964844,186.0,186.3999938964844,186.3999938964844,12692,185.4499969482422,185.6999969482422,187.9000015258789,187.25,189.6999969482422,-1,1,,,0.0,0.0, , ,-1.0,0.0, , 
792,2020-12-28 09:00:00+01:00,188.6999969482422,189.1000061035156,187.8999938964844,189.0,189.0,16261,186.6500015258789,186.25,187.875,187.1500015258789,189.8000030517578,1,1,1.0,,0.0,0.0, , ,-1.0,0.0, , 
793,2020-12-28 10:00:00+01:00,188.1000061035156,189.3000030517578,187.8999938964844,188.8000030517578,188.8000030517578,29901,187.0,186.3499984741211,187.89999771118164,187.0500030517578,190.1999969482422,0,1,,,1.0,1.0,Buy, ,0.0,1.0, ,Buy
794,2020-12-28 11:00:00+01:00,188.5,189.3999938964844,188.3999938964844,189.3000030517578,189.3000030517578,21605,187.0999984741211,186.3999938964844,187.92499923706055,187.0,190.0,1,1,,,1.0,0.0, , ,0.0,0.0, , 
795,2020-12-28 12:00:00+01:00,189.1999969482422,189.5,189.1000061035156,189.3000030517578,189.3000030517578,32832,187.1500015258789,186.4499969482422,188.04999542236328,186.8499984741211,190.1999969482422,1,1,,,1.0,0.0, , ,0.0,0.0, , 
796,2020-12-28 13:00:00+01:00,189.3999938964844,189.3999938964844,189.1000061035156,189.1999969482422,189.1999969482422,34777,187.1500015258789,186.4499969482422,186.64999771118164,186.8499984741211,190.6999969482422,1,-1,,,1.0,0.0, , ,0.0,0.0, , 
797,2020-12-28 14:00:00+01:00,189.3999938964844,189.8000030517578,189.1000061035156,189.8000030517578,189.8000030517578,25550,187.8499984741211,186.95000457763672,186.64999771118164,186.3499984741211,190.6000061035156,1,1,,,1.0,0.0, , ,0.0,0.0, , 
798,2020-12-28 15:00:00+01:00,189.3000030517578,189.8999938964844,189.3000030517578,189.6999969482422,189.6999969482422,31819,187.8999938964844,187.0,186.62499618530273,186.1500015258789,189.0,1,1,,,1.0,0.0, , ,0.0,0.0, , 
799,2020-12-28 16:00:00+01:00,189.6999969482422,189.8999938964844,189.6000061035156,189.6000061035156,189.6000061035156,7618,187.9499969482422,187.0,186.62499618530273,186.1500015258789,189.8000030517578,1,1,,,1.0,0.0, , ,0.0,0.0, , 
800,2020-12-29 09:00:00+01:00,191.0,191.5,189.8000030517578,191.0,191.0,22631,189.6999969482422,187.8000030517578,186.62499618530273,186.75,189.6000061035156,1,-1,,,1.0,0.0, , ,0.0,0.0, , 
801,2020-12-29 10:00:00+01:00,191.1000061035156,191.5,190.5,190.8000030517578,190.8000030517578,44281,189.6999969482422,187.8000030517578,186.62499618530273,187.0,188.8999938964844,1,-1,,,1.0,0.0, , ,0.0,0.0, , 
802,2020-12-29 11:00:00+01:00,191.1000061035156,191.1999969482422,190.1000061035156,190.1999969482422,190.1999969482422,26156,189.9499969482422,187.8000030517578,186.59999465942383,187.0999984741211,188.5,1,-1,,,1.0,0.0, , ,0.0,0.0, , 
803,2020-12-29 12:00:00+01:00,190.5,190.5,189.6000061035156,189.6000061035156,189.6000061035156,17558,190.3000030517578,187.8499984741211,186.42499542236328,187.1500015258789,189.3000030517578,1,-1,,,1.0,0.0, , ,0.0,0.0, , 
804,2020-12-29 13:00:00+01:00,190.0,190.0,189.3999938964844,189.6999969482422,189.6999969482422,25334,190.3000030517578,187.8499984741211,186.02499771118164,187.5,188.1999969482422,1,-1,,-1.0,1.0,0.0, , ,0.0,0.0, , 
805,2020-12-29 14:00:00+01:00,189.6999969482422,189.8999938964844,189.3999938964844,189.6999969482422,189.6999969482422,25384,190.3000030517578,187.8499984741211,185.8499984741211,187.5,187.6000061035156,1,-1,,,1.0,0.0, , ,0.0,0.0, , 
806,2020-12-29 15:00:00+01:00,189.5,190.3000030517578,189.3999938964844,189.6999969482422,189.6999969482422,44863,190.4000015258789,187.8499984741211,185.79999923706055,187.5,187.3999938964844,1,-1,,,1.0,0.0, , ,0.0,0.0, , 
807,2020-12-29 16:00:00+01:00,189.8000030517578,190.5,189.6000061035156,190.1000061035156,190.1000061035156,15289,190.4499969482422,187.8499984741211,185.79999923706055,187.5,187.5,1,-1,,,1.0,0.0, , ,0.0,0.0, , 
808,2020-12-30 09:00:00+01:00,190.3999938964844,190.6999969482422,189.8999938964844,189.8999938964844,189.8999938964844,12889,190.4499969482422,187.8499984741211,185.70000076293945,187.5,187.3000030517578,1,-1,,,1.0,0.0, , ,0.0,0.0, , 
809,2020-12-30 10:00:00+01:00,190.3000030517578,190.6000061035156,189.8999938964844,190.6000061035156,190.6000061035156,22439,190.4499969482422,187.8499984741211,185.67499923706055,187.5,187.1999969482422,1,-1,,,1.0,0.0, , ,0.0,0.0, , 
810,2020-12-30 11:00:00+01:00,190.1000061035156,190.8999938964844,190.0,190.8999938964844,190.8999938964844,25725,190.29999542236328,188.0999984741211,185.67499923706055,187.5,186.6000061035156,1,-1,,,1.0,0.0, , ,0.0,0.0, , 
811,2020-12-30 12:00:00+01:00,190.8000030517578,191.3000030517578,190.8000030517578,191.1000061035156,191.1000061035156,19671,190.3499984741211,188.1500015258789,185.67499923706055,187.5,187.0,1,-1,,1.0,1.0,0.0, , ,0.0,0.0, , 
812,2020-12-30 13:00:00+01:00,191.0,191.3000030517578,190.8000030517578,191.1000061035156,191.1000061035156,40926,190.3499984741211,188.1500015258789,185.4749984741211,187.5,187.8000030517578,1,-1,,,1.0,0.0, , ,0.0,0.0, , 
813,2020-12-30 14:00:00+01:00,191.0,191.3999938964844,190.8999938964844,191.3000030517578,191.3000030517578,22777,190.3999938964844,188.1500015258789,185.32500076293945,187.5,188.1999969482422,1,-1,,,1.0,0.0, , ,0.0,0.0, , 
814,2020-12-30 15:00:00+01:00,191.1999969482422,191.3999938964844,190.6999969482422,191.1999969482422,191.1999969482422,40928,190.3999938964844,188.6999969482422,185.45000076293945,187.5,188.8999938964844,1,-1,,,1.0,0.0, , ,0.0,0.0, , 
815,2020-12-30 16:00:00+01:00,191.1999969482422,191.3000030517578,190.8999938964844,191.3000030517578,191.3000030517578,8612,190.5,188.6999969482422,185.52499771118164,187.5,188.8000030517578,1,-1,,,1.0,0.0, , ,0.0,0.0, , 
816,2021-01-04 09:00:00+01:00,191.3999938964844,191.6999969482422,189.5,190.5,190.5,22710,190.5999984741211,188.8499984741211,185.5749969482422,187.5,189.0,1,-1,,,1.0,0.0, , ,0.0,0.0, , 
817,2021-01-04 10:00:00+01:00,190.1000061035156,190.8000030517578,189.5,189.6999969482422,189.6999969482422,72995,190.5999984741211,189.79999542236328,185.5749969482422,187.5,188.8999938964844,1,-1,,-1.0,1.0,0.0, , ,0.0,0.0, , 
818,2021-01-04 11:00:00+01:00,190.1999969482422,190.3000030517578,189.6000061035156,189.8000030517578,189.8000030517578,40095,190.5999984741211,189.79999542236328,186.45000076293945,187.5,188.6999969482422,1,-1,,,1.0,0.0, , ,0.0,0.0, , 
819,2021-01-04 12:00:00+01:00,190.0,190.6000061035156,189.6999969482422,190.1999969482422,190.1999969482422,24679,190.5999984741211,190.04999542236328,186.67499923706055,187.5,188.6999969482422,1,-1,,,1.0,0.0, , ,0.0,0.0, , 
820,2021-01-04 13:00:00+01:00,190.1000061035156,190.6000061035156,189.8000030517578,190.0,190.0,26716,190.5999984741211,190.4000015258789,186.74999618530273,187.5,189.6000061035156,1,-1,,,1.0,0.0, , ,0.0,0.0, , 
821,2021-01-04 14:00:00+01:00,189.8999938964844,190.1999969482422,189.6999969482422,190.1999969482422,190.1999969482422,40114,190.5999984741211,190.4000015258789,186.79999923706055,187.5,189.8999938964844,1,-1,,,1.0,0.0, , ,0.0,0.0, , 
822,2021-01-04 15:00:00+01:00,189.8999938964844,190.6999969482422,189.8000030517578,190.6999969482422,190.6999969482422,48332,190.5999984741211,190.4000015258789,186.79999923706055,187.5,190.5,1,-1,,,1.0,0.0, , ,0.0,0.0, , 
823,2021-01-04 16:00:00+01:00,190.6999969482422,190.6999969482422,190.5,190.6000061035156,190.6000061035156,35416,190.5999984741211,190.5,187.4000015258789,187.5,191.0,1,-1,,1.0,1.0,0.0, , ,0.0,0.0, , 
824,2021-01-05 09:00:00+01:00,188.5,190.3000030517578,188.5,189.0,189.0,10449,190.0999984741211,190.0999984741211,187.4499969482422,187.5,190.8999938964844,1,-1,,-1.0,1.0,0.0, , ,0.0,0.0, , 
825,2021-01-05 10:00:00+01:00,189.6999969482422,189.8000030517578,188.6000061035156,189.8000030517578,189.8000030517578,42313,189.6500015258789,190.0999984741211,187.4749984741211,187.5,191.6000061035156,1,-1,-1.0,1.0,1.0,0.0, , ,0.0,0.0, , 
826,2021-01-05 11:00:00+01:00,188.8000030517578,190.3999938964844,188.6000061035156,189.6000061035156,189.6000061035156,34390,189.5999984741211,190.0999984741211,188.75,187.5,192.1999969482422,0,1,,-1.0,0.0,-1.0, ,Sell,0.0,0.0, , 
827,2021-01-05 12:00:00+01:00,190.1000061035156,190.1000061035156,188.8999938964844,188.8999938964844,188.8999938964844,14667,189.5999984741211,190.0999984741211,188.75,187.54999542236328,192.3999938964844,1,1,,1.0,0.0,0.0, , ,0.0,0.0, , 
828,2021-01-05 13:00:00+01:00,189.5,189.5,188.3999938964844,188.5,188.5,14262,189.54999542236328,190.04999542236328,188.875,187.54999542236328,192.8999938964844,0,1,,-1.0,1.0,1.0,Buy, ,0.0,0.0, , 
829,2021-01-05 14:00:00+01:00,189.0,189.6000061035156,188.3999938964844,189.3000030517578,189.3000030517578,42271,189.54999542236328,190.04999542236328,189.07500076293945,187.54999542236328,193.8999938964844,0,1,,,1.0,0.0, , ,0.0,0.0, , 
830,2021-01-05 15:00:00+01:00,188.6999969482422,189.6000061035156,188.1999969482422,188.1999969482422,188.1999969482422,63065,189.4499969482422,189.9499969482422,189.07500076293945,187.54999542236328,194.3999938964844,0,1,,,1.0,0.0, , ,0.0,0.0, , 
831,2021-01-05 16:00:00+01:00,188.3000030517578,188.3000030517578,187.6000061035156,187.6000061035156,187.6000061035156,14114,189.1500015258789,189.6500015258789,189.07500076293945,187.54999542236328,194.8000030517578,0,1,,,1.0,0.0, , ,0.0,0.0, , 
832,2021-01-06 09:00:00+01:00,189.0,189.3000030517578,186.8999938964844,187.3999938964844,187.3999938964844,11089,188.6499938964844,189.29999542236328,189.125,187.54999542236328,194.6999969482422,0,1,,1.0,1.0,0.0, , ,0.0,0.0, , 
833,2021-01-06 10:00:00+01:00,186.8999938964844,187.8999938964844,186.8999938964844,187.5,187.5,40308,188.6499938964844,189.29999542236328,189.14999771118164,187.54999542236328,194.3999938964844,0,1,,-1.0,1.0,0.0, , ,0.0,0.0, , 
834,2021-01-06 11:00:00+01:00,187.5,187.8000030517578,186.6999969482422,187.3000030517578,187.3000030517578,52793,188.54999542236328,189.1999969482422,189.14999771118164,187.54999542236328,194.3999938964844,0,1,,,1.0,0.0, , ,0.0,0.0, , 
835,2021-01-06 12:00:00+01:00,187.3999938964844,187.6999969482422,186.6999969482422,187.1999969482422,187.1999969482422,48977,188.4000015258789,189.1999969482422,189.14999771118164,187.54999542236328,193.1000061035156,0,1,,,1.0,0.0, , ,0.0,0.0, , 
836,2021-01-06 13:00:00+01:00,187.3999938964844,187.3999938964844,186.5,186.6000061035156,186.6000061035156,24382,188.0500030517578,189.0999984741211,189.1999969482422,187.54999542236328,194.0,-1,1,,,1.0,0.0, , ,0.0,0.0, , 
837,2021-01-06 14:00:00+01:00,186.8000030517578,187.0,186.5,187.0,187.0,30096,188.0500030517578,189.0999984741211,189.25,187.54999542236328,194.0,-1,1,,,1.0,0.0, , ,0.0,0.0, , 
838,2021-01-06 15:00:00+01:00,186.8000030517578,187.8000030517578,186.6999969482422,187.8000030517578,187.8000030517578,39615,188.0500030517578,189.0999984741211,189.25,187.54999542236328,192.3000030517578,0,1,,,1.0,0.0, , ,0.0,0.0, , 
839,2021-01-06 16:00:00+01:00,187.8000030517578,188.3999938964844,187.8000030517578,188.1999969482422,188.1999969482422,10406,187.9000015258789,189.0999984741211,189.27499771118164,187.54999542236328,192.5,0,1,,,1.0,0.0, , ,0.0,0.0, , 
840,2021-01-07 09:00:00+01:00,189.5,189.8999938964844,188.3999938964844,188.8999938964844,188.8999938964844,18581,188.1999969482422,189.0999984741211,189.54999542236328,187.54999542236328,192.3000030517578,0,1,,1.0,1.0,0.0, , ,0.0,0.0, , 
841,2021-01-07 10:00:00+01:00,189.1999969482422,189.8999938964844,187.6999969482422,188.8000030517578,188.8000030517578,45484,188.1999969482422,189.0999984741211,189.5999984741211,187.54999542236328,191.8999938964844,0,1,,,1.0,0.0, , ,0.0,0.0, , 
842,2021-01-07 11:00:00+01:00,188.3000030517578,189.1999969482422,187.6999969482422,189.0,189.0,23490,188.1999969482422,188.6500015258789,189.7249984741211,187.54999542236328,191.8999938964844,0,1,,,1.0,0.0, , ,0.0,0.0, , 
843,2021-01-07 12:00:00+01:00,189.1000061035156,189.1999969482422,188.8999938964844,188.8999938964844,188.8999938964844,15419,188.1999969482422,188.5999984741211,190.1999969482422,187.54999542236328,191.3999938964844,0,1,,,1.0,0.0, , ,0.0,0.0, , 
844,2021-01-07 13:00:00+01:00,189.1000061035156,189.1000061035156,188.6000061035156,188.6999969482422,188.6999969482422,16503,188.1999969482422,188.5999984741211,190.1999969482422,187.54999542236328,191.3000030517578,0,1,,,1.0,0.0, , ,0.0,0.0, , 
845,2021-01-07 14:00:00+01:00,188.6999969482422,188.8999938964844,188.6000061035156,188.6999969482422,188.6999969482422,19422,188.1999969482422,188.5999984741211,190.3249969482422,187.54999542236328,191.1999969482422,0,1,,,1.0,0.0, , ,0.0,0.0, , 
846,2021-01-07 15:00:00+01:00,188.8999938964844,189.6000061035156,188.6000061035156,189.6000061035156,189.6000061035156,32889,188.29999542236328,188.5999984741211,190.5,187.54999542236328,190.1000061035156,0,1,,,1.0,0.0, , ,0.0,0.0, , 
847,2021-01-07 16:00:00+01:00,189.3999938964844,190.1000061035156,189.3999938964844,189.8999938964844,189.8999938964844,35135,188.9000015258789,188.5999984741211,190.5,187.54999542236328,190.3999938964844,0,1,1.0,,1.0,0.0, , ,0.0,0.0, , 
848,2021-01-08 09:00:00+01:00,189.8000030517578,192.6999969482422,189.6999969482422,190.5,190.5,47786,190.1999969482422,189.5999984741211,190.5,187.54999542236328,189.6000061035156,0,1,,-1.0,1.0,0.0, , ,0.0,0.0, ,Buy
849,2021-01-08 10:00:00+01:00,191.6999969482422,191.6999969482422,189.8999938964844,191.0,191.0,98923,190.1999969482422,189.5999984741211,190.54999923706055,187.54999542236328,190.1999969482422,0,1,,1.0,1.0,0.0, , ,0.0,0.0, , 
850,2021-01-08 11:00:00+01:00,190.6000061035156,191.1999969482422,190.5,190.8999938964844,190.8999938964844,24716,190.1999969482422,189.5999984741211,190.0999984741211,187.54999542236328,190.3999938964844,1,1,,,1.0,0.0, , ,0.0,0.0, , 
851,2021-01-08 12:00:00+01:00,190.8000030517578,192.3000030517578,190.6000061035156,191.6000061035156,191.6000061035156,74947,190.6500015258789,189.5999984741211,189.875,187.54999542236328,191.0,1,1,,,1.0,0.0, , ,0.0,0.0, , 
852,2021-01-08 13:00:00+01:00,191.8999938964844,192.3000030517578,191.3000030517578,192.1999969482422,192.1999969482422,37687,190.6500015258789,189.5999984741211,189.8499984741211,187.54999542236328,190.8999938964844,1,1,,,1.0,0.0, , ,0.0,0.0, , 
853,2021-01-08 14:00:00+01:00,191.8000030517578,192.8999938964844,191.6999969482422,192.3999938964844,192.3999938964844,45262,190.75,189.6999969482422,189.8499984741211,187.54999542236328,191.0,1,1,,,1.0,0.0, , ,0.0,0.0, , 
854,2021-01-08 15:00:00+01:00,192.6000061035156,192.8999938964844,192.0,192.8999938964844,192.8999938964844,48393,190.75,189.6999969482422,189.79999542236328,187.54999542236328,193.5,1,1,,,1.0,0.0, , ,0.0,0.0, , 
855,2021-01-08 16:00:00+01:00,193.0,194.0,193.0,193.8999938964844,193.8999938964844,47310,191.6999969482422,190.25,189.79999542236328,187.54999542236328,193.1999969482422,1,1,,,1.0,0.0, , ,0.0,0.0, , 
856,2021-01-11 09:00:00+01:00,195.0,195.5,193.0,194.3999938964844,194.3999938964844,17414,192.5999984741211,191.0,189.6999969482422,187.4499969482422,193.3999938964844,1,1,,,1.0,0.0, , ,0.0,0.0, , 
857,2021-01-11 10:00:00+01:00,193.3000030517578,195.5,193.0,194.8000030517578,194.8000030517578,76246,192.6999969482422,191.0,189.4000015258789,187.4499969482422,193.3000030517578,1,1,,,1.0,0.0, , ,0.0,0.0, , 
858,2021-01-11 11:00:00+01:00,195.0,195.5,194.1000061035156,194.6999969482422,194.6999969482422,47223,193.0,191.0,188.97499465942383,187.4499969482422,193.8000030517578,1,1,,,1.0,0.0, , ,0.0,0.0, , 
859,2021-01-11 12:00:00+01:00,194.3999938964844,194.8999938964844,194.1000061035156,194.3999938964844,194.3999938964844,28187,193.0500030517578,191.0,188.97499465942383,187.4499969482422,194.3999938964844,1,1,,,1.0,0.0, , ,0.0,0.0, , 
860,2021-01-11 13:00:00+01:00,194.8999938964844,194.8999938964844,194.1000061035156,194.3999938964844,194.3999938964844,30566,193.4000015258789,191.0,188.87499618530273,187.4499969482422,194.8999938964844,1,1,,,1.0,0.0, , ,0.0,0.0, , 
861,2021-01-11 14:00:00+01:00,194.1999969482422,194.8000030517578,193.0,193.1000061035156,193.1000061035156,39401,193.5999984741211,191.0,188.79999923706055,187.4499969482422,194.8999938964844,1,1,,,1.0,0.0, , ,0.0,0.0, , 
862,2021-01-11 15:00:00+01:00,193.6999969482422,194.3000030517578,192.6000061035156,194.0,194.0,84117,193.75,191.0,188.57500076293945,187.4499969482422,195.5,1,1,,-1.0,1.0,0.0, , ,0.0,0.0, , 
863,2021-01-11 16:00:00+01:00,193.8999938964844,194.1000061035156,193.8000030517578,194.0,194.0,15415,194.0500030517578,191.0999984741211,188.57500076293945,187.4499969482422,195.3000030517578,1,1,,,1.0,0.0, , ,0.0,0.0, , 
864,2021-01-12 09:00:00+01:00,192.6999969482422,194.0,192.1999969482422,192.3000030517578,192.3000030517578,15164,193.8499984741211,191.5999984741211,188.57500076293945,187.4499969482422,194.6000061035156,1,1,,,1.0,0.0, , ,0.0,0.0, , 
865,2021-01-12 10:00:00+01:00,193.3000030517578,193.3000030517578,192.1999969482422,192.5,192.5,35090,193.8499984741211,191.5999984741211,188.5,187.4499969482422,195.5,1,1,,,1.0,0.0, , ,0.0,0.0, , 
866,2021-01-12 11:00:00+01:00,192.3999938964844,192.8000030517578,192.1000061035156,192.3000030517578,192.3000030517578,24192,193.8000030517578,191.5999984741211,188.64999771118164,187.4499969482422,195.5,1,1,,,1.0,0.0, , ,0.0,0.0, , 
867,2021-01-12 12:00:00+01:00,192.1999969482422,192.3999938964844,191.6000061035156,191.8999938964844,191.8999938964844,29895,193.25,191.5999984741211,188.64999771118164,187.4499969482422,195.1999969482422,1,1,,,1.0,0.0, , ,0.0,0.0, , 
868,2021-01-12 13:00:00+01:00,192.0,192.1000061035156,191.6999969482422,191.8999938964844,191.8999938964844,22874,193.25,192.0500030517578,188.42499923706055,187.54999542236328,195.3999938964844,1,1,,,1.0,0.0, , ,0.0,0.0, , 
869,2021-01-12 14:00:00+01:00,191.8999938964844,192.1000061035156,191.3999938964844,191.3999938964844,191.3999938964844,26367,193.0999984741211,192.0500030517578,188.39999771118164,187.54999542236328,195.5,1,1,,,1.0,0.0, , ,0.0,0.0, , 
870,2021-01-12 15:00:00+01:00,191.8000030517578,192.0,190.8000030517578,191.3000030517578,191.3000030517578,52213,192.5500030517578,192.0500030517578,188.39999771118164,187.54999542236328,197.5,1,1,,,1.0,0.0, , ,0.0,0.0, , 
871,2021-01-12 16:00:00+01:00,191.3999938964844,191.3999938964844,191.1000061035156,191.1999969482422,191.1999969482422,12750,192.45000457763672,192.0500030517578,188.39999771118164,187.54999542236328,197.5,1,1,,,1.0,0.0, , ,0.0,0.0, , 
872,2021-01-13 09:00:00+01:00,191.0,191.6999969482422,189.8999938964844,190.1000061035156,190.1000061035156,28663,191.9499969482422,192.4499969482422,188.4499969482422,187.54999542236328,196.1999969482422,1,1,-1.0,,1.0,0.0, , ,0.0,0.0, , 
873,2021-01-13 10:00:00+01:00,190.3000030517578,190.8000030517578,189.8000030517578,190.3999938964844,190.3999938964844,69364,191.5500030517578,192.5999984741211,188.75,187.54999542236328,195.5,1,1,,,0.0,-1.0, ,Sell,0.0,0.0, , 
874,2021-01-13 11:00:00+01:00,190.1000061035156,190.5,189.5,189.6000061035156,189.6000061035156,27802,191.1500015258789,192.5,189.89999771118164,187.54999542236328,195.3999938964844,0,1,,,0.0,0.0, , ,0.0,0.0, , 
875,2021-01-13 12:00:00+01:00,190.0,190.1999969482422,189.5,190.1999969482422,190.1999969482422,35291,190.9499969482422,192.5,189.89999771118164,187.9000015258789,195.1999969482422,0,1,,,0.0,0.0, , ,0.0,0.0, , 
876,2021-01-13 13:00:00+01:00,189.8999938964844,190.8000030517578,189.8999938964844,190.3999938964844,190.3999938964844,29395,190.8000030517578,192.5,189.89999771118164,187.9000015258789,195.6000061035156,0,1,,,0.0,0.0, , ,0.0,0.0, , 
877,2021-01-13 14:00:00+01:00,190.3000030517578,191.1000061035156,190.3000030517578,191.0,191.0,23812,190.8000030517578,192.5,190.125,187.9000015258789,195.5,1,1,,,0.0,0.0, , ,0.0,0.0, , 
878,2021-01-13 15:00:00+01:00,191.0,191.1000061035156,190.6000061035156,190.8999938964844,190.8999938964844,40112,190.75,192.5,190.125,187.9000015258789,196.6999969482422,1,1,,1.0,0.0,0.0, , ,0.0,0.0, , 
879,2021-01-13 16:00:00+01:00,190.8999938964844,191.0,190.6000061035156,191.0,191.0,11551,190.5999984741211,192.5,190.2249984741211,187.9000015258789,196.6999969482422,1,1,,,1.0,1.0,Buy, ,0.0,0.0, , 
880,2021-01-14 09:00:00+01:00,192.1000061035156,194.6999969482422,191.8999938964844,193.5,193.5,57003,192.0999984741211,192.5,190.2249984741211,187.9000015258789,196.1999969482422,1,1,,,1.0,0.0, , ,0.0,0.0, , 
881,2021-01-14 10:00:00+01:00,194.1000061035156,194.6000061035156,192.5,193.1999969482422,193.1999969482422,52157,192.0999984741211,192.5,190.9749984741211,187.9499969482422,196.3999938964844,1,1,,,1.0,0.0, , ,0.0,0.0, , 
882,2021-01-14 11:00:00+01:00,193.3000030517578,193.5,192.6999969482422,193.3999938964844,193.3999938964844,249921,192.0999984741211,192.5,191.79999923706055,187.9499969482422,196.3000030517578,1,1,,,1.0,0.0, , ,0.0,0.0, , 
883,2021-01-14 12:00:00+01:00,193.0,193.6000061035156,192.6999969482422,193.3000030517578,193.3000030517578,88822,192.0999984741211,192.5,191.8499984741211,187.9499969482422,196.3000030517578,1,1,,,1.0,0.0, , ,0.0,0.0, , 
884,2021-01-14 13:00:00+01:00,193.1000061035156,193.8000030517578,193.0,193.8000030517578,193.8000030517578,54033,192.29999542236328,192.1999969482422,192.0,187.9499969482422,196.8000030517578,1,1,1.0,,1.0,0.0, , ,0.0,0.0, , 
885,2021-01-14 14:00:00+01:00,193.3000030517578,194.3999938964844,193.1000061035156,194.3999938964844,194.3999938964844,50245,192.5,192.1999969482422,192.0250015258789,187.9499969482422,196.8999938964844,1,1,,,1.0,0.0, , ,0.0,0.0, ,Buy
886,2021-01-14 15:00:00+01:00,194.3999938964844,195.3000030517578,193.8999938964844,194.8999938964844,194.8999938964844,112996,192.95000457763672,192.4000015258789,192.20000076293945,187.9499969482422,197.0,1,1,,,1.0,0.0, , ,0.0,0.0, , 
887,2021-01-14 16:00:00+01:00,194.8999938964844,195.1000061035156,194.6000061035156,194.8999938964844,194.8999938964844,15417,192.95000457763672,192.4000015258789,192.29999923706055,187.9499969482422,196.6999969482422,1,1,,,1.0,0.0, , ,0.0,0.0, , 
888,2021-01-15 09:00:00+01:00,194.8999938964844,195.8999938964844,194.3999938964844,195.5,195.5,25794,193.8999938964844,192.6999969482422,192.375,188.1999969482422,196.6999969482422,1,1,,,1.0,0.0, , ,0.0,0.0, , 
889,2021-01-15 10:00:00+01:00,195.6000061035156,196.3999938964844,195.3000030517578,195.3000030517578,195.3000030517578,94658,194.4499969482422,192.9499969482422,192.57500076293945,188.25,197.0,1,1,,,1.0,0.0, , ,0.0,0.0, , 
890,2021-01-15 11:00:00+01:00,196.1999969482422,196.3999938964844,194.5,194.6000061035156,194.6000061035156,53266,194.54999542236328,192.9499969482422,192.7249984741211,188.25,197.3999938964844,1,1,,,1.0,0.0, , ,0.0,0.0, , 
891,2021-01-15 12:00:00+01:00,194.8000030517578,195.6000061035156,194.5,195.5,195.5,44163,194.54999542236328,192.9499969482422,192.7249984741211,188.25,197.6999969482422,1,1,,,1.0,0.0, , ,0.0,0.0, , 
892,2021-01-15 13:00:00+01:00,195.1999969482422,195.8000030517578,195.1999969482422,195.5,195.5,53962,194.6999969482422,192.9499969482422,192.70000076293945,188.79999542236328,197.8999938964844,1,1,,,1.0,0.0, , ,0.0,0.0, , 
893,2021-01-15 14:00:00+01:00,195.6000061035156,195.8000030517578,194.8000030517578,195.1999969482422,195.1999969482422,42694,194.75,192.9499969482422,192.42499923706055,188.79999542236328,197.8000030517578,1,1,,,1.0,0.0, , ,0.0,0.0, , 
894,2021-01-15 15:00:00+01:00,195.1999969482422,195.6999969482422,194.8000030517578,195.3999938964844,195.3999938964844,38751,195.1499938964844,192.9499969482422,192.6500015258789,188.8499984741211,199.8000030517578,1,1,,,1.0,0.0, , ,0.0,0.0, , 
895,2021-01-15 16:00:00+01:00,195.3999938964844,195.6999969482422,195.1999969482422,195.5,195.5,17015,195.3999938964844,192.9499969482422,192.57500076293945,189.0999984741211,198.8999938964844,1,1,,,1.0,0.0, , ,0.0,0.0, , 
896,2021-01-18 09:00:00+01:00,196.6000061035156,197.6999969482422,196.1999969482422,197.5,197.5,24247,196.04999542236328,193.5999984741211,192.3000030517578,189.0999984741211,198.3999938964844,1,1,,1.0,1.0,0.0, , ,0.0,0.0, , 
897,2021-01-18 10:00:00+01:00,197.0,197.6999969482422,197.0,197.5,197.5,36580,196.0999984741211,193.5999984741211,192.25000381469727,189.0999984741211,198.3999938964844,1,1,,,1.0,0.0, , ,0.0,0.0, , 
898,2021-01-18 11:00:00+01:00,197.3999938964844,197.6999969482422,196.1999969482422,196.1999969482422,196.1999969482422,41483,196.0999984741211,193.5999984741211,192.1999969482422,189.0999984741211,199.5,1,1,,,1.0,0.0, , ,0.0,0.0, , 
899,2021-01-18 12:00:00+01:00,196.6000061035156,196.8999938964844,195.3000030517578,195.5,195.5,48683,196.0999984741211,193.5999984741211,192.07500076293945,189.0999984741211,199.1000061035156,1,1,,,1.0,0.0, , ,0.0,0.0, , 
900,2021-01-18 13:00:00+01:00,195.5,195.6999969482422,195.3000030517578,195.3999938964844,195.3999938964844,23584,196.25,193.5999984741211,191.82500076293945,189.5999984741211,199.1000061035156,1,1,,-1.0,1.0,0.0, , ,0.0,0.0, , 
901,2021-01-18 14:00:00+01:00,195.3999938964844,195.5,195.1999969482422,195.1999969482422,195.1999969482422,20006,196.25,193.79999542236328,191.7249984741211,189.5999984741211,199.6000061035156,1,1,,,1.0,0.0, , ,0.0,0.0, , 
902,2021-01-18 15:00:00+01:00,195.1999969482422,195.8000030517578,195.1000061035156,195.6000061035156,195.6000061035156,30850,196.25,194.0,191.6500015258789,189.5999984741211,211.0,1,1,,,1.0,0.0, , ,0.0,0.0, , 
903,2021-01-18 16:00:00+01:00,195.6999969482422,195.8000030517578,195.5,195.5,195.5,8001,196.4000015258789,194.1500015258789,191.6500015258789,189.5999984741211,211.6000061035156,1,1,,,1.0,0.0, , ,0.0,0.0, , 
904,2021-01-19 09:00:00+01:00,196.0,197.5,196.0,196.6999969482422,196.6999969482422,31994,196.4000015258789,194.1500015258789,191.625,189.5999984741211,209.3999938964844,1,1,,,1.0,0.0, , ,0.0,0.0, , 
905,2021-01-19 10:00:00+01:00,197.1000061035156,197.1000061035156,196.5,196.6999969482422,196.6999969482422,21895,196.4000015258789,194.79999542236328,191.54999923706055,189.6999969482422,210.6000061035156,1,1,,1.0,1.0,0.0, , ,0.0,0.0, , 
906,2021-01-19 11:00:00+01:00,196.5,196.6999969482422,196.1999969482422,196.1999969482422,196.1999969482422,31873,196.4000015258789,195.0999984741211,192.29999923706055,189.6999969482422,209.1999969482422,1,1,,,1.0,0.0, , ,0.0,0.0, , 
907,2021-01-19 12:00:00+01:00,196.5,196.8999938964844,196.1999969482422,196.3999938964844,196.3999938964844,39702,196.3000030517578,195.1999969482422,192.29999923706055,190.25,208.1999969482422,1,1,,,1.0,0.0, , ,0.0,0.0, , 
908,2021-01-19 13:00:00+01:00,196.6000061035156,196.6999969482422,196.1000061035156,196.3000030517578,196.3000030517578,21842,196.3000030517578,195.1999969482422,192.29999923706055,191.0,208.1999969482422,1,1,,,1.0,0.0, , ,0.0,0.0, , 
909,2021-01-19 14:00:00+01:00,196.3000030517578,196.6000061035156,196.1000061035156,196.3000030517578,196.3000030517578,20682,196.3000030517578,195.3499984741211,192.29999923706055,191.0,207.8000030517578,1,1,,,1.0,0.0, , ,0.0,0.0, , 
910,2021-01-19 15:00:00+01:00,196.3000030517578,196.8000030517578,196.1000061035156,196.8000030517578,196.8000030517578,29712,196.3000030517578,195.4000015258789,192.24999618530273,191.0,209.8000030517578,1,1,,,1.0,0.0, , ,0.0,0.0, , 
911,2021-01-19 16:00:00+01:00,196.8999938964844,197.0,196.6000061035156,196.8999938964844,196.8999938964844,9455,196.5,195.79999542236328,192.3499984741211,191.0,210.6000061035156,1,1,,1.0,1.0,0.0, , ,0.0,0.0, , 
912,2021-01-20 09:00:00+01:00,196.8000030517578,197.8999938964844,196.3999938964844,197.0,197.0,40229,196.9499969482422,196.1499938964844,192.6750030517578,191.0,207.3999938964844,1,1,,-1.0,1.0,0.0, , ,0.0,0.0, , 
913,2021-01-20 10:00:00+01:00,197.0,197.8999938964844,196.6000061035156,196.6999969482422,196.6999969482422,36210,197.0,196.1499938964844,192.6750030517578,191.0,206.0,1,1,,,1.0,0.0, , ,0.0,0.0, , 
914,2021-01-20 11:00:00+01:00,196.8000030517578,197.0,196.6000061035156,196.6999969482422,196.6999969482422,24879,197.0,196.1999969482422,193.29999542236328,191.0,203.0,1,1,,-1.0,1.0,0.0, , ,0.0,0.0, , 
915,2021-01-20 12:00:00+01:00,197.0,197.0,196.5,197.0,197.0,19901,197.0,196.1999969482422,193.6999969482422,191.0,201.3999938964844,1,1,,,1.0,0.0, , ,0.0,0.0, , 
916,2021-01-20 13:00:00+01:00,196.8000030517578,197.3999938964844,196.6000061035156,197.3999938964844,197.3999938964844,27325,197.0,196.1999969482422,193.74999618530273,191.0,203.8000030517578,1,1,,-1.0,1.0,0.0, , ,0.0,0.0, , 
917,2021-01-20 14:00:00+01:00,196.6000061035156,197.8000030517578,196.6000061035156,197.6999969482422,197.6999969482422,34741,197.0,196.3499984741211,193.74999618530273,191.0,204.0,1,1,,,1.0,0.0, , ,0.0,0.0, , 
918,2021-01-20 15:00:00+01:00,197.8000030517578,197.8999938964844,197.0,197.8999938964844,197.8999938964844,30597,197.0,196.3499984741211,193.8249969482422,191.0,205.0,1,1,,1.0,1.0,0.0, , ,0.0,0.0, , 
919,2021-01-20 16:00:00+01:00,197.8000030517578,198.1000061035156,197.6999969482422,197.8000030517578,197.8000030517578,20359,197.25,196.45000457763672,193.8499984741211,191.0,204.6000061035156,1,1,,,1.0,0.0, , ,0.0,0.0, , 
920,2021-01-21 09:00:00+01:00,198.5,201.0,198.5,199.8000030517578,199.8000030517578,43201,198.6999969482422,198.0500030517578,194.04999542236328,191.0,204.3999938964844,1,1,,-1.0,1.0,0.0, , ,0.0,0.0, , 
921,2021-01-21 10:00:00+01:00,200.1999969482422,200.1999969482422,198.6999969482422,198.8999938964844,198.8999938964844,51047,198.75,198.0500030517578,194.17499542236328,191.0,204.6000061035156,1,1,,1.0,1.0,0.0, , ,0.0,0.0, , 
922,2021-01-21 11:00:00+01:00,199.1999969482422,199.3000030517578,198.1999969482422,198.3999938964844,198.3999938964844,43586,198.75,198.0500030517578,194.8249969482422,191.0,205.1999969482422,1,1,,,1.0,0.0, , ,0.0,0.0, , 
923,2021-01-21 12:00:00+01:00,198.3000030517578,198.6999969482422,198.1999969482422,198.3999938964844,198.3999938964844,32948,198.75,198.0500030517578,194.8499984741211,191.0,204.1999969482422,1,1,,-1.0,1.0,0.0, , ,0.0,0.0, , 
924,2021-01-21 13:00:00+01:00,198.5,199.5,198.3999938964844,199.5,199.5,39915,198.8000030517578,198.0500030517578,194.8499984741211,191.0,204.0,1,1,,,1.0,0.0, , ,0.0,0.0, , 
925,2021-01-21 14:00:00+01:00,198.8000030517578,199.6999969482422,198.8000030517578,199.1000061035156,199.1000061035156,64709,198.8000030517578,198.0500030517578,194.8499984741211,191.0,204.0,1,1,,,1.0,0.0, , ,0.0,0.0, , 
926,2021-01-21 15:00:00+01:00,199.3999938964844,199.6999969482422,198.3999938964844,199.1000061035156,199.1000061035156,88551,199.0,198.0500030517578,194.92499923706055,191.0,200.8000030517578,1,1,,1.0,1.0,0.0, , ,0.0,0.0, , 
927,2021-01-21 16:00:00+01:00,199.0,199.8000030517578,198.6000061035156,199.6000061035156,199.6000061035156,29354,199.3499984741211,198.0500030517578,195.02499771118164,191.0,201.0,1,1,,-1.0,1.0,0.0, , ,0.0,0.0, , 
928,2021-01-22 09:00:00+01:00,204.0,211.6000061035156,202.8000030517578,211.0,211.0,345195,204.9000015258789,203.5500030517578,195.125,191.0,199.8000030517578,1,1,,,1.0,0.0, , ,0.0,0.0, , 
929,2021-01-22 10:00:00+01:00,209.1999969482422,212.8000030517578,208.3999938964844,211.6000061035156,211.6000061035156,334847,205.5,204.4000015258789,195.2750015258789,191.0,198.8000030517578,1,1,,1.0,1.0,0.0, , ,0.0,0.0, , 
930,2021-01-22 11:00:00+01:00,212.6000061035156,212.6000061035156,208.0,209.3999938964844,209.3999938964844,158708,205.5,204.45000457763672,195.2750015258789,191.0,197.1000061035156,1,1,,,1.0,0.0, , ,0.0,0.0, , 
931,2021-01-22 12:00:00+01:00,208.6000061035156,211.6000061035156,208.1999969482422,210.6000061035156,210.6000061035156,123928,205.5,204.45000457763672,195.5999984741211,191.0,198.1999969482422,1,1,,,1.0,0.0, , ,0.0,0.0, , 
932,2021-01-22 13:00:00+01:00,210.0,211.6000061035156,209.1999969482422,209.1999969482422,209.1999969482422,102850,205.5999984741211,204.45000457763672,195.75,191.0,197.8000030517578,1,1,,,1.0,0.0, , ,0.0,0.0, , 
933,2021-01-22 14:00:00+01:00,209.8000030517578,209.8000030517578,208.1999969482422,208.1999969482422,208.1999969482422,76620,205.5999984741211,204.45000457763672,195.75,191.0,197.3000030517578,1,1,,,1.0,0.0, , ,0.0,0.0, , 
934,2021-01-22 15:00:00+01:00,208.6000061035156,209.1999969482422,206.8000030517578,208.1999969482422,208.1999969482422,159752,205.5999984741211,204.45000457763672,195.75,191.0,195.3000030517578,1,1,,,1.0,0.0, , ,0.0,0.0, , 
935,2021-01-22 16:00:00+01:00,208.1999969482422,208.6000061035156,207.1999969482422,207.8000030517578,207.8000030517578,58488,205.70000457763672,204.45000457763672,195.82500076293945,191.0,196.0,1,1,,,1.0,0.0, , ,0.0,0.0, , 
936,2021-01-25 09:00:00+01:00,206.8000030517578,210.1999969482422,206.8000030517578,209.8000030517578,209.8000030517578,55848,207.8000030517578,204.5999984741211,195.85000228881836,191.0,197.3000030517578,1,1,,-1.0,1.0,0.0, , ,0.0,0.0, , 
937,2021-01-25 10:00:00+01:00,209.0,212.0,208.8000030517578,210.6000061035156,210.6000061035156,190626,209.8000030517578,204.5999984741211,196.14999771118164,191.0,197.6999969482422,1,1,,,1.0,0.0, , ,0.0,0.0, , 
938,2021-01-25 11:00:00+01:00,210.6000061035156,212.0,207.1999969482422,207.3999938964844,207.3999938964844,118860,209.70000457763672,204.6500015258789,196.54999542236328,191.0,198.1999969482422,1,1,,1.0,1.0,0.0, , ,0.0,0.0, , 
939,2021-01-25 12:00:00+01:00,209.1999969482422,209.3999938964844,205.6000061035156,206.0,206.0,139964,208.8000030517578,204.6500015258789,196.5749969482422,191.0,200.3999938964844,1,1,,,1.0,0.0, , ,0.0,0.0, , 
940,2021-01-25 13:00:00+01:00,207.3999938964844,207.6000061035156,202.8000030517578,203.0,203.0,147961,207.4000015258789,204.6500015258789,196.5999984741211,191.1999969482422,200.8000030517578,1,1,,-1.0,1.0,0.0, , ,0.0,0.0, , 
941,2021-01-25 14:00:00+01:00,206.1999969482422,206.1999969482422,201.3999938964844,201.3999938964844,201.3999938964844,192175,206.6999969482422,204.70000457763672,196.5999984741211,191.54999542236328,201.1999969482422,1,1,,,1.0,0.0, , ,0.0,0.0, , 
942,2021-01-25 15:00:00+01:00,201.8000030517578,204.1999969482422,201.1999969482422,203.8000030517578,203.8000030517578,187246,206.5999984741211,204.70000457763672,196.5999984741211,192.04999542236328,198.6999969482422,1,1,,,1.0,0.0, , ,0.0,0.0, , 
943,2021-01-25 16:00:00+01:00,203.6000061035156,204.1999969482422,203.0,204.0,204.0,37498,206.5999984741211,204.9000015258789,196.67499923706055,192.04999542236328,198.3999938964844,1,1,,,1.0,0.0, , ,0.0,0.0, , 
944,2021-01-26 09:00:00+01:00,203.0,205.6000061035156,202.6000061035156,205.0,205.0,22015,206.5999984741211,205.25,196.67499923706055,192.04999542236328,198.8000030517578,1,1,,,1.0,0.0, , ,0.0,0.0, , 
945,2021-01-26 10:00:00+01:00,204.8000030517578,205.6000061035156,204.1999969482422,204.6000061035156,204.6000061035156,69595,206.5999984741211,205.5,196.85000228881836,192.04999542236328,198.3000030517578,1,1,,,1.0,0.0, , ,0.0,0.0, , 
946,2021-01-26 11:00:00+01:00,204.8000030517578,204.8000030517578,204.1999969482422,204.3999938964844,204.3999938964844,39362,206.5999984741211,205.5,198.375,192.5,198.1000061035156,1,1,,,1.0,0.0, , ,0.0,0.0, , 
947,2021-01-26 12:00:00+01:00,204.6000061035156,204.8000030517578,204.0,204.6000061035156,204.6000061035156,44179,205.29999542236328,205.5,198.4000015258789,192.5,198.3999938964844,1,1,-1.0,,1.0,0.0, , ,0.0,0.0, , 
948,2021-01-26 13:00:00+01:00,204.6000061035156,205.1999969482422,204.0,205.1999969482422,205.1999969482422,52597,204.4000015258789,205.5,198.4000015258789,193.1500015258789,196.8999938964844,1,1,,1.0,0.0,-1.0, ,Sell,0.0,0.0, , 
949,2021-01-26 14:00:00+01:00,205.0,205.1999969482422,204.0,204.1999969482422,204.1999969482422,39473,203.6999969482422,205.5999984741211,198.4000015258789,193.1500015258789,197.5,1,1,,,1.0,1.0,Buy, ,0.0,0.0, , 
950,2021-01-26 15:00:00+01:00,204.3999938964844,204.6000061035156,203.3999938964844,204.0,204.0,59964,203.4000015258789,205.5999984741211,198.4250030517578,193.54999542236328,197.8999938964844,1,1,,,1.0,0.0, , ,0.0,0.0, , 
951,2021-01-26 16:00:00+01:00,204.0,204.1999969482422,203.3999938964844,204.0,204.0,22448,204.1000061035156,205.5999984741211,198.4250030517578,193.5999984741211,198.3000030517578,1,1,,-1.0,1.0,0.0, , ,0.0,0.0, , 
952,2021-01-27 09:00:00+01:00,201.1999969482422,202.6000061035156,200.1999969482422,200.8000030517578,200.8000030517578,86787,202.9000015258789,205.70000457763672,198.5250015258789,193.5999984741211,199.6999969482422,1,1,,,1.0,0.0, , ,0.0,0.0, , 
953,2021-01-27 10:00:00+01:00,200.8000030517578,202.0,200.1999969482422,201.0,201.0,108627,202.9000015258789,206.5,198.70000076293945,193.5999984741211,199.6999969482422,1,1,,,1.0,0.0, , ,0.0,0.0, , 
954,2021-01-27 11:00:00+01:00,201.1999969482422,201.3999938964844,199.6000061035156,199.8000030517578,199.8000030517578,77927,202.4000015258789,206.20000457763672,204.22500228881836,193.5999984741211,200.0,0,1,,,1.0,0.0, , ,0.0,0.0, , 
955,2021-01-27 12:00:00+01:00,200.1999969482422,200.1999969482422,198.3999938964844,198.8000030517578,198.8000030517578,67980,201.79999542236328,205.5,204.95000076293945,193.5999984741211,199.8999938964844,0,1,,,1.0,0.0, , ,0.0,0.0, , 
956,2021-01-27 13:00:00+01:00,198.8000030517578,199.0,197.1000061035156,197.1000061035156,197.1000061035156,116836,201.1500015258789,204.5500030517578,204.97500228881836,193.5999984741211,200.1999969482422,0,1,,,1.0,0.0, , ,0.0,0.0, , 
957,2021-01-27 14:00:00+01:00,198.1999969482422,198.5,197.1000061035156,198.1999969482422,198.1999969482422,87173,201.1500015258789,204.5500030517578,204.97500228881836,193.5999984741211,200.0,0,1,,,1.0,0.0, , ,0.0,0.0, , 
958,2021-01-27 15:00:00+01:00,197.6000061035156,198.5,196.6000061035156,197.8000030517578,197.8000030517578,101094,200.6000061035156,204.3000030517578,205.0250015258789,193.5999984741211,204.0,0,1,,,1.0,0.0, , ,0.0,0.0, , 
959,2021-01-27 16:00:00+01:00,197.6999969482422,197.6999969482422,196.8000030517578,197.3000030517578,197.3000030517578,21562,200.4000015258789,204.3000030517578,205.0250015258789,193.5999984741211,204.6000061035156,0,1,,,1.0,0.0, , ,0.0,0.0, , 
960,2021-01-28 09:00:00+01:00,197.0,197.0,194.5,195.3000030517578,195.3000030517578,31990,198.5500030517578,203.25,205.0250015258789,193.5999984741211,204.1999969482422,0,1,,,1.0,0.0, , ,0.0,0.0, , 
961,2021-01-28 10:00:00+01:00,195.6999969482422,196.3000030517578,194.3000030517578,196.0,196.0,98947,198.1500015258789,203.1500015258789,205.07500457763672,193.5999984741211,204.0,0,1,,,1.0,0.0, , ,0.0,0.0, , 
962,2021-01-28 11:00:00+01:00,195.1000061035156,197.3000030517578,194.3000030517578,197.3000030517578,197.3000030517578,53536,197.8499984741211,203.1500015258789,206.20000076293945,193.5999984741211,203.0,0,1,,,1.0,0.0, , ,0.0,0.0, , 
963,2021-01-28 12:00:00+01:00,196.8000030517578,198.1999969482422,196.6000061035156,197.6999969482422,197.6999969482422,27025,197.25,203.1500015258789,207.20000076293945,193.5999984741211,203.0,0,1,,,1.0,0.0, , ,0.0,0.0, , 
964,2021-01-28 13:00:00+01:00,198.1999969482422,198.8000030517578,197.6999969482422,198.1999969482422,198.1999969482422,49825,196.6500015258789,201.8499984741211,207.1750030517578,193.6999969482422,203.0,0,1,,1.0,1.0,0.0, , ,0.0,0.0, , 
965,2021-01-28 14:00:00+01:00,198.5,200.8000030517578,198.0,200.3999938964844,200.3999938964844,84226,197.5500030517578,200.95000457763672,206.72500228881836,193.6999969482422,204.0,0,1,,,1.0,0.0, , ,0.0,0.0, , 
966,2021-01-28 15:00:00+01:00,199.3000030517578,201.1999969482422,198.8999938964844,200.8000030517578,200.8000030517578,94716,197.75,200.25,206.0250015258789,193.6999969482422,205.1999969482422,0,1,,,1.0,0.0, , ,0.0,0.0, , 
967,2021-01-28 16:00:00+01:00,200.8000030517578,201.6000061035156,200.6000061035156,201.1999969482422,201.1999969482422,26179,197.95000457763672,199.95000457763672,205.70000076293945,193.6999969482422,204.6000061035156,0,1,,,1.0,0.0, , ,0.0,0.0, , 
968,2021-01-29 09:00:00+01:00,200.1999969482422,200.1999969482422,197.0,198.6999969482422,198.6999969482422,30702,197.95000457763672,199.95000457763672,205.6500015258789,193.6999969482422,204.8000030517578,0,1,,,1.0,0.0, , ,0.0,0.0, , 
969,2021-01-29 10:00:00+01:00,198.6999969482422,198.8999938964844,197.6999969482422,198.3999938964844,198.3999938964844,51180,197.95000457763672,199.95000457763672,205.75,193.6999969482422,205.1999969482422,0,1,,,1.0,0.0, , ,0.0,0.0, , 
970,2021-01-29 11:00:00+01:00,198.0,199.0,198.0,198.8000030517578,198.8000030517578,28500,197.95000457763672,199.95000457763672,205.92499923706055,193.6999969482422,205.3999938964844,0,1,,,1.0,0.0, , ,0.0,0.0, , 
971,2021-01-29 12:00:00+01:00,198.3000030517578,199.1999969482422,198.1999969482422,198.3000030517578,198.3000030517578,30386,199.1000061035156,199.75,206.04999923706055,193.8000030517578,205.0,0,1,,-1.0,1.0,0.0, , ,0.0,0.0, , 
972,2021-01-29 13:00:00+01:00,199.0,199.1999969482422,197.8000030517578,198.1000061035156,198.1000061035156,28512,199.3000030517578,199.75,206.04999923706055,195.25,205.0,0,1,,,1.0,0.0, , ,0.0,0.0, , 
973,2021-01-29 14:00:00+01:00,198.0,198.3999938964844,197.3000030517578,198.3999938964844,198.3999938964844,59830,199.3000030517578,199.75,205.39999771118164,195.25,205.0,0,1,,,1.0,0.0, , ,0.0,0.0, , 
974,2021-01-29 15:00:00+01:00,198.0,198.6999969482422,196.3000030517578,196.8999938964844,196.8999938964844,82344,198.95000457763672,199.75,204.95000076293945,195.25,204.6000061035156,0,1,,,1.0,0.0, , ,0.0,0.0, , 
975,2021-01-29 16:00:00+01:00,196.8000030517578,198.0,196.8000030517578,197.5,197.5,29425,198.95000457763672,199.45000457763672,204.64999771118164,195.25,203.8000030517578,0,1,,,1.0,0.0, , ,0.0,0.0, , 
976,2021-02-01 09:00:00+01:00,198.0,199.3999938964844,197.0,197.8999938964844,197.8999938964844,12402,198.25,199.25,204.5,195.25,203.8000030517578,0,1,,,1.0,0.0, , ,0.0,0.0, , 
977,2021-02-01 10:00:00+01:00,199.1000061035156,199.3999938964844,197.6000061035156,198.3000030517578,198.3000030517578,40190,197.8499984741211,198.45000457763672,204.85000228881836,195.25,203.6000061035156,0,1,,1.0,1.0,0.0, , ,0.0,0.0, , 
978,2021-02-01 11:00:00+01:00,198.3999938964844,199.6999969482422,197.6000061035156,199.6999969482422,199.6999969482422,22385,198.0,198.1500015258789,204.3000030517578,195.25,203.6000061035156,0,1,,,1.0,0.0, , ,0.0,0.0, , 
979,2021-02-01 12:00:00+01:00,199.1000061035156,200.0,199.1000061035156,199.6999969482422,199.6999969482422,17731,198.1500015258789,197.95000457763672,204.70000076293945,195.4499969482422,203.8000030517578,0,1,1.0,,1.0,0.0, , ,0.0,0.0, , 
980,2021-02-01 13:00:00+01:00,199.6999969482422,200.3999938964844,199.6000061035156,200.0,200.0,23178,198.3499984741211,197.95000457763672,204.3000030517578,200.95000457763672,203.8000030517578,-1,1,,,1.0,0.0, , ,0.0,0.0, ,Buy
981,2021-02-01 14:00:00+01:00,200.3999938964844,200.3999938964844,199.5,199.8999938964844,199.8999938964844,29968,198.3499984741211,197.95000457763672,203.64999771118164,201.70000457763672,204.3999938964844,-1,1,,,1.0,0.0, , ,0.0,0.0, , 
982,2021-02-01 15:00:00+01:00,199.6000061035156,200.1999969482422,199.6000061035156,200.1999969482422,200.1999969482422,27914,198.3499984741211,197.95000457763672,202.85000228881836,201.70000457763672,205.0,-1,1,,,1.0,0.0, , ,0.0,0.0, , 
983,2021-02-01 16:00:00+01:00,199.8999938964844,200.3999938964844,199.8999938964844,200.0,200.0,18659,198.5999984741211,197.95000457763672,202.85000228881836,202.3499984741211,205.3999938964844,-1,1,,,1.0,0.0, , ,0.0,0.0, , 
984,2021-02-02 09:00:00+01:00,202.0,204.1999969482422,201.1999969482422,204.0,204.0,66042,200.5999984741211,199.25,202.45000457763672,202.6500015258789,204.6000061035156,0,-1,,,1.0,0.0, , ,0.0,0.0, , 
985,2021-02-02 10:00:00+01:00,203.0,204.6000061035156,203.0,204.6000061035156,204.6000061035156,53856,201.1000061035156,199.45000457763672,202.35000228881836,202.75,204.0,1,-1,,,1.0,0.0, , ,0.0,0.0, , 
986,2021-02-02 11:00:00+01:00,204.3999938964844,204.8000030517578,203.6000061035156,204.1999969482422,204.1999969482422,48574,201.20000457763672,199.5500030517578,200.9000015258789,202.75,203.8000030517578,1,-1,,,1.0,0.0, , ,0.0,0.0, , 
987,2021-02-02 12:00:00+01:00,204.0,204.6000061035156,203.8000030517578,204.0,204.0,33029,201.95000457763672,199.5500030517578,200.6500015258789,202.9000015258789,203.6000061035156,1,-1,,,1.0,0.0, , ,0.0,0.0, , 
988,2021-02-02 13:00:00+01:00,204.1999969482422,204.3999938964844,203.0,203.0,203.0,33110,202.1500015258789,200.5500030517578,200.5,202.95000457763672,202.3999938964844,1,-1,,,1.0,0.0, , ,0.0,0.0, , 
989,2021-02-02 14:00:00+01:00,203.1999969482422,204.0,202.3999938964844,203.0,203.0,36834,202.1500015258789,200.5500030517578,200.20000076293945,203.3499984741211,201.8000030517578,0,-1,,,1.0,0.0, , ,0.0,0.0, , 
990,2021-02-02 15:00:00+01:00,202.6000061035156,203.1999969482422,202.3999938964844,203.0,203.0,45656,202.20000457763672,200.5500030517578,199.25,203.5999984741211,202.3999938964844,0,-1,,,1.0,0.0, , ,0.0,0.0, , 
991,2021-02-02 16:00:00+01:00,203.1999969482422,204.0,203.0,204.0,204.0,16224,202.3499984741211,200.5500030517578,199.25000381469727,203.5999984741211,203.0,0,-1,,,1.0,0.0, , ,0.0,0.0, , 
992,2021-02-03 09:00:00+01:00,204.6000061035156,206.0,204.1999969482422,205.1999969482422,205.1999969482422,13325,203.5999984741211,201.1500015258789,199.0,203.6500015258789,202.3999938964844,1,-1,,,1.0,0.0, , ,0.0,0.0, , 
993,2021-02-03 10:00:00+01:00,205.3999938964844,206.0,204.1999969482422,204.6000061035156,204.6000061035156,55991,204.1999969482422,201.1500015258789,198.95000457763672,203.6500015258789,202.1999969482422,1,-1,,,1.0,0.0, , ,0.0,0.0, , 
994,2021-02-03 11:00:00+01:00,204.3999938964844,205.0,204.1999969482422,204.8000030517578,204.8000030517578,17150,204.1999969482422,201.1500015258789,198.95000457763672,203.6500015258789,202.3999938964844,1,-1,,,1.0,0.0, , ,0.0,0.0, , 
995,2021-02-03 12:00:00+01:00,204.6000061035156,205.1999969482422,204.6000061035156,205.1999969482422,205.1999969482422,18792,204.1999969482422,201.1500015258789,198.95000457763672,203.8000030517578,202.6000061035156,1,-1,,,1.0,0.0, , ,0.0,0.0, , 
996,2021-02-03 13:00:00+01:00,205.1999969482422,205.8000030517578,204.8000030517578,205.3999938964844,205.3999938964844,36040,204.1999969482422,201.1500015258789,198.95000457763672,203.8000030517578,202.1999969482422,1,-1,,,1.0,0.0, , ,0.0,0.0, , 
997,2021-02-03 14:00:00+01:00,205.3999938964844,205.8000030517578,205.0,205.0,205.0,35387,204.1999969482422,201.1500015258789,199.4250030517578,203.8000030517578,202.1999969482422,1,-1,,,1.0,0.0, , ,0.0,0.0, , 
998,2021-02-03 15:00:00+01:00,205.3999938964844,205.3999938964844,204.8000030517578,205.0,205.0,39575,204.1999969482422,201.1500015258789,199.5250015258789,203.95000457763672,201.6000061035156,1,-1,,,1.0,0.0, , ,0.0,0.0, , 
999,2021-02-03 16:00:00+01:00,205.0,205.1999969482422,204.8000030517578,205.0,205.0,14376,204.5,201.1500015258789,199.5250015258789,203.95000457763672,201.0,1,-1,,,1.0,0.0, , ,0.0,0.0, , 
1000,2021-02-04 09:00:00+01:00,206.1999969482422,206.1999969482422,203.8000030517578,204.6000061035156,204.6000061035156,11725,205.0,201.5,199.35000228881836,203.95000457763672,200.3999938964844,0,-1,,,1.0,0.0, , ,0.0,0.0, , 
1001,2021-02-04 10:00:00+01:00,205.6000061035156,205.8000030517578,203.8000030517578,203.8000030517578,203.8000030517578,31645,205.0,201.5999984741211,199.20000457763672,203.95000457763672,200.3999938964844,0,-1,,,1.0,0.0, , ,0.0,0.0, , 
1002,2021-02-04 11:00:00+01:00,204.1999969482422,204.3999938964844,203.6000061035156,203.8000030517578,203.8000030517578,26204,204.9000015258789,201.9000015258789,198.75,203.95000457763672,200.6000061035156,0,-1,,-1.0,1.0,0.0, , ,0.0,0.0, , 
1003,2021-02-04 12:00:00+01:00,203.8000030517578,203.8000030517578,203.1999969482422,203.6000061035156,203.6000061035156,15145,204.6999969482422,201.9000015258789,198.1500015258789,203.95000457763672,200.8000030517578,0,-1,,,1.0,0.0, , ,0.0,0.0, , 
1004,2021-02-04 13:00:00+01:00,203.6000061035156,203.8000030517578,203.1999969482422,203.6000061035156,203.6000061035156,22749,204.6999969482422,202.6500015258789,198.07500076293945,203.95000457763672,201.1999969482422,0,-1,,,1.0,0.0, , ,0.0,0.0, , 
1005,2021-02-04 14:00:00+01:00,203.3999938964844,204.8000030517578,203.1999969482422,203.8000030517578,203.8000030517578,30280,204.6999969482422,202.8499984741211,198.0500030517578,203.95000457763672,201.1999969482422,0,-1,,,1.0,0.0, , ,0.0,0.0, , 
1006,2021-02-04 15:00:00+01:00,204.1999969482422,204.8000030517578,203.1999969482422,203.8000030517578,203.8000030517578,34999,204.6999969482422,202.8499984741211,198.1500015258789,204.1500015258789,201.1999969482422,0,-1,,,1.0,0.0, , ,0.0,0.0, , 
1007,2021-02-04 16:00:00+01:00,204.0,204.8000030517578,204.0,204.3999938964844,204.3999938964844,12528,204.6999969482422,202.9000015258789,198.1500015258789,204.4000015258789,201.1999969482422,0,-1,,,1.0,0.0, , ,0.0,0.0, , 
1008,2021-02-05 09:00:00+01:00,204.6000061035156,205.6000061035156,204.0,205.0,205.0,11894,204.6999969482422,203.04999542236328,198.1500015258789,204.45000457763672,200.8000030517578,0,-1,,,1.0,0.0, , ,0.0,0.0, , 
1009,2021-02-05 10:00:00+01:00,205.1999969482422,205.3999938964844,204.6000061035156,205.3999938964844,205.3999938964844,38487,204.5,203.6999969482422,198.2750015258789,204.45000457763672,201.0,1,-1,,1.0,1.0,0.0, , ,0.0,0.0, , 
1010,2021-02-05 11:00:00+01:00,204.8000030517578,205.3999938964844,204.3999938964844,204.6000061035156,204.6000061035156,28168,204.4000015258789,204.29999542236328,199.92499923706055,204.45000457763672,200.8000030517578,0,-1,,,1.0,0.0, , ,0.0,0.0, , 
1011,2021-02-05 12:00:00+01:00,204.8000030517578,204.8000030517578,204.0,204.0,204.0,15498,204.4000015258789,204.29999542236328,200.27500534057617,204.45000457763672,200.6000061035156,0,-1,,,1.0,0.0, , ,0.0,0.0, , 
1012,2021-02-05 13:00:00+01:00,204.0,204.1999969482422,203.6000061035156,203.8000030517578,203.8000030517578,15656,204.4000015258789,204.29999542236328,200.37500381469727,203.6500015258789,201.3999938964844,0,-1,,-1.0,1.0,0.0, , ,0.0,0.0, , 
1013,2021-02-05 14:00:00+01:00,203.8000030517578,204.1999969482422,203.1999969482422,203.6000061035156,203.6000061035156,79147,204.4000015258789,204.29999542236328,200.75000381469727,203.5500030517578,201.8000030517578,0,-1,,,1.0,0.0, , ,0.0,0.0, , 
1014,2021-02-05 15:00:00+01:00,203.8000030517578,204.1999969482422,201.8000030517578,202.3999938964844,202.3999938964844,81990,203.70000457763672,204.0,201.35000228881836,203.5500030517578,201.6000061035156,0,-1,-1.0,1.0,1.0,0.0, , ,0.0,0.0, , 
1015,2021-02-05 16:00:00+01:00,202.3999938964844,202.3999938964844,201.6000061035156,201.8000030517578,201.8000030517578,30207,203.6000061035156,203.9000015258789,201.35000228881836,203.5500030517578,200.8000030517578,0,-1,,-1.0,0.0,-1.0, ,Sell,0.0,0.0, , 
1016,2021-02-08 09:00:00+01:00,202.0,203.0,201.1999969482422,202.3999938964844,202.3999938964844,26823,203.4000015258789,203.6999969482422,201.37500381469727,203.5500030517578,200.3999938964844,0,-1,,,0.0,0.0, , ,0.0,0.0, , 
1017,2021-02-08 10:00:00+01:00,202.1999969482422,203.3999938964844,202.0,203.0,203.0,78652,203.29999542236328,203.6999969482422,201.45000076293945,203.5500030517578,200.6000061035156,0,-1,,,0.0,0.0, , ,0.0,0.0, , 
1018,2021-02-08 11:00:00+01:00,202.3999938964844,203.3999938964844,202.1999969482422,202.3999938964844,202.3999938964844,59129,203.29999542236328,203.6999969482422,202.375,203.5500030517578,200.1999969482422,0,-1,,,0.0,0.0, , ,0.0,0.0, , 
1019,2021-02-08 12:00:00+01:00,202.6000061035156,202.6000061035156,202.0,202.1999969482422,202.1999969482422,27476,203.0,203.6999969482422,202.67499923706055,203.5500030517578,201.3999938964844,-1,-1,,,0.0,0.0, , ,0.0,0.0, , 
1020,2021-02-08 13:00:00+01:00,202.3999938964844,202.6000061035156,202.1999969482422,202.3999938964844,202.3999938964844,19761,202.6999969482422,203.6999969482422,202.67499923706055,203.5500030517578,201.0,-1,-1,,,0.0,0.0, , ,0.0,0.0, , 
1021,2021-02-08 14:00:00+01:00,202.1999969482422,202.6000061035156,202.1999969482422,202.6000061035156,202.6000061035156,24836,202.6999969482422,203.6999969482422,202.67499923706055,203.5500030517578,201.6000061035156,-1,-1,,,0.0,0.0, , ,0.0,0.0, , 
1022,2021-02-08 15:00:00+01:00,202.3999938964844,202.6000061035156,201.8000030517578,202.1999969482422,202.1999969482422,31470,202.6999969482422,203.6999969482422,202.67499923706055,203.5500030517578,202.3999938964844,-1,-1,,,0.0,0.0, , ,0.0,0.0, , 
1023,2021-02-08 16:00:00+01:00,202.1999969482422,202.6000061035156,202.1999969482422,202.1999969482422,202.1999969482422,9453,202.29999542236328,203.6999969482422,202.67499923706055,203.5500030517578,203.1999969482422,-1,-1,,,0.0,0.0, , ,0.0,0.0, , 
1024,2021-02-09 09:00:00+01:00,202.8000030517578,202.8000030517578,201.1999969482422,201.6000061035156,201.6000061035156,14599,202.29999542236328,203.6999969482422,202.67499923706055,203.5500030517578,203.1999969482422,0,-1,,1.0,0.0,0.0, , ,0.0,0.0, , 
1025,2021-02-09 10:00:00+01:00,201.6000061035156,201.6000061035156,200.6000061035156,201.0,201.0,31891,202.0,203.4000015258789,202.82500076293945,203.5500030517578,203.8000030517578,-1,-1,,-1.0,0.0,0.0, , ,0.0,0.0, , 
1026,2021-02-09 11:00:00+01:00,200.6000061035156,201.1999969482422,200.3999938964844,200.3999938964844,200.3999938964844,23516,201.8999938964844,203.0999984741211,203.25,203.5500030517578,203.3999938964844,-1,-1,,,0.0,0.0, , ,-1.0,-1.0,Sell, 
1027,2021-02-09 12:00:00+01:00,201.0,201.0,200.1999969482422,200.3999938964844,200.3999938964844,19161,201.5,202.9000015258789,203.29999923706055,203.5500030517578,203.0,-1,-1,,,0.0,0.0, , ,-1.0,0.0, , 
1028,2021-02-09 13:00:00+01:00,200.3999938964844,200.6000061035156,199.5,200.6000061035156,200.6000061035156,63033,201.1500015258789,202.5500030517578,203.4000015258789,203.5500030517578,203.1999969482422,-1,-1,,,0.0,0.0, , ,-1.0,0.0, , 
1029,2021-02-09 14:00:00+01:00,200.6000061035156,201.0,200.3999938964844,200.8000030517578,200.8000030517578,19582,201.1500015258789,202.5500030517578,203.29999923706055,203.5500030517578,203.3999938964844,-1,-1,,,0.0,0.0, , ,-1.0,0.0, , 
1030,2021-02-09 15:00:00+01:00,200.8000030517578,201.3999938964844,200.3999938964844,201.1999969482422,201.1999969482422,28654,201.1500015258789,202.5500030517578,203.67499923706055,203.5500030517578,203.1999969482422,-1,1,,,0.0,0.0, , ,-1.0,0.0, , 
1031,2021-02-09 16:00:00+01:00,201.0,201.3999938964844,201.0,201.1999969482422,201.1999969482422,7868,201.1500015258789,202.5500030517578,203.77499771118164,203.5500030517578,203.0,-1,1,,,0.0,0.0, , ,-1.0,0.0, , 
1032,2021-02-10 09:00:00+01:00,201.0,201.8000030517578,200.6000061035156,201.1999969482422,201.1999969482422,11063,201.1500015258789,202.5500030517578,203.77499771118164,203.5500030517578,204.1999969482422,-1,1,,,0.0,0.0, , ,-1.0,0.0, , 
1033,2021-02-10 10:00:00+01:00,201.0,201.3999938964844,200.6000061035156,201.1999969482422,201.1999969482422,31886,200.6500015258789,202.5500030517578,203.79999923706055,203.45000457763672,204.3999938964844,-1,1,,1.0,0.0,0.0, , ,-1.0,0.0, , 
1034,2021-02-10 11:00:00+01:00,201.3999938964844,201.3999938964844,200.6000061035156,200.8000030517578,200.8000030517578,27213,200.6500015258789,202.4499969482422,203.87499618530273,203.1500015258789,205.0,-1,1,,,0.0,0.0, , ,-1.0,0.0, , 
1035,2021-02-10 12:00:00+01:00,200.6000061035156,201.1999969482422,200.6000061035156,201.0,201.0,21128,200.6500015258789,202.4499969482422,204.0999984741211,203.1500015258789,205.0,-1,1,,-1.0,0.0,0.0, , ,-1.0,0.0, , 
1036,2021-02-10 13:00:00+01:00,201.1999969482422,201.1999969482422,200.8000030517578,200.8000030517578,200.8000030517578,21219,200.6500015258789,202.1500015258789,204.3499984741211,203.1500015258789,204.1999969482422,-1,1,,1.0,0.0,0.0, , ,-1.0,0.0, , 
1037,2021-02-10 14:00:00+01:00,201.0,201.1999969482422,200.6000061035156,200.6000061035156,200.6000061035156,10273,201.0999984741211,201.8499984741211,204.3499984741211,203.1500015258789,204.6000061035156,-1,1,,-1.0,0.0,0.0, , ,-1.0,0.0, , 
1038,2021-02-10 15:00:00+01:00,201.0,201.6000061035156,200.6000061035156,201.3999938964844,201.3999938964844,36386,201.0999984741211,201.8499984741211,204.3499984741211,203.1500015258789,203.1999969482422,-1,1,,,0.0,0.0, , ,-1.0,0.0, , 
1039,2021-02-10 16:00:00+01:00,201.6000061035156,201.8000030517578,201.1999969482422,201.8000030517578,201.8000030517578,10285,201.20000457763672,201.8499984741211,204.3499984741211,203.1500015258789,202.6000061035156,-1,1,,1.0,0.0,0.0, , ,-1.0,0.0, , 
1040,2021-02-11 09:00:00+01:00,201.6000061035156,201.8000030517578,200.1999969482422,201.6000061035156,201.6000061035156,11141,201.0,201.4499969482422,203.85000228881836,203.1500015258789,203.1999969482422,-1,1,,,0.0,0.0, , ,-1.0,0.0, , 
1041,2021-02-11 10:00:00+01:00,200.8000030517578,201.8000030517578,200.3999938964844,200.8000030517578,200.8000030517578,30696,201.0,201.4499969482422,203.75000381469727,203.1500015258789,203.1999969482422,-1,1,,-1.0,0.0,0.0, , ,-1.0,0.0, , 
1042,2021-02-11 11:00:00+01:00,201.0,201.3999938964844,200.1999969482422,200.3999938964844,200.3999938964844,17432,201.0,201.4499969482422,203.54999923706055,201.8499984741211,203.8000030517578,-1,1,,,0.0,0.0, , ,-1.0,0.0, , 
1043,2021-02-11 12:00:00+01:00,200.3999938964844,200.8000030517578,200.1999969482422,200.6000061035156,200.6000061035156,13520,201.0,201.4499969482422,203.49999618530273,200.95000457763672,203.3999938964844,-1,1,,-1.0,0.0,0.0, , ,-1.0,0.0, , 
1044,2021-02-11 13:00:00+01:00,200.3999938964844,200.8000030517578,200.1999969482422,200.1999969482422,200.1999969482422,22978,201.0,201.1500015258789,203.49999618530273,200.25,203.8000030517578,0,1,,,0.0,0.0, , ,-1.0,0.0, , 
1045,2021-02-11 14:00:00+01:00,200.3999938964844,201.8000030517578,200.1999969482422,201.3999938964844,201.3999938964844,35887,201.0,201.1500015258789,203.3499984741211,200.1500015258789,203.6000061035156,0,1,,,0.0,0.0, , ,-1.0,0.0, , 
1046,2021-02-11 15:00:00+01:00,201.1999969482422,201.8000030517578,200.8000030517578,201.0,201.0,15987,201.0,201.1500015258789,203.1999969482422,200.1500015258789,204.0,0,1,,1.0,0.0,0.0, , ,-1.0,0.0, , 
1047,2021-02-11 16:00:00+01:00,201.0,201.8000030517578,201.0,201.6000061035156,201.6000061035156,11800,201.0,201.1500015258789,203.1999969482422,200.1500015258789,202.6000061035156,0,1,,,0.0,0.0, , ,-1.0,0.0, , 
1048,2021-02-12 09:00:00+01:00,202.8000030517578,203.8000030517578,201.6000061035156,202.3999938964844,202.3999938964844,38783,202.0,201.6500015258789,203.1999969482422,200.1500015258789,203.1999969482422,0,1,1.0,1.0,0.0,0.0, , ,-1.0,0.0, , 
1049,2021-02-12 10:00:00+01:00,203.6000061035156,203.8000030517578,202.3999938964844,203.1999969482422,203.1999969482422,33855,202.0,201.6500015258789,202.99999618530273,200.1500015258789,203.8000030517578,0,1,,,0.0,0.0, , ,0.0,1.0, ,Buy
1050,2021-02-12 11:00:00+01:00,203.1999969482422,203.3999938964844,202.6000061035156,203.1999969482422,203.1999969482422,25915,202.0,201.6500015258789,202.99999618530273,200.1500015258789,204.0,0,1,,,0.0,0.0, , ,0.0,0.0, , 
1051,2021-02-12 12:00:00+01:00,203.0,203.8000030517578,203.0,203.8000030517578,203.8000030517578,39010,202.0,201.6500015258789,202.70000076293945,200.1500015258789,204.0,1,1,,,0.0,0.0, , ,0.0,0.0, , 
1052,2021-02-12 13:00:00+01:00,203.6000061035156,203.8000030517578,202.6000061035156,203.3999938964844,203.3999938964844,19796,202.0,201.6500015258789,202.49999618530273,200.25,204.0,1,1,,,0.0,0.0, , ,0.0,0.0, , 
1053,2021-02-12 14:00:00+01:00,203.3999938964844,203.8000030517578,202.6000061035156,203.0,203.0,14811,202.0,201.6500015258789,202.20000076293945,200.25,203.8000030517578,1,1,,,0.0,0.0, , ,0.0,0.0, , 
1054,2021-02-12 15:00:00+01:00,203.3999938964844,203.6000061035156,202.8000030517578,203.1999969482422,203.1999969482422,10566,202.3000030517578,202.0,201.85000228881836,200.25,204.3999938964844,1,1,,,0.0,0.0, , ,0.0,0.0, , 
1055,2021-02-12 16:00:00+01:00,203.1999969482422,203.3999938964844,203.0,203.3999938964844,203.3999938964844,10880,202.4000015258789,202.0,201.85000228881836,200.25,203.6000061035156,1,1,,,0.0,0.0, , ,0.0,0.0, , 
1056,2021-02-15 09:00:00+01:00,204.8000030517578,204.8000030517578,202.3999938964844,203.1999969482422,203.1999969482422,19039,203.20000457763672,202.5,201.85000228881836,200.25,203.6000061035156,1,1,,,0.0,0.0, , ,0.0,0.0, , 
1057,2021-02-15 10:00:00+01:00,202.8000030517578,203.6000061035156,202.8000030517578,203.0,203.0,33738,203.5999984741211,202.5,201.85000228881836,200.25,204.0,1,1,,-1.0,0.0,0.0, , ,0.0,0.0, , 
1058,2021-02-15 11:00:00+01:00,203.1999969482422,204.1999969482422,203.0,204.1999969482422,204.1999969482422,29624,203.5999984741211,202.5,201.85000228881836,200.25,203.0,1,1,,,0.0,0.0, , ,0.0,0.0, , 
1059,2021-02-15 12:00:00+01:00,203.8000030517578,204.6000061035156,203.8000030517578,204.3999938964844,204.3999938964844,22044,203.5999984741211,202.5,201.60000228881836,200.25,202.3999938964844,1,1,,1.0,0.0,0.0, , ,0.0,0.0, , 
1060,2021-02-15 13:00:00+01:00,204.3999938964844,205.0,204.1999969482422,205.0,205.0,21748,203.6999969482422,202.5999984741211,201.54999923706055,200.25,202.8000030517578,1,1,,,1.0,1.0,Buy, ,0.0,0.0, , 
1061,2021-02-15 14:00:00+01:00,205.0,205.3999938964844,204.8000030517578,205.0,205.0,31633,203.8999938964844,202.79999542236328,201.54999923706055,200.25,201.1999969482422,1,1,,,1.0,0.0, , ,0.0,0.0, , 
1062,2021-02-15 15:00:00+01:00,205.3999938964844,205.3999938964844,204.1999969482422,204.1999969482422,204.1999969482422,27859,203.8999938964844,202.79999542236328,201.4000015258789,200.25,202.1999969482422,1,1,,,1.0,0.0, , ,0.0,0.0, , 
1063,2021-02-15 16:00:00+01:00,204.1999969482422,204.6000061035156,204.0,204.6000061035156,204.6000061035156,10492,203.8999938964844,202.79999542236328,201.4749984741211,200.25,202.6000061035156,1,1,,,1.0,0.0, , ,0.0,0.0, , 
1064,2021-02-16 09:00:00+01:00,205.0,205.0,202.6000061035156,203.1999969482422,203.1999969482422,12993,203.8999938964844,202.79999542236328,201.4749984741211,200.25,203.6000061035156,1,1,,,1.0,0.0, , ,0.0,0.0, , 
1065,2021-02-16 10:00:00+01:00,203.0,203.3999938964844,202.3999938964844,202.6000061035156,202.6000061035156,21135,203.8999938964844,202.79999542236328,201.5250015258789,200.25,203.1999969482422,1,1,,-1.0,1.0,0.0, , ,0.0,0.0, , 
1066,2021-02-16 11:00:00+01:00,202.6000061035156,203.3999938964844,202.1999969482422,203.1999969482422,203.1999969482422,18685,203.79999542236328,202.79999542236328,201.2249984741211,201.25,203.6000061035156,1,-1,,,1.0,0.0, , ,0.0,0.0, , 
1067,2021-02-16 12:00:00+01:00,202.3999938964844,203.3999938964844,202.3999938964844,203.1999969482422,203.1999969482422,16972,203.79999542236328,202.79999542236328,201.2249984741211,201.25,203.8000030517578,1,-1,,,1.0,0.0, , ,0.0,0.0, , 
1068,2021-02-16 13:00:00+01:00,203.3999938964844,203.8000030517578,202.8000030517578,203.8000030517578,203.8000030517578,16194,203.79999542236328,202.79999542236328,201.2249984741211,201.25,204.0,1,-1,,,1.0,0.0, , ,0.0,0.0, , 
1069,2021-02-16 14:00:00+01:00,203.6000061035156,203.8000030517578,203.3999938964844,203.3999938964844,203.3999938964844,10050,203.79999542236328,202.79999542236328,201.2249984741211,201.25,203.0,1,-1,,,1.0,0.0, , ,0.0,0.0, , 
1070,2021-02-16 15:00:00+01:00,203.8000030517578,203.8000030517578,203.1999969482422,203.8000030517578,203.8000030517578,13406,203.79999542236328,202.79999542236328,201.07500076293945,201.25,202.0,1,-1,,1.0,1.0,0.0, , ,0.0,0.0, , 
1071,2021-02-16 16:00:00+01:00,203.8000030517578,204.0,203.3999938964844,203.6000061035156,203.6000061035156,9606,203.5999984741211,203.0999984741211,201.07500076293945,201.25,202.1999969482422,1,-1,,,1.0,0.0, , ,0.0,0.0, , 
1072,2021-02-17 09:00:00+01:00,204.0,204.1999969482422,202.1999969482422,204.0,204.0,12989,203.5999984741211,203.1999969482422,201.07500076293945,201.25,202.0,1,-1,,,1.0,0.0, , ,0.0,0.0, , 
1073,2021-02-17 10:00:00+01:00,203.8000030517578,204.0,202.3999938964844,202.6000061035156,202.6000061035156,19090,203.1999969482422,203.5,201.07500076293945,201.25,202.3999938964844,1,-1,-1.0,,1.0,0.0, , ,0.0,0.0, , 
1074,2021-02-17 11:00:00+01:00,203.0,203.3999938964844,202.3999938964844,203.1999969482422,203.1999969482422,11839,203.1999969482422,203.79999542236328,201.82500076293945,201.25,201.8000030517578,1,1,,-1.0,0.0,-1.0, ,Sell,0.0,0.0, , 
1075,2021-02-17 12:00:00+01:00,203.0,203.8000030517578,202.8000030517578,203.8000030517578,203.8000030517578,12080,203.1999969482422,203.79999542236328,201.82500076293945,201.25,202.1999969482422,1,1,,,0.0,0.0, , ,0.0,0.0, , 
1076,2021-02-17 13:00:00+01:00,203.3999938964844,204.1999969482422,203.3999938964844,204.0,204.0,11328,203.1999969482422,203.79999542236328,201.82500076293945,201.25,202.1999969482422,1,1,,1.0,0.0,0.0, , ,0.0,0.0, , 
1077,2021-02-17 14:00:00+01:00,204.0,204.1999969482422,203.6000061035156,204.0,204.0,11980,203.1999969482422,203.79999542236328,201.82500076293945,201.25,201.8000030517578,1,1,,,1.0,1.0,Buy, ,0.0,0.0, , 
1078,2021-02-17 15:00:00+01:00,203.8000030517578,204.1999969482422,203.3999938964844,204.0,204.0,21633,203.1999969482422,203.79999542236328,201.82500076293945,201.5,200.3999938964844,1,1,,,1.0,0.0, , ,0.0,0.0, , 
1079,2021-02-17 16:00:00+01:00,203.8000030517578,204.0,203.8000030517578,203.8000030517578,203.8000030517578,0,203.1999969482422,203.79999542236328,201.82500076293945,201.5999984741211,198.0,1,1,,,1.0,0.0, , ,0.0,0.0, , 
1080,2021-02-18 09:00:00+01:00,203.8000030517578,204.3999938964844,202.6000061035156,204.3999938964844,204.3999938964844,13673,203.29999542236328,203.79999542236328,202.1500015258789,201.9000015258789,198.0,1,1,,,1.0,0.0, , ,0.0,0.0, , 
1081,2021-02-18 10:00:00+01:00,203.8000030517578,204.3999938964844,203.1999969482422,203.6000061035156,203.6000061035156,19281,203.3999938964844,203.79999542236328,202.20000076293945,201.9000015258789,198.5,1,1,,,1.0,0.0, , ,0.0,0.0, , 
1082,2021-02-18 11:00:00+01:00,203.6000061035156,204.3999938964844,203.1999969482422,203.6000061035156,203.6000061035156,19763,203.3999938964844,203.79999542236328,202.85000228881836,202.6500015258789,200.0,1,1,,,1.0,0.0, , ,0.0,0.0, , 
1083,2021-02-18 12:00:00+01:00,203.6000061035156,204.0,203.3999938964844,204.0,204.0,12387,203.5,203.79999542236328,203.04999923706055,202.8499984741211,200.1999969482422,1,1,,,1.0,0.0, , ,0.0,0.0, , 
1084,2021-02-18 13:00:00+01:00,203.6000061035156,204.0,203.0,203.0,203.0,18535,203.5,203.79999542236328,203.04999923706055,202.8499984741211,200.3999938964844,0,1,,,1.0,0.0, , ,0.0,0.0, , 
1085,2021-02-18 14:00:00+01:00,203.6000061035156,203.6000061035156,202.1999969482422,202.3999938964844,202.3999938964844,20916,203.29999542236328,203.79999542236328,203.04999923706055,202.8499984741211,200.3999938964844,0,1,,,1.0,0.0, , ,0.0,0.0, , 
1086,2021-02-18 15:00:00+01:00,202.6000061035156,202.8000030517578,201.1999969482422,202.8000030517578,202.8000030517578,34152,202.79999542236328,203.29999542236328,203.14999771118164,202.8499984741211,201.6000061035156,-1,1,,-1.0,1.0,0.0, , ,0.0,0.0, , 
1087,2021-02-18 16:00:00+01:00,202.8000030517578,202.8000030517578,201.1999969482422,201.1999969482422,201.1999969482422,10289,202.79999542236328,203.29999542236328,203.34999465942383,202.8499984741211,201.3999938964844,-1,1,,1.0,1.0,0.0, , ,0.0,0.0, , 
1088,2021-02-19 09:00:00+01:00,201.8000030517578,202.3999938964844,201.6000061035156,202.1999969482422,202.1999969482422,23885,202.79999542236328,203.0999984741211,203.34999465942383,202.8499984741211,202.0,-1,1,,-1.0,1.0,0.0, , ,0.0,0.0, , 
1089,2021-02-19 10:00:00+01:00,202.0,202.8000030517578,201.6000061035156,202.6000061035156,202.6000061035156,38937,202.79999542236328,203.0999984741211,203.34999465942383,202.8499984741211,201.8000030517578,-1,1,,,1.0,0.0, , ,0.0,0.0, , 
1090,2021-02-19 11:00:00+01:00,202.0,203.6000061035156,202.0,203.6000061035156,203.6000061035156,39033,202.79999542236328,202.79999542236328,203.34999465942383,202.8499984741211,201.6000061035156,0,1,,,1.0,0.0, , ,0.0,0.0, , 
1091,2021-02-19 12:00:00+01:00,203.0,203.6000061035156,202.8000030517578,203.1999969482422,203.1999969482422,18801,202.5999984741211,202.79999542236328,203.34999465942383,202.8499984741211,201.6000061035156,0,1,-1.0,1.0,1.0,0.0, , ,0.0,0.0, , 
1092,2021-02-19 13:00:00+01:00,203.1999969482422,203.6000061035156,202.6000061035156,203.6000061035156,203.6000061035156,43665,202.5999984741211,202.79999542236328,203.29999542236328,202.8499984741211,202.1999969482422,0,1,,,0.0,-1.0, ,Sell,0.0,0.0, , 
1093,2021-02-19 14:00:00+01:00,202.8000030517578,204.0,202.8000030517578,203.8000030517578,203.8000030517578,73837,202.5999984741211,202.79999542236328,203.29999542236328,202.8499984741211,201.8000030517578,0,1,,,0.0,0.0, , ,0.0,0.0, , 
1094,2021-02-19 15:00:00+01:00,203.6000061035156,204.0,203.3999938964844,204.0,204.0,50355,202.5999984741211,202.79999542236328,203.29999542236328,202.8499984741211,202.3999938964844,1,1,,,0.0,0.0, , ,0.0,0.0, , 
1095,2021-02-19 16:00:00+01:00,203.6000061035156,203.6000061035156,203.0,203.0,203.0,14283,202.5999984741211,202.79999542236328,203.29999542236328,202.8499984741211,202.6000061035156,0,1,,,0.0,0.0, , ,0.0,0.0, , 
1096,2021-02-22 09:00:00+01:00,202.0,202.6000061035156,201.1999969482422,202.0,202.0,14610,202.5999984741211,202.79999542236328,203.29999542236328,202.8499984741211,203.0,-1,1,,-1.0,0.0,0.0, , ,0.0,0.0, , 
1097,2021-02-22 10:00:00+01:00,201.6000061035156,202.3999938964844,201.3999938964844,202.1999969482422,202.1999969482422,20226,202.5999984741211,202.79999542236328,203.3499984741211,202.8499984741211,202.6000061035156,-1,1,,,0.0,0.0, , ,0.0,0.0, , 
1098,2021-02-22 11:00:00+01:00,202.0,202.3999938964844,201.8000030517578,202.0,202.0,15365,202.5999984741211,202.79999542236328,203.39999771118164,202.8499984741211,202.6000061035156,-1,1,,,0.0,0.0, , ,0.0,0.0, , 
1099,2021-02-22 12:00:00+01:00,202.0,202.3999938964844,201.8000030517578,202.3999938964844,202.3999938964844,30074,202.5999984741211,202.79999542236328,203.3499984741211,202.8499984741211,202.3999938964844,-1,1,,,0.0,0.0, , ,0.0,0.0, , 
1100,2021-02-22 13:00:00+01:00,202.0,202.6000061035156,201.8000030517578,201.8000030517578,201.8000030517578,23052,202.5999984741211,202.79999542236328,203.49999618530273,202.8499984741211,202.6000061035156,-1,1,,,0.0,0.0, , ,0.0,0.0, , 
1101,2021-02-22 14:00:00+01:00,202.3999938964844,202.3999938964844,201.8000030517578,202.1999969482422,202.1999969482422,12653,202.5999984741211,202.79999542236328,203.49999618530273,202.8499984741211,202.0,-1,1,,,0.0,0.0, , ,0.0,0.0, , 
1102,2021-02-22 15:00:00+01:00,202.0,202.1999969482422,201.8000030517578,202.1999969482422,202.1999969482422,23318,202.5999984741211,202.79999542236328,203.49999618530273,202.8499984741211,200.8000030517578,-1,1,,,0.0,0.0, , ,0.0,0.0, , 
1103,2021-02-22 16:00:00+01:00,202.1999969482422,202.3999938964844,201.8000030517578,201.8000030517578,201.8000030517578,6418,202.4000015258789,202.79999542236328,203.49999618530273,202.8499984741211,200.6000061035156,-1,1,,,0.0,0.0, , ,0.0,0.0, , 
1104,2021-02-23 09:00:00+01:00,201.8000030517578,202.1999969482422,200.0,200.3999938964844,200.3999938964844,24122,201.3000030517578,202.1999969482422,203.49999618530273,202.6500015258789,200.6000061035156,-1,1,,1.0,0.0,0.0, , ,0.0,0.0, , 
1105,2021-02-23 10:00:00+01:00,201.1999969482422,201.1999969482422,198.0,198.0,198.0,84557,200.3000030517578,201.1999969482422,203.49999618530273,202.5500030517578,200.0,-1,1,,,0.0,0.0, , ,0.0,0.0, , 
1106,2021-02-23 11:00:00+01:00,199.1000061035156,199.1999969482422,197.1999969482422,198.0,198.0,62882,199.9000015258789,200.79999542236328,203.54999542236328,202.5500030517578,199.8999938964844,-1,1,,-1.0,0.0,0.0, , ,0.0,0.0, , 
1107,2021-02-23 12:00:00+01:00,197.8000030517578,198.8999938964844,197.1999969482422,198.5,198.5,50667,199.9000015258789,200.79999542236328,203.59999465942383,202.5500030517578,200.1999969482422,-1,1,,,0.0,0.0, , ,0.0,0.0, , 
1108,2021-02-23 13:00:00+01:00,198.3999938964844,200.1999969482422,198.1999969482422,200.0,200.0,45817,199.9000015258789,200.5999984741211,203.59999465942383,202.5500030517578,199.6000061035156,-1,1,,,0.0,0.0, , ,0.0,0.0, , 
1109,2021-02-23 14:00:00+01:00,199.3000030517578,200.3999938964844,199.3000030517578,200.1999969482422,200.1999969482422,36239,199.79999542236328,200.5999984741211,203.64999771118164,202.5500030517578,199.3999938964844,-1,1,,,0.0,0.0, , ,0.0,0.0, , 
1110,2021-02-23 15:00:00+01:00,200.0,201.0,199.6000061035156,200.3999938964844,200.3999938964844,45925,199.79999542236328,200.5999984741211,203.64999771118164,202.5500030517578,200.6000061035156,-1,1,,1.0,0.0,0.0, , ,0.0,0.0, , 
1111,2021-02-23 16:00:00+01:00,200.3999938964844,201.0,200.0,200.3999938964844,200.3999938964844,11867,199.79999542236328,200.5999984741211,203.54999542236328,202.5500030517578,201.8000030517578,-1,1,,,0.0,0.0, , ,0.0,0.0, , 
1112,2021-02-24 09:00:00+01:00,200.0,201.6000061035156,199.8000030517578,201.6000061035156,201.6000061035156,19431,199.6999969482422,200.5999984741211,203.04999542236328,202.4499969482422,201.3999938964844,-1,1,,,0.0,0.0, , ,0.0,0.0, , 
1113,2021-02-24 10:00:00+01:00,200.3999938964844,202.1999969482422,199.8000030517578,201.3999938964844,201.3999938964844,32344,199.6999969482422,200.5999984741211,203.04999542236328,202.4499969482422,201.1999969482422,-1,1,,,0.0,0.0, , ,0.0,0.0, , 
1114,2021-02-24 11:00:00+01:00,201.8000030517578,202.3999938964844,201.3999938964844,202.0,202.0,145366,199.79999542236328,200.5999984741211,202.9499969482422,202.4499969482422,200.6000061035156,-1,1,,,0.0,0.0, , ,0.0,0.0, , 
1115,2021-02-24 12:00:00+01:00,202.0,202.1999969482422,201.6000061035156,201.8000030517578,201.8000030517578,17453,199.79999542236328,200.5999984741211,202.9499969482422,202.4499969482422,201.6000061035156,-1,1,,,0.0,0.0, , ,0.0,0.0, , 
1116,2021-02-24 13:00:00+01:00,201.8000030517578,202.0,201.1999969482422,201.6000061035156,201.6000061035156,31213,200.29999542236328,200.5999984741211,202.79999542236328,202.4499969482422,201.1999969482422,-1,1,,,0.0,0.0, , ,0.0,0.0, , 
1117,2021-02-24 14:00:00+01:00,201.1999969482422,202.3999938964844,201.1999969482422,201.6000061035156,201.6000061035156,29111,200.8499984741211,200.5999984741211,202.6999969482422,202.4499969482422,201.0,-1,1,1.0,,0.0,0.0, , ,0.0,0.0, , 
1118,2021-02-24 15:00:00+01:00,202.1999969482422,202.1999969482422,201.6000061035156,202.1999969482422,202.1999969482422,50891,201.0,200.5999984741211,202.6999969482422,202.4499969482422,202.1999969482422,-1,1,,,0.0,0.0, , ,0.0,0.0, ,Buy
1119,2021-02-24 16:00:00+01:00,202.0,202.1999969482422,201.3999938964844,201.8000030517578,201.8000030517578,14554,201.0999984741211,200.5999984741211,202.6999969482422,202.4499969482422,202.1999969482422,-1,1,,,0.0,0.0, , ,0.0,0.0, , 
1120,2021-02-25 09:00:00+01:00,204.3999938964844,204.6000061035156,201.6000061035156,202.3999938964844,202.3999938964844,12967,202.20000457763672,200.9000015258789,202.6999969482422,202.4499969482422,203.1999969482422,0,1,,,0.0,0.0, , ,0.0,0.0, , 
1121,2021-02-25 10:00:00+01:00,202.3999938964844,203.0,202.0,202.6000061035156,202.6000061035156,62510,202.20000457763672,200.9000015258789,202.6999969482422,202.4499969482422,202.8000030517578,0,1,,,0.0,0.0, , ,0.0,0.0, , 
1122,2021-02-25 11:00:00+01:00,202.3999938964844,203.1999969482422,202.1999969482422,203.0,203.0,15769,202.9000015258789,200.9000015258789,202.6999969482422,202.4499969482422,202.1999969482422,0,1,,-1.0,0.0,0.0, , ,0.0,0.0, , 
1123,2021-02-25 12:00:00+01:00,202.6000061035156,203.0,202.0,202.6000061035156,202.6000061035156,17906,202.9000015258789,200.9000015258789,202.6999969482422,202.4499969482422,202.0,0,1,,,0.0,0.0, , ,0.0,0.0, , 
1124,2021-02-25 13:00:00+01:00,202.1999969482422,202.6000061035156,202.1999969482422,202.6000061035156,202.6000061035156,8592,202.9000015258789,200.9000015258789,202.6999969482422,202.4499969482422,203.6000061035156,0,1,,,0.0,0.0, , ,0.0,0.0, , 
1125,2021-02-25 14:00:00+01:00,202.3999938964844,202.6000061035156,202.0,202.3999938964844,202.3999938964844,17709,202.9000015258789,200.9000015258789,202.6999969482422,202.4499969482422,204.0,0,1,,,0.0,0.0, , ,0.0,0.0, , 
1126,2021-02-25 15:00:00+01:00,202.3999938964844,202.6000061035156,202.0,202.6000061035156,202.6000061035156,38750,203.0,200.9000015258789,202.6999969482422,202.4499969482422,205.3999938964844,0,1,,,0.0,0.0, , ,0.0,0.0, , 
1127,2021-02-25 16:00:00+01:00,202.6000061035156,202.6000061035156,202.0,202.0,202.0,6722,203.0,200.9000015258789,202.6999969482422,202.4499969482422,205.0,0,1,,,0.0,0.0, , ,0.0,0.0, , 
1128,2021-02-26 09:00:00+01:00,200.0,201.0,199.3999938964844,200.8000030517578,200.8000030517578,31658,202.0,200.9000015258789,202.6999969482422,202.4499969482422,204.6000061035156,-1,1,,,0.0,0.0, , ,0.0,0.0, , 
1129,2021-02-26 10:00:00+01:00,200.6000061035156,201.1999969482422,200.1999969482422,200.6000061035156,200.6000061035156,37833,201.29999542236328,200.9000015258789,202.5999984741211,202.4499969482422,204.1999969482422,-1,1,,,0.0,0.0, , ,0.0,0.0, , 
1130,2021-02-26 11:00:00+01:00,200.8000030517578,201.0,200.3999938964844,200.6000061035156,200.6000061035156,28514,201.29999542236328,200.9000015258789,201.75,202.4499969482422,203.6000061035156,-1,-1,,,0.0,0.0, , ,0.0,0.0, , 
1131,2021-02-26 12:00:00+01:00,200.3999938964844,200.8000030517578,199.6000061035156,200.0,200.0,34196,201.1999969482422,200.9000015258789,200.75,202.4499969482422,202.6000061035156,0,-1,,,0.0,0.0, , ,0.0,0.0, , 
1132,2021-02-26 13:00:00+01:00,200.0,200.3999938964844,199.6000061035156,199.8999938964844,199.8999938964844,29153,201.0,200.9000015258789,200.3499984741211,202.79999542236328,203.6000061035156,0,-1,,,0.0,0.0, , ,0.0,0.0, , 
1133,2021-02-26 14:00:00+01:00,200.1999969482422,200.6000061035156,199.6999969482422,200.1999969482422,200.1999969482422,19664,201.0,201.4000015258789,200.3499984741211,202.79999542236328,204.3999938964844,0,-1,-1.0,,0.0,0.0, , ,0.0,0.0, , 
1134,2021-02-26 15:00:00+01:00,200.3999938964844,200.6000061035156,199.6000061035156,199.6000061035156,199.6000061035156,179920,201.0,201.95000457763672,200.25,202.79999542236328,202.1999969482422,0,-1,,,0.0,0.0, ,Sell,0.0,0.0, , 
1135,2021-02-26 16:00:00+01:00,199.8000030517578,199.8000030517578,199.1999969482422,199.3999938964844,199.3999938964844,24438,200.9000015258789,201.9000015258789,200.1999969482422,202.79999542236328,202.0,-1,-1,,,0.0,0.0, , ,0.0,0.0, , 
1136,2021-03-01 09:00:00+01:00,200.3999938964844,201.1999969482422,199.5,200.6000061035156,200.6000061035156,23576,200.1999969482422,201.9000015258789,200.1999969482422,202.79999542236328,201.0,0,-1,,1.0,0.0,0.0, , ,0.0,0.0, , 
1137,2021-03-01 10:00:00+01:00,200.6000061035156,202.3999938964844,200.0,201.8000030517578,201.8000030517578,57845,200.79999542236328,201.9000015258789,200.1999969482422,202.79999542236328,200.3999938964844,0,-1,,-1.0,0.0,0.0, , ,0.0,0.0, , 
1138,2021-03-01 11:00:00+01:00,202.0,202.3999938964844,201.3999938964844,201.3999938964844,201.3999938964844,28041,200.79999542236328,201.9000015258789,200.14999771118164,202.79999542236328,200.1999969482422,0,-1,,1.0,0.0,0.0, , ,0.0,0.0, , 
1139,2021-03-01 12:00:00+01:00,202.0,202.0,200.8000030517578,201.1999969482422,201.1999969482422,21109,200.79999542236328,201.9000015258789,200.14999771118164,202.79999542236328,200.8000030517578,0,-1,,,0.0,0.0, , ,0.0,0.0, , 
1140,2021-03-01 13:00:00+01:00,201.0,201.3999938964844,200.3999938964844,200.6000061035156,200.6000061035156,15179,200.79999542236328,201.9000015258789,200.1999969482422,202.79999542236328,200.1999969482422,0,-1,,,0.0,0.0, , ,0.0,0.0, , 
1141,2021-03-01 14:00:00+01:00,201.1999969482422,201.6000061035156,200.3999938964844,201.6000061035156,201.6000061035156,31369,200.79999542236328,201.9000015258789,200.1999969482422,202.79999542236328,200.0,0,-1,,,0.0,0.0, , ,0.0,0.0, , 
1142,2021-03-01 15:00:00+01:00,201.0,202.0,201.0,201.1999969482422,201.1999969482422,33441,200.79999542236328,201.9000015258789,200.4499969482422,202.79999542236328,199.8000030517578,0,-1,,,0.0,0.0, , ,0.0,0.0, , 
1143,2021-03-01 16:00:00+01:00,201.1999969482422,201.3999938964844,201.0,201.0,201.0,7600,200.79999542236328,201.9000015258789,200.7249984741211,202.79999542236328,199.6000061035156,0,-1,,,0.0,0.0, , ,0.0,0.0, , 
1144,2021-03-02 09:00:00+01:00,201.1999969482422,202.6000061035156,201.1999969482422,202.1999969482422,202.1999969482422,10685,201.0500030517578,201.9000015258789,200.79999923706055,202.79999542236328,199.6999969482422,0,-1,,,0.0,0.0, , ,0.0,0.0, , 
1145,2021-03-02 10:00:00+01:00,202.0,202.6000061035156,201.6000061035156,202.1999969482422,202.1999969482422,34166,201.3000030517578,201.9000015258789,200.8499984741211,202.79999542236328,200.1999969482422,0,-1,,,0.0,0.0, , ,0.0,0.0, , 
1146,2021-03-02 11:00:00+01:00,201.8000030517578,203.1999969482422,201.8000030517578,203.1999969482422,203.1999969482422,23926,201.79999542236328,201.1999969482422,201.5500030517578,202.79999542236328,200.1999969482422,0,-1,1.0,,0.0,0.0, , ,0.0,0.0, , 
1147,2021-03-02 12:00:00+01:00,202.8000030517578,203.3999938964844,202.6000061035156,202.8000030517578,202.8000030517578,30096,201.8999938964844,201.29999542236328,201.5500030517578,202.79999542236328,199.6999969482422,0,-1,,,0.0,0.0, , ,0.0,0.0, ,Buy
1148,2021-03-02 13:00:00+01:00,203.3999938964844,203.3999938964844,202.1999969482422,202.1999969482422,202.1999969482422,13907,201.8999938964844,201.29999542236328,201.9000015258789,202.79999542236328,199.8999938964844,0,-1,,,0.0,0.0, , ,0.0,0.0, , 
1149,2021-03-02 14:00:00+01:00,202.6000061035156,202.6000061035156,201.8000030517578,202.0,202.0,47608,201.8999938964844,201.29999542236328,201.9000015258789,203.0999984741211,200.0,0,-1,,,0.0,0.0, , ,0.0,0.0, , 
1150,2021-03-02 15:00:00+01:00,202.6000061035156,204.0,202.0,203.6000061035156,203.6000061035156,27190,202.5,201.5999984741211,201.9000015258789,203.1999969482422,201.0,0,-1,,,0.0,0.0, , ,0.0,0.0, , 
1151,2021-03-02 16:00:00+01:00,204.0,204.0,203.3999938964844,204.0,204.0,17435,202.5,201.5999984741211,201.9000015258789,203.29999542236328,200.8000030517578,1,-1,,,0.0,0.0, , ,0.0,0.0, , 
1152,2021-03-03 09:00:00+01:00,204.1999969482422,205.8000030517578,204.1999969482422,205.3999938964844,205.3999938964844,12030,203.5,202.5,201.95000076293945,203.29999542236328,200.8000030517578,1,-1,,,0.0,0.0, , ,0.0,0.0, , 
1153,2021-03-03 10:00:00+01:00,205.3999938964844,205.8000030517578,204.8000030517578,205.0,205.0,48271,203.70000457763672,202.5,201.95000076293945,203.29999542236328,201.0,1,-1,,,0.0,0.0, , ,0.0,0.0, , 
1154,2021-03-03 11:00:00+01:00,204.8000030517578,205.3999938964844,204.6000061035156,204.6000061035156,204.6000061035156,59104,203.8000030517578,202.5,201.45000076293945,203.29999542236328,201.3999938964844,1,-1,,,0.0,0.0, , ,0.0,0.0, , 
1155,2021-03-03 12:00:00+01:00,205.3999938964844,205.3999938964844,204.0,204.1999969482422,204.1999969482422,13940,203.8000030517578,202.5,201.0999984741211,203.29999542236328,202.0,1,-1,,,0.0,0.0, , ,0.0,0.0, , 
1156,2021-03-03 13:00:00+01:00,204.0,204.3999938964844,203.6000061035156,203.6000061035156,203.6000061035156,16872,203.8000030517578,202.5,201.0999984741211,202.6999969482422,202.6000061035156,1,-1,,,0.0,0.0, , ,0.0,0.0, , 
1157,2021-03-03 14:00:00+01:00,204.0,204.1999969482422,202.6000061035156,202.6000061035156,202.6000061035156,29186,203.8000030517578,202.5,201.04999923706055,201.6999969482422,202.8000030517578,1,-1,,,0.0,0.0, , ,0.0,0.0, , 
1158,2021-03-03 15:00:00+01:00,203.3999938964844,203.6000061035156,202.6000061035156,203.6000061035156,203.6000061035156,36277,203.9000015258789,202.5,200.95000076293945,201.29999542236328,202.3999938964844,1,-1,,-1.0,0.0,0.0, , ,0.0,0.0, , 
1159,2021-03-03 16:00:00+01:00,203.6000061035156,204.3999938964844,203.1999969482422,204.3999938964844,204.3999938964844,21943,204.20000457763672,202.5,201.20000076293945,201.29999542236328,201.1999969482422,1,-1,,,0.0,0.0, , ,0.0,0.0, , 
1160,2021-03-04 09:00:00+01:00,204.0,204.0,201.3999938964844,202.1999969482422,202.1999969482422,7894,203.5999984741211,202.5,201.47500228881836,201.29999542236328,202.3999938964844,0,1,,1.0,0.0,0.0, , ,0.0,0.0, , 
1161,2021-03-04 10:00:00+01:00,202.6000061035156,202.8000030517578,201.3999938964844,202.0,202.0,58094,203.5999984741211,202.6500015258789,201.4000015258789,201.29999542236328,201.8000030517578,0,1,,-1.0,0.0,0.0, , ,0.0,0.0, , 
1162,2021-03-04 11:00:00+01:00,202.1999969482422,202.3999938964844,200.1999969482422,201.0,201.0,77347,202.79999542236328,202.9000015258789,201.04999923706055,201.29999542236328,201.3999938964844,0,-1,-1.0,,0.0,0.0, , ,0.0,0.0, , 
1163,2021-03-04 12:00:00+01:00,200.3999938964844,201.0,199.8999938964844,200.3999938964844,200.3999938964844,76416,202.6499938964844,202.8499984741211,201.3499984741211,201.29999542236328,201.3999938964844,-1,1,,,0.0,0.0, ,Sell,0.0,0.0, , 
1164,2021-03-04 13:00:00+01:00,200.0,200.8000030517578,199.8999938964844,200.1999969482422,200.1999969482422,47885,202.1499938964844,202.8499984741211,201.3499984741211,201.29999542236328,201.6000061035156,-1,1,,,0.0,0.0, , ,0.0,0.0, , 
1165,2021-03-04 14:00:00+01:00,200.3999938964844,200.8000030517578,200.1999969482422,200.8000030517578,200.8000030517578,42424,202.1499938964844,202.8499984741211,201.3499984741211,201.29999542236328,201.1999969482422,-1,1,,,0.0,0.0, , ,0.0,0.0, , 
1166,2021-03-04 15:00:00+01:00,200.3999938964844,201.0,199.6999969482422,200.1999969482422,200.1999969482422,147746,202.04999542236328,202.75,201.3499984741211,201.0999984741211,203.0,-1,1,,,0.0,0.0, , ,0.0,0.0, , 
1167,2021-03-04 16:00:00+01:00,200.3999938964844,200.3999938964844,200.0,200.0,200.0,16834,202.04999542236328,202.75,201.3499984741211,201.0999984741211,202.8000030517578,-1,1,,,0.0,0.0, , ,0.0,0.0, , 
1168,2021-03-05 09:00:00+01:00,200.8000030517578,200.8000030517578,199.1000061035156,199.8000030517578,199.8000030517578,23418,201.5500030517578,202.45000457763672,201.3499984741211,200.79999542236328,203.3999938964844,0,1,,,0.0,0.0, , ,0.0,0.0, , 
1169,2021-03-05 10:00:00+01:00,199.3999938964844,200.3999938964844,199.1000061035156,199.6000061035156,199.6000061035156,53652,200.95000457763672,202.45000457763672,201.3499984741211,200.79999542236328,202.3999938964844,-1,1,,,0.0,0.0, , ,0.0,0.0, , 
1170,2021-03-05 11:00:00+01:00,199.8000030517578,199.8000030517578,199.3999938964844,199.6999969482422,199.6999969482422,44391,200.75,202.45000457763672,201.47500228881836,200.79999542236328,202.8000030517578,-1,1,,,0.0,0.0, , ,0.0,0.0, , 
1171,2021-03-05 12:00:00+01:00,199.6000061035156,200.1999969482422,199.5,200.1999969482422,200.1999969482422,32909,200.0500030517578,202.45000457763672,201.60000228881836,200.79999542236328,201.8000030517578,-1,1,,,0.0,0.0, , ,0.0,0.0, , 
1172,2021-03-05 13:00:00+01:00,200.0,200.3999938964844,199.8999938964844,200.1999969482422,200.1999969482422,25858,200.0500030517578,202.45000457763672,201.49999618530273,200.9000015258789,201.3999938964844,-1,1,,,0.0,0.0, , ,0.0,0.0, , 
1173,2021-03-05 14:00:00+01:00,200.3999938964844,200.3999938964844,199.5,199.6999969482422,199.6999969482422,58094,200.0500030517578,202.45000457763672,201.59999465942383,200.9000015258789,201.6000061035156,-1,1,,1.0,0.0,0.0, , ,0.0,0.0, , 
1174,2021-03-05 15:00:00+01:00,199.6999969482422,200.3999938964844,199.5,199.8999938964844,199.8999938964844,47311,200.0500030517578,202.45000457763672,201.59999465942383,200.9000015258789,203.1999969482422,-1,1,,-1.0,0.0,0.0, , ,0.0,0.0, , 
1175,2021-03-05 16:00:00+01:00,199.8000030517578,200.1999969482422,199.8000030517578,200.0,200.0,17495,199.95000457763672,202.45000457763672,201.59999465942383,200.9000015258789,202.8000030517578,-1,1,,,0.0,0.0, , ,0.0,0.0, , 
1176,2021-03-08 09:00:00+01:00,200.1999969482422,201.0,199.8999938964844,201.0,201.0,16338,200.0500030517578,202.45000457763672,202.04999923706055,200.9000015258789,202.3999938964844,0,1,,1.0,0.0,0.0, , ,0.0,0.0, , 
1177,2021-03-08 10:00:00+01:00,200.1999969482422,201.1999969482422,199.8999938964844,200.8000030517578,200.8000030517578,81571,200.1500015258789,202.45000457763672,202.04999923706055,200.9000015258789,202.1999969482422,0,1,,,0.0,0.0, , ,0.0,0.0, , 
1178,2021-03-08 11:00:00+01:00,201.0,201.0,200.0,200.8000030517578,200.8000030517578,59546,200.29999542236328,202.45000457763672,203.0,200.9000015258789,202.8000030517578,0,1,,,0.0,0.0, , ,0.0,0.0, , 
1179,2021-03-08 12:00:00+01:00,201.0,201.1999969482422,200.6000061035156,201.0,201.0,19350,200.3499984741211,202.25,203.10000228881836,200.9000015258789,202.8000030517578,0,1,,,0.0,0.0, , ,0.0,0.0, , 
1180,2021-03-08 13:00:00+01:00,201.0,201.3999938964844,201.0,201.3999938964844,201.3999938964844,18644,200.4499969482422,202.25,203.1500015258789,200.9000015258789,202.6000061035156,0,1,,,0.0,0.0, , ,0.0,0.0, , 
1181,2021-03-08 14:00:00+01:00,201.1999969482422,202.1999969482422,201.1999969482422,202.0,202.0,27627,200.8499984741211,201.75,203.1500015258789,200.9000015258789,202.6000061035156,0,1,,,0.0,0.0, , ,0.0,0.0, , 
1182,2021-03-08 15:00:00+01:00,201.3999938964844,202.6000061035156,201.3999938964844,202.6000061035156,202.6000061035156,28728,201.0500030517578,201.75,203.1500015258789,200.9000015258789,202.0,0,1,,,0.0,0.0, , ,0.0,0.0, , 
1183,2021-03-08 16:00:00+01:00,202.6000061035156,202.8000030517578,202.3999938964844,202.8000030517578,202.8000030517578,18243,201.3000030517578,201.75,203.1500015258789,200.9000015258789,202.6000061035156,0,1,,,0.0,0.0, , ,0.0,0.0, , 
1184,2021-03-09 09:00:00+01:00,203.8000030517578,203.8000030517578,201.1999969482422,202.3999938964844,202.3999938964844,21512,201.8499984741211,201.75,203.20000076293945,200.9000015258789,202.3999938964844,0,1,1.0,,0.0,0.0, , ,0.0,0.0, , 
1185,2021-03-09 10:00:00+01:00,201.3999938964844,202.6000061035156,201.1999969482422,201.1999969482422,201.1999969482422,76036,201.8499984741211,201.5500030517578,203.35000228881836,200.9000015258789,202.1999969482422,0,1,,-1.0,0.0,0.0, , ,0.0,0.0, ,Buy
1186,2021-03-09 11:00:00+01:00,201.6000061035156,202.3999938964844,201.1999969482422,202.3999938964844,202.3999938964844,69236,201.9000015258789,201.45000457763672,203.04999923706055,200.9000015258789,202.1999969482422,0,1,,,0.0,0.0, , ,0.0,0.0, , 
1187,2021-03-09 12:00:00+01:00,201.3999938964844,202.3999938964844,201.3999938964844,201.8000030517578,201.8000030517578,23205,202.20000457763672,201.45000457763672,203.125,200.9000015258789,202.3999938964844,0,1,,,0.0,0.0, , ,0.0,0.0, , 
1188,2021-03-09 13:00:00+01:00,202.1999969482422,202.1999969482422,201.1999969482422,201.3999938964844,201.3999938964844,25566,202.4000015258789,201.45000457763672,202.8499984741211,200.9000015258789,202.6000061035156,0,1,,,0.0,0.0, , ,0.0,0.0, , 
1189,2021-03-09 14:00:00+01:00,201.6000061035156,201.6000061035156,201.0,201.3999938964844,201.3999938964844,53818,202.4000015258789,201.45000457763672,202.74999618530273,200.9000015258789,203.0,0,1,,,0.0,0.0, , ,0.0,0.0, , 
1190,2021-03-09 15:00:00+01:00,201.3999938964844,202.0,201.3999938964844,201.6000061035156,201.6000061035156,40163,202.4000015258789,201.45000457763672,202.49999618530273,200.9000015258789,204.6000061035156,0,1,,,0.0,0.0, , ,0.0,0.0, , 
1191,2021-03-09 16:00:00+01:00,201.6000061035156,201.8000030517578,201.1999969482422,201.1999969482422,201.1999969482422,8147,202.4000015258789,201.45000457763672,202.49999618530273,200.9000015258789,204.6000061035156,0,1,,,0.0,0.0, , ,0.0,0.0, , 
1192,2021-03-10 09:00:00+01:00,201.3999938964844,203.3999938964844,201.0,203.0,203.0,13763,202.4000015258789,201.45000457763672,202.39999771118164,200.9000015258789,204.3999938964844,0,1,,,0.0,0.0, , ,0.0,0.0, , 
1193,2021-03-10 10:00:00+01:00,202.3999938964844,203.8000030517578,202.3999938964844,202.8000030517578,202.8000030517578,56512,202.4000015258789,201.45000457763672,202.39999771118164,200.9000015258789,204.3999938964844,0,1,,,0.0,0.0, , ,0.0,0.0, , 
1194,2021-03-10 11:00:00+01:00,203.8000030517578,203.8000030517578,202.6000061035156,203.3999938964844,203.3999938964844,58736,202.4000015258789,201.45000457763672,202.00000381469727,200.9000015258789,204.0,1,1,,1.0,0.0,0.0, , ,0.0,0.0, , 
1195,2021-03-10 12:00:00+01:00,203.6000061035156,203.8000030517578,202.1999969482422,202.3999938964844,202.3999938964844,35742,202.4000015258789,201.5999984741211,201.70000457763672,200.9000015258789,204.1999969482422,1,1,,,1.0,1.0,Buy, ,0.0,0.0, , 
1196,2021-03-10 13:00:00+01:00,202.6000061035156,203.0,202.1999969482422,202.8000030517578,202.8000030517578,24506,202.4000015258789,201.6500015258789,201.60000228881836,200.9000015258789,204.8000030517578,1,1,,,1.0,0.0, , ,0.0,0.0, , 
1197,2021-03-10 14:00:00+01:00,202.8000030517578,203.0,201.8000030517578,201.8000030517578,201.8000030517578,31268,202.4000015258789,201.6500015258789,201.25000381469727,200.9000015258789,204.6000061035156,1,1,,,1.0,0.0, , ,0.0,0.0, , 
1198,2021-03-10 15:00:00+01:00,202.3999938964844,202.3999938964844,201.3999938964844,201.3999938964844,201.3999938964844,78277,202.4000015258789,201.6500015258789,201.25000381469727,200.9000015258789,205.3999938964844,1,1,,-1.0,1.0,0.0, , ,0.0,0.0, , 
1199,2021-03-10 16:00:00+01:00,201.3999938964844,202.0,201.3999938964844,201.6000061035156,201.6000061035156,60079,202.4000015258789,201.6500015258789,201.25000381469727,200.9000015258789,205.0,1,1,,,1.0,0.0, , ,0.0,0.0, , 
1200,2021-03-11 09:00:00+01:00,202.8000030517578,203.6000061035156,202.0,203.1999969482422,203.1999969482422,37487,202.4000015258789,201.8000030517578,201.25000381469727,200.9000015258789,205.1999969482422,1,1,,1.0,1.0,0.0, , ,0.0,0.0, , 
1201,2021-03-11 10:00:00+01:00,203.3999938964844,203.3999938964844,202.0,202.8000030517578,202.8000030517578,101497,202.5999984741211,201.8499984741211,201.20000457763672,200.9000015258789,205.6000061035156,1,1,,,1.0,0.0, , ,0.0,0.0, , 
1202,2021-03-11 11:00:00+01:00,202.8000030517578,203.0,202.0,202.3999938964844,202.3999938964844,18449,202.5999984741211,201.8499984741211,201.25000381469727,200.9000015258789,205.6000061035156,1,1,,,1.0,0.0, , ,0.0,0.0, , 
1203,2021-03-11 12:00:00+01:00,203.0,203.3999938964844,202.1999969482422,202.1999969482422,202.1999969482422,49794,202.5999984741211,201.9000015258789,201.3000030517578,200.9000015258789,205.6000061035156,1,1,,,1.0,0.0, , ,0.0,0.0, , 
1204,2021-03-11 13:00:00+01:00,203.3999938964844,203.3999938964844,202.1999969482422,202.8000030517578,202.8000030517578,22286,202.5,202.20000457763672,201.375,201.5,205.3999938964844,1,-1,,,1.0,0.0, , ,0.0,0.0, , 
1205,2021-03-11 14:00:00+01:00,202.8000030517578,203.1999969482422,202.6000061035156,202.8000030517578,202.8000030517578,24364,202.5,202.4000015258789,201.29999923706055,201.5,205.6000061035156,1,-1,,,1.0,0.0, , ,0.0,0.0, , 
1206,2021-03-11 15:00:00+01:00,202.6000061035156,203.1999969482422,202.3999938964844,202.6000061035156,202.6000061035156,33152,202.5,202.4000015258789,201.3499984741211,201.5,205.6000061035156,1,-1,,,1.0,0.0, , ,0.0,0.0, , 
1207,2021-03-11 16:00:00+01:00,202.8000030517578,203.0,202.6000061035156,202.6000061035156,202.6000061035156,13273,202.5,202.4000015258789,201.29999923706055,201.5,205.6000061035156,1,-1,,,1.0,0.0, , ,0.0,0.0, , 
1208,2021-03-12 09:00:00+01:00,202.8000030517578,202.8000030517578,201.1999969482422,202.0,202.0,24963,202.4000015258789,202.4000015258789,201.4000015258789,201.5,205.0,0,-1,,,1.0,0.0, , ,0.0,0.0, , 
1209,2021-03-12 10:00:00+01:00,201.6000061035156,202.6000061035156,201.1999969482422,202.6000061035156,202.6000061035156,45647,202.29999542236328,202.4000015258789,201.5250015258789,201.5,203.1999969482422,0,1,-1.0,-1.0,1.0,0.0, , ,0.0,0.0, , 
1210,2021-03-12 11:00:00+01:00,202.1999969482422,202.8000030517578,201.8000030517578,202.3999938964844,202.3999938964844,18815,202.29999542236328,202.4000015258789,201.79999923706055,201.5,203.6000061035156,1,1,,,0.0,-1.0, ,Sell,0.0,0.0, , 
1211,2021-03-12 12:00:00+01:00,201.8000030517578,202.8000030517578,201.8000030517578,202.1999969482422,202.1999969482422,34116,202.29999542236328,202.4000015258789,201.70000076293945,202.0,203.0,0,-1,,,0.0,0.0, , ,0.0,0.0, , 
1212,2021-03-12 13:00:00+01:00,202.1999969482422,202.6000061035156,201.3999938964844,202.1999969482422,202.1999969482422,55753,202.29999542236328,202.4000015258789,201.6750030517578,202.5,200.8000030517578,0,-1,,,0.0,0.0, , ,0.0,0.0, , 
1213,2021-03-12 14:00:00+01:00,202.0,202.3999938964844,201.8000030517578,202.3999938964844,202.3999938964844,28687,202.1999969482422,202.4000015258789,201.82500457763672,202.5,200.8000030517578,0,-1,,,0.0,0.0, , ,0.0,0.0, , 
1214,2021-03-12 15:00:00+01:00,202.1999969482422,203.3999938964844,202.0,202.6000061035156,202.6000061035156,37722,202.29999542236328,202.4000015258789,201.9250030517578,202.5,200.8000030517578,0,-1,,,0.0,0.0, , ,0.0,0.0, , 
1215,2021-03-12 16:00:00+01:00,202.8000030517578,203.1999969482422,202.8000030517578,203.0,203.0,11374,202.29999542236328,202.4000015258789,201.9250030517578,202.5,201.6000061035156,1,-1,,1.0,0.0,0.0, , ,0.0,0.0, , 
1216,2021-03-15 09:00:00+01:00,204.0,204.8000030517578,203.8000030517578,204.6000061035156,204.6000061035156,22519,203.0,202.9000015258789,201.9250030517578,202.5,201.3999938964844,1,-1,1.0,,0.0,0.0, , ,0.0,0.0, , 
1217,2021-03-15 10:00:00+01:00,204.1999969482422,204.8000030517578,204.1999969482422,204.6000061035156,204.6000061035156,39569,203.0,202.9000015258789,201.9250030517578,202.5,200.6000061035156,1,-1,,,0.0,0.0, , ,0.0,0.0, ,Buy
1218,2021-03-15 11:00:00+01:00,204.8000030517578,204.8000030517578,204.3999938964844,204.3999938964844,204.3999938964844,13650,203.0999984741211,203.0,201.9250030517578,202.5,200.6000061035156,1,-1,,,0.0,0.0, , ,0.0,0.0, , 
1219,2021-03-15 12:00:00+01:00,204.8000030517578,204.8000030517578,204.0,204.3999938964844,204.3999938964844,93862,203.0999984741211,203.0,201.9250030517578,202.5,201.0,1,-1,,,0.0,0.0, , ,0.0,0.0, , 
1220,2021-03-15 13:00:00+01:00,204.1999969482422,204.6000061035156,203.8000030517578,204.0,204.0,32453,203.0999984741211,203.0,201.9250030517578,202.45000457763672,201.3999938964844,1,-1,,,0.0,0.0, , ,0.0,0.0, , 
1221,2021-03-15 14:00:00+01:00,204.1999969482422,204.1999969482422,203.8000030517578,204.1999969482422,204.1999969482422,27411,203.3000030517578,203.0,202.0,202.45000457763672,202.6000061035156,1,-1,,,0.0,0.0, , ,0.0,0.0, , 
1222,2021-03-15 15:00:00+01:00,204.0,204.8000030517578,203.8000030517578,204.8000030517578,204.8000030517578,44152,203.4000015258789,203.0,202.0250015258789,202.45000457763672,202.3999938964844,1,-1,,,0.0,0.0, , ,0.0,0.0, , 
1223,2021-03-15 16:00:00+01:00,204.8000030517578,205.0,204.6000061035156,204.6000061035156,204.6000061035156,8983,203.9000015258789,203.0999984741211,202.0250015258789,202.45000457763672,202.3999938964844,1,-1,,,0.0,0.0, , ,0.0,0.0, , 
1224,2021-03-16 09:00:00+01:00,205.0,206.0,204.6000061035156,205.3999938964844,205.3999938964844,23945,204.9000015258789,203.5999984741211,202.0250015258789,202.45000457763672,203.1999969482422,1,-1,,,0.0,0.0, , ,0.0,0.0, , 
1225,2021-03-16 10:00:00+01:00,205.6000061035156,205.8000030517578,205.0,205.0,205.0,39742,204.9000015258789,203.5999984741211,202.0250015258789,202.45000457763672,203.6000061035156,1,-1,,,0.0,0.0, , ,0.0,0.0, , 
1226,2021-03-16 11:00:00+01:00,205.1999969482422,205.6000061035156,205.0,205.1999969482422,205.1999969482422,17781,204.9000015258789,203.5999984741211,202.10000228881836,202.45000457763672,203.8000030517578,1,-1,,,0.0,0.0, , ,0.0,0.0, , 
1227,2021-03-16 12:00:00+01:00,205.6000061035156,205.6000061035156,205.1999969482422,205.6000061035156,205.6000061035156,8924,204.9000015258789,203.5999984741211,202.2249984741211,202.45000457763672,202.8000030517578,1,-1,,,0.0,0.0, , ,0.0,0.0, , 
1228,2021-03-16 13:00:00+01:00,205.1999969482422,205.6000061035156,205.1999969482422,205.6000061035156,205.6000061035156,21695,204.9000015258789,203.5999984741211,202.2249984741211,202.45000457763672,202.3999938964844,1,-1,,,0.0,0.0, , ,0.0,0.0, , 
1229,2021-03-16 14:00:00+01:00,205.6000061035156,205.8000030517578,205.3999938964844,205.6000061035156,205.6000061035156,27967,204.9000015258789,203.5999984741211,202.25,202.45000457763672,202.6000061035156,1,-1,,,0.0,0.0, , ,0.0,0.0, , 
1230,2021-03-16 15:00:00+01:00,205.8000030517578,205.8000030517578,205.3999938964844,205.3999938964844,205.3999938964844,37121,204.9000015258789,203.5999984741211,202.35000228881836,202.45000457763672,203.1999969482422,1,-1,,,0.0,0.0, , ,0.0,0.0, , 
1231,2021-03-16 16:00:00+01:00,205.6000061035156,205.6000061035156,205.3999938964844,205.6000061035156,205.6000061035156,11975,205.3000030517578,203.5999984741211,202.45000076293945,202.45000457763672,205.3999938964844,1,-1,,,0.0,0.0, , ,0.0,0.0, , 
1232,2021-03-17 09:00:00+01:00,205.1999969482422,205.8000030517578,205.0,205.6000061035156,205.6000061035156,6413,205.3000030517578,203.5999984741211,202.45000076293945,202.45000457763672,205.3999938964844,1,-1,,-1.0,0.0,0.0, , ,0.0,0.0, , 
1233,2021-03-17 10:00:00+01:00,205.1999969482422,205.8000030517578,205.0,205.6000061035156,205.6000061035156,30606,205.4000015258789,203.5999984741211,202.45000076293945,202.45000457763672,205.8000030517578,1,-1,,,0.0,0.0, , ,0.0,0.0, , 
1234,2021-03-17 11:00:00+01:00,205.3999938964844,206.0,204.8000030517578,205.0,205.0,32798,205.4000015258789,203.5999984741211,202.4000015258789,202.45000457763672,206.1999969482422,1,-1,,,0.0,0.0, , ,0.0,0.0, , 
1235,2021-03-17 12:00:00+01:00,205.1999969482422,205.1999969482422,203.0,203.1999969482422,203.1999969482422,36456,204.5,203.6999969482422,202.3499984741211,202.45000457763672,206.3999938964844,1,-1,,1.0,0.0,0.0, , ,0.0,0.0, , 
1236,2021-03-17 13:00:00+01:00,203.8000030517578,203.8000030517578,203.0,203.6000061035156,203.6000061035156,21128,204.5,203.6999969482422,202.3499984741211,202.45000457763672,207.1999969482422,1,-1,,-1.0,0.0,0.0, , ,0.0,0.0, , 
1237,2021-03-17 14:00:00+01:00,203.3999938964844,203.6000061035156,202.6000061035156,203.0,203.0,46148,204.3000030517578,203.6999969482422,202.3499984741211,202.45000457763672,206.1999969482422,1,-1,,,0.0,0.0, , ,0.0,0.0, , 
1238,2021-03-17 15:00:00+01:00,203.3999938964844,203.3999938964844,200.3999938964844,200.8000030517578,200.8000030517578,132214,203.1999969482422,203.1999969482422,202.3499984741211,202.45000457763672,206.3999938964844,0,-1,,1.0,0.0,0.0, , ,0.0,0.0, , 
1239,2021-03-17 16:00:00+01:00,200.8000030517578,201.1999969482422,200.8000030517578,200.8000030517578,200.8000030517578,18381,203.1999969482422,203.1999969482422,202.29999923706055,202.45000457763672,207.1999969482422,-1,-1,,-1.0,0.0,0.0, , ,0.0,0.0, , 
1240,2021-03-18 09:00:00+01:00,201.6000061035156,202.0,200.3999938964844,200.8000030517578,200.8000030517578,30202,203.1999969482422,203.1999969482422,202.3499984741211,202.45000457763672,207.1999969482422,-1,-1,,,0.0,0.0, , ,-1.0,-1.0,Sell, 
1241,2021-03-18 10:00:00+01:00,201.3999938964844,201.8000030517578,200.8000030517578,201.6000061035156,201.6000061035156,86684,203.1999969482422,203.1999969482422,202.3499984741211,202.45000457763672,207.8000030517578,-1,-1,,,0.0,0.0, , ,-1.0,0.0, , 
1242,2021-03-18 11:00:00+01:00,201.3999938964844,201.8000030517578,201.0,201.3999938964844,201.3999938964844,89073,203.1999969482422,203.1999969482422,202.95000076293945,202.45000457763672,208.1999969482422,-1,1,,,0.0,0.0, , ,-1.0,0.0, , 
1243,2021-03-18 12:00:00+01:00,201.1999969482422,201.6000061035156,200.1999969482422,200.6000061035156,200.6000061035156,158175,202.6999969482422,203.0999984741211,202.95000076293945,202.45000457763672,209.0,-1,1,-1.0,,0.0,0.0, , ,-1.0,0.0, , 
1244,2021-03-18 13:00:00+01:00,200.3999938964844,200.8000030517578,200.1999969482422,200.6000061035156,200.6000061035156,84047,202.0,203.0999984741211,203.04999923706055,202.45000457763672,209.1999969482422,-1,1,,,0.0,0.0, ,Sell,-1.0,0.0, , 
1245,2021-03-18 14:00:00+01:00,200.3999938964844,201.3999938964844,200.3999938964844,201.0,201.0,64771,201.9000015258789,203.0999984741211,203.04999923706055,202.45000457763672,209.1999969482422,-1,1,,,0.0,0.0, , ,-1.0,0.0, , 
1246,2021-03-18 15:00:00+01:00,201.1999969482422,201.6000061035156,200.6000061035156,201.3999938964844,201.3999938964844,125962,201.79999542236328,203.0999984741211,203.04999923706055,202.45000457763672,209.1999969482422,-1,1,,,0.0,0.0, , ,-1.0,0.0, , 
1247,2021-03-18 16:00:00+01:00,201.3999938964844,203.0,201.3999938964844,202.6000061035156,202.6000061035156,16096,201.5999984741211,203.0999984741211,203.1500015258789,202.45000457763672,209.3999938964844,0,1,,,0.0,0.0, , ,-1.0,0.0, , 
1248,2021-03-19 09:00:00+01:00,200.3999938964844,202.8000030517578,200.3999938964844,202.3999938964844,202.3999938964844,12531,201.5999984741211,203.0999984741211,203.20000076293945,202.45000457763672,208.1999969482422,0,1,,,0.0,0.0, , ,-1.0,0.0, , 
1249,2021-03-19 10:00:00+01:00,202.0,203.0,202.0,202.3999938964844,202.3999938964844,29913,201.5999984741211,203.0999984741211,203.5,202.45000457763672,208.6000061035156,0,1,,1.0,0.0,0.0, , ,-1.0,0.0, , 
1250,2021-03-19 11:00:00+01:00,202.8000030517578,203.1999969482422,202.1999969482422,203.1999969482422,203.1999969482422,71138,201.6999969482422,203.0999984741211,204.25,202.45000457763672,208.6000061035156,0,1,,,0.0,0.0, , ,-1.0,0.0, , 
1251,2021-03-19 12:00:00+01:00,202.6000061035156,204.0,202.3999938964844,203.6000061035156,203.6000061035156,58534,202.0999984741211,203.0999984741211,204.25,202.45000457763672,208.3999938964844,0,1,,,0.0,0.0, , ,-1.0,0.0, , 
1252,2021-03-19 13:00:00+01:00,203.1999969482422,204.0,203.1999969482422,203.8000030517578,203.8000030517578,28687,202.0999984741211,203.0999984741211,204.25,202.45000457763672,208.6000061035156,0,1,,,0.0,0.0, , ,-1.0,0.0, , 
1253,2021-03-19 14:00:00+01:00,203.1999969482422,203.8000030517578,202.8000030517578,202.8000030517578,202.8000030517578,38774,202.1999969482422,203.0999984741211,204.25,202.45000457763672,208.1999969482422,0,1,,,0.0,0.0, , ,-1.0,0.0, , 
1254,2021-03-19 15:00:00+01:00,203.3999938964844,203.3999938964844,202.0,202.3999938964844,202.3999938964844,42697,202.1999969482422,203.0999984741211,204.25,202.45000457763672,200.1999969482422,0,1,,,0.0,0.0, , ,-1.0,0.0, , 
1255,2021-03-19 16:00:00+01:00,202.3999938964844,202.6000061035156,202.0,202.6000061035156,202.6000061035156,61828,202.1999969482422,203.0999984741211,204.25,202.45000457763672,199.1999969482422,0,1,,,0.0,0.0, , ,-1.0,0.0, , 
1256,2021-03-22 09:00:00+01:00,203.6000061035156,203.6000061035156,202.1999969482422,203.1999969482422,203.1999969482422,23567,202.1999969482422,203.0999984741211,204.25,202.45000457763672,199.3000030517578,0,1,,,0.0,0.0, , ,-1.0,0.0, , 
1257,2021-03-22 10:00:00+01:00,202.6000061035156,205.6000061035156,202.6000061035156,205.3999938964844,205.3999938964844,94278,203.8000030517578,203.0999984741211,204.45000076293945,202.25,198.6999969482422,0,1,1.0,-1.0,0.0,0.0, , ,-1.0,0.0, , 
1258,2021-03-22 11:00:00+01:00,204.1999969482422,205.8000030517578,204.1999969482422,205.3999938964844,205.3999938964844,80393,203.9000015258789,203.0999984741211,204.45000076293945,202.25,199.6000061035156,0,1,,1.0,0.0,0.0, , ,0.0,1.0, ,Buy
1259,2021-03-22 12:00:00+01:00,205.1999969482422,205.8000030517578,205.1999969482422,205.8000030517578,205.8000030517578,35208,203.9000015258789,203.0999984741211,204.5,201.75,199.1999969482422,1,1,,,0.0,0.0, , ,0.0,0.0, , 
1260,2021-03-22 13:00:00+01:00,205.6000061035156,206.1999969482422,205.3999938964844,206.1999969482422,206.1999969482422,24658,204.0999984741211,203.1999969482422,204.5,201.75,199.8000030517578,1,1,,,0.0,0.0, , ,0.0,0.0, , 
1261,2021-03-22 14:00:00+01:00,206.0,206.6000061035156,205.8000030517578,206.3999938964844,206.3999938964844,55292,204.3000030517578,203.4000015258789,204.0999984741211,201.75,200.1999969482422,1,1,,,0.0,0.0, , ,0.0,0.0, , 
1262,2021-03-22 15:00:00+01:00,206.1999969482422,207.3999938964844,206.0,207.1999969482422,207.1999969482422,63016,204.6999969482422,203.79999542236328,204.0999984741211,201.75,201.0,1,1,,,0.0,0.0, , ,0.0,0.0, , 
1263,2021-03-22 16:00:00+01:00,206.6000061035156,206.6000061035156,206.0,206.1999969482422,206.1999969482422,17656,204.6999969482422,203.79999542236328,204.0,201.5500030517578,200.0,1,1,,,0.0,0.0, , ,0.0,0.0, , 
1264,2021-03-23 09:00:00+01:00,206.0,207.0,205.1999969482422,206.3999938964844,206.3999938964844,22324,204.79999542236328,203.79999542236328,203.1999969482422,201.45000457763672,200.6000061035156,1,1,,,0.0,0.0, , ,0.0,0.0, , 
1265,2021-03-23 10:00:00+01:00,206.8000030517578,207.3999938964844,206.0,207.1999969482422,207.1999969482422,33953,205.0,203.79999542236328,203.1999969482422,201.45000457763672,201.6000061035156,1,1,,,0.0,0.0, , ,0.0,0.0, , 
1266,2021-03-23 11:00:00+01:00,206.6000061035156,207.3999938964844,206.3999938964844,207.1999969482422,207.1999969482422,42423,205.79999542236328,203.79999542236328,203.1999969482422,201.45000457763672,201.1999969482422,1,1,,,0.0,0.0, , ,0.0,0.0, , 
1267,2021-03-23 12:00:00+01:00,206.6000061035156,207.8000030517578,206.3999938964844,207.8000030517578,207.8000030517578,25394,206.5,204.0,203.1999969482422,201.45000457763672,200.3999938964844,1,1,,,0.0,0.0, , ,0.0,0.0, , 
1268,2021-03-23 13:00:00+01:00,207.8000030517578,208.3999938964844,207.3999938964844,208.1999969482422,208.1999969482422,29522,206.79999542236328,204.29999542236328,203.1999969482422,201.95000457763672,200.1999969482422,1,1,,,0.0,0.0, , ,0.0,0.0, , 
1269,2021-03-23 14:00:00+01:00,207.8000030517578,209.1999969482422,207.8000030517578,209.0,209.0,48877,207.1999969482422,204.6999969482422,202.89999771118164,201.95000457763672,199.6999969482422,1,1,,,0.0,0.0, , ,0.0,0.0, , 
1270,2021-03-23 15:00:00+01:00,208.6000061035156,209.3999938964844,208.3999938964844,209.1999969482422,209.1999969482422,90147,207.29999542236328,204.8999938964844,202.54999923706055,201.95000457763672,200.3999938964844,1,1,,,0.0,0.0, , ,0.0,0.0, , 
1271,2021-03-23 16:00:00+01:00,209.1999969482422,209.3999938964844,209.0,209.1999969482422,209.1999969482422,12612,207.29999542236328,204.8999938964844,202.5,201.95000457763672,200.8000030517578,1,1,,,0.0,0.0, , ,0.0,0.0, , 
1272,2021-03-24 09:00:00+01:00,208.8000030517578,209.1999969482422,207.3999938964844,209.1999969482422,209.1999969482422,13963,207.29999542236328,204.8999938964844,202.4499969482422,201.95000457763672,200.3999938964844,1,1,,,0.0,0.0, , ,0.0,0.0, , 
1273,2021-03-24 10:00:00+01:00,208.3999938964844,209.8000030517578,208.1999969482422,209.3999938964844,209.3999938964844,101365,207.9000015258789,205.0999984741211,202.3499984741211,202.0999984741211,200.1999969482422,1,1,,,0.0,0.0, , ,0.0,0.0, , 
1274,2021-03-24 11:00:00+01:00,209.0,209.8000030517578,208.0,208.1999969482422,208.1999969482422,48830,208.0999984741211,205.9000015258789,202.3499984741211,202.1500015258789,200.1999969482422,1,1,,,0.0,0.0, , ,0.0,0.0, , 
1275,2021-03-24 12:00:00+01:00,208.3999938964844,209.6000061035156,208.1999969482422,208.6000061035156,208.6000061035156,83081,208.0999984741211,205.9000015258789,202.3499984741211,202.25,199.6999969482422,1,1,,,0.0,0.0, , ,0.0,0.0, , 
1276,2021-03-24 13:00:00+01:00,208.8000030517578,209.0,208.3999938964844,208.6000061035156,208.6000061035156,47448,208.5999984741211,205.9000015258789,202.39999771118164,202.75,200.3999938964844,1,-1,,,0.0,0.0, , ,0.0,0.0, , 
1277,2021-03-24 14:00:00+01:00,208.8000030517578,209.0,208.0,208.3999938964844,208.3999938964844,40205,208.5999984741211,205.9000015258789,202.5999984741211,202.75,200.8000030517578,1,-1,,,0.0,0.0, , ,0.0,0.0, , 
1278,2021-03-24 15:00:00+01:00,208.3999938964844,209.1999969482422,208.1999969482422,208.6000061035156,208.6000061035156,67903,208.5999984741211,205.9000015258789,202.5999984741211,202.9000015258789,200.8000030517578,1,-1,,-1.0,0.0,0.0, , ,0.0,0.0, , 
1279,2021-03-24 16:00:00+01:00,208.6000061035156,208.6000061035156,208.1999969482422,208.1999969482422,208.1999969482422,24124,208.5999984741211,205.9000015258789,202.64999771118164,202.9499969482422,200.6000061035156,1,-1,,1.0,0.0,0.0, , ,0.0,0.0, , 
1280,2021-03-25 09:00:00+01:00,201.1999969482422,201.3999938964844,199.8000030517578,200.1999969482422,200.1999969482422,57669,204.8000030517578,204.8000030517578,202.64999771118164,202.9499969482422,200.8000030517578,-1,-1,,-1.0,0.0,0.0, , ,0.0,0.0, , 
1281,2021-03-25 10:00:00+01:00,200.3999938964844,201.0,199.1000061035156,199.1999969482422,199.1999969482422,114013,204.45000457763672,204.45000457763672,202.64999771118164,203.0,200.3999938964844,-1,-1,,,0.0,0.0, , ,-1.0,-1.0,Sell, 
1282,2021-03-25 11:00:00+01:00,199.6000061035156,199.8000030517578,198.3999938964844,199.3000030517578,199.3000030517578,74468,204.0999984741211,204.0999984741211,202.64999771118164,203.3000030517578,200.6000061035156,-1,-1,,,0.0,0.0, , ,-1.0,0.0, , 
1283,2021-03-25 12:00:00+01:00,198.8999938964844,199.6000061035156,198.6999969482422,198.6999969482422,198.6999969482422,80026,204.0,204.0999984741211,203.45000076293945,203.5,200.3999938964844,-1,-1,-1.0,,0.0,0.0, , ,-1.0,0.0, , 
1284,2021-03-25 13:00:00+01:00,199.1999969482422,199.6000061035156,197.8999938964844,199.6000061035156,199.6000061035156,119858,203.54999542236328,203.8499984741211,203.5,203.5,200.3999938964844,-1,-1,,,0.0,0.0, ,Sell,-1.0,0.0, , 
1285,2021-03-25 14:00:00+01:00,198.1000061035156,200.3999938964844,198.1000061035156,199.1999969482422,199.1999969482422,182401,203.54999542236328,203.8499984741211,203.5,203.5,200.3999938964844,-1,-1,,,0.0,0.0, , ,-1.0,0.0, , 
1286,2021-03-25 15:00:00+01:00,199.8000030517578,200.3999938964844,198.8999938964844,199.8000030517578,199.8000030517578,119994,203.54999542236328,203.8499984741211,203.64999771118164,203.5,200.8000030517578,-1,1,,,0.0,0.0, , ,-1.0,0.0, , 
1287,2021-03-25 16:00:00+01:00,199.8000030517578,200.1999969482422,199.0,200.1999969482422,200.1999969482422,19328,203.25,203.8499984741211,203.85000228881836,203.5,200.6000061035156,-1,1,,,0.0,0.0, , ,-1.0,0.0, , 
1288,2021-03-26 09:00:00+01:00,201.0,201.8000030517578,200.6000061035156,201.0,201.0,28531,199.8499984741211,203.8499984741211,204.24999618530273,203.5,200.6000061035156,-1,1,,1.0,0.0,0.0, , ,-1.0,0.0, , 
1289,2021-03-26 10:00:00+01:00,200.8000030517578,201.3999938964844,199.8999938964844,200.0,200.0,63564,199.8499984741211,203.8499984741211,204.24999618530273,203.5,201.0,-1,1,,,0.0,0.0, , ,-1.0,0.0, , 
1290,2021-03-26 11:00:00+01:00,200.1999969482422,200.8000030517578,199.8999938964844,200.6000061035156,200.6000061035156,62100,199.8499984741211,203.8499984741211,204.29999542236328,203.1999969482422,200.6000061035156,-1,1,,,0.0,0.0, , ,-1.0,0.0, , 
1291,2021-03-26 12:00:00+01:00,200.6000061035156,201.6000061035156,200.6000061035156,201.6000061035156,201.6000061035156,18127,199.8499984741211,203.8499984741211,204.39999771118164,203.1999969482422,203.1999969482422,-1,1,,,0.0,0.0, , ,-1.0,0.0, , 
1292,2021-03-26 13:00:00+01:00,201.1999969482422,201.6000061035156,201.1999969482422,201.1999969482422,201.1999969482422,24137,199.8499984741211,203.8499984741211,204.79999542236328,203.1999969482422,202.6999969482422,-1,1,,,0.0,0.0, , ,-1.0,0.0, , 
1293,2021-03-26 14:00:00+01:00,201.1999969482422,201.3999938964844,200.3999938964844,200.3999938964844,200.3999938964844,33091,199.95000457763672,203.8499984741211,205.25,203.1999969482422,202.5,-1,1,,,0.0,0.0, , ,-1.0,0.0, , 
1294,2021-03-26 15:00:00+01:00,201.0,201.0,199.5,200.1999969482422,200.1999969482422,50167,200.3499984741211,203.8499984741211,205.54999542236328,203.1999969482422,202.3999938964844,-1,1,,,0.0,0.0, , ,-1.0,0.0, , 
1295,2021-03-26 16:00:00+01:00,200.1999969482422,200.3999938964844,199.6000061035156,199.6999969482422,199.6999969482422,23167,200.4000015258789,203.8499984741211,205.9499969482422,203.0999984741211,202.1999969482422,-1,1,,-1.0,0.0,0.0, , ,-1.0,0.0, , 
1296,2021-03-29 09:00:00+02:00,200.0,200.8000030517578,199.6999969482422,200.3999938964844,200.3999938964844,13355,200.6500015258789,203.8499984741211,206.09999465942383,203.0999984741211,202.1000061035156,-1,1,,,0.0,0.0, , ,-1.0,0.0, , 
1297,2021-03-29 10:00:00+02:00,199.8000030517578,200.8000030517578,199.8000030517578,200.8000030517578,200.8000030517578,23194,200.5500030517578,203.8499984741211,206.09999465942383,203.0999984741211,202.6000061035156,-1,1,,,0.0,0.0, , ,-1.0,0.0, , 
1298,2021-03-29 11:00:00+02:00,200.1999969482422,201.0,200.0,200.3999938964844,200.3999938964844,27464,200.5500030517578,203.8499984741211,206.09999465942383,203.0999984741211,202.6000061035156,-1,1,,,0.0,0.0, , ,-1.0,0.0, , 
1299,2021-03-29 12:00:00+02:00,200.3999938964844,200.6000061035156,200.0,200.1999969482422,200.1999969482422,10259,200.5500030517578,203.8499984741211,206.5,203.0999984741211,202.8000030517578,-1,1,,,0.0,0.0, , ,-1.0,0.0, , 
1300,2021-03-29 13:00:00+02:00,200.3999938964844,200.3999938964844,199.8000030517578,200.1999969482422,200.1999969482422,22569,200.5500030517578,203.75,207.0,203.0999984741211,202.6999969482422,-1,1,,,0.0,0.0, , ,-1.0,0.0, , 
1301,2021-03-29 14:00:00+02:00,199.8999938964844,200.1999969482422,199.6000061035156,199.6999969482422,199.6999969482422,25989,200.4499969482422,203.54999542236328,207.0,203.0999984741211,202.8000030517578,-1,1,,,0.0,0.0, , ,-1.0,0.0, , 
1302,2021-03-29 15:00:00+02:00,199.8000030517578,200.3999938964844,199.6000061035156,200.3999938964844,200.3999938964844,60240,200.25,203.54999542236328,207.25,203.0999984741211,202.5,-1,1,,,0.0,0.0, , ,-1.0,0.0, , 
1303,2021-03-29 16:00:00+02:00,200.3999938964844,200.8000030517578,200.3999938964844,200.8000030517578,200.8000030517578,19423,200.3000030517578,203.54999542236328,207.25,203.0999984741211,202.8000030517578,-1,1,,1.0,0.0,0.0, , ,-1.0,0.0, , 
1304,2021-03-30 09:00:00+02:00,200.6000061035156,201.0,200.0,200.8000030517578,200.8000030517578,10561,200.3000030517578,203.25,207.25,203.0999984741211,202.8000030517578,-1,1,,,0.0,0.0, , ,-1.0,0.0, , 
1305,2021-03-30 10:00:00+02:00,200.3999938964844,201.0,200.3999938964844,200.6000061035156,200.6000061035156,23058,200.3000030517578,199.8499984741211,207.25,203.0999984741211,202.6999969482422,-1,1,1.0,,0.0,0.0, , ,-1.0,0.0, , 
1306,2021-03-30 11:00:00+02:00,200.8000030517578,201.0,200.3999938964844,200.8000030517578,200.8000030517578,35305,200.3000030517578,199.8499984741211,204.8000030517578,203.0999984741211,203.3000030517578,-1,1,,,0.0,0.0, , ,0.0,1.0, ,Buy
1307,2021-03-30 12:00:00+02:00,200.8000030517578,201.0,200.3999938964844,200.3999938964844,200.3999938964844,11188,200.3000030517578,199.8499984741211,204.45000457763672,203.0999984741211,203.8000030517578,-1,1,,,0.0,0.0, , ,0.0,0.0, , 
1308,2021-03-30 13:00:00+02:00,200.8000030517578,200.8000030517578,200.3999938964844,200.6000061035156,200.6000061035156,15188,200.3000030517578,199.8499984741211,204.0999984741211,203.0999984741211,203.3999938964844,-1,1,,,0.0,0.0, , ,0.0,0.0, , 
1309,2021-03-30 14:00:00+02:00,200.6000061035156,200.6000061035156,200.0,200.3999938964844,200.3999938964844,272592,200.3000030517578,199.8499984741211,204.04999923706055,203.0999984741211,203.3000030517578,-1,1,,,0.0,0.0, , ,0.0,0.0, , 
1310,2021-03-30 15:00:00+02:00,200.1999969482422,200.3999938964844,200.0,200.3999938964844,200.3999938964844,37125,200.3000030517578,199.95000457763672,203.6999969482422,203.0999984741211,203.0,-1,1,,-1.0,0.0,0.0, , ,0.0,0.0, , 
1311,2021-03-30 16:00:00+02:00,200.6000061035156,200.6000061035156,200.1999969482422,200.3999938964844,200.3999938964844,7055,200.5,200.3499984741211,203.6999969482422,203.0999984741211,203.1999969482422,-1,1,,1.0,0.0,0.0, , ,0.0,0.0, , 
1312,2021-03-31 09:00:00+02:00,200.8000030517578,200.8000030517578,199.1999969482422,200.8000030517578,200.8000030517578,33381,200.0999984741211,200.4000015258789,203.6999969482422,203.1999969482422,203.3000030517578,-1,1,-1.0,,0.0,0.0, , ,0.0,0.0, , 
1313,2021-03-31 10:00:00+02:00,200.3999938964844,200.8000030517578,200.1999969482422,200.6000061035156,200.6000061035156,47723,200.0999984741211,200.5,203.54999923706055,203.4000015258789,203.3000030517578,-1,1,,,0.0,0.0, ,Sell,0.0,0.0, , 
1314,2021-03-31 11:00:00+02:00,200.1999969482422,201.0,200.1999969482422,200.6000061035156,200.6000061035156,49858,200.0999984741211,200.4000015258789,201.8499984741211,203.79999542236328,202.8999938964844,-1,-1,,,0.0,0.0, , ,0.0,0.0, , 
1315,2021-03-31 12:00:00+02:00,200.8000030517578,201.8000030517578,200.6000061035156,201.0,201.0,140174,200.5,200.5,201.8499984741211,203.79999542236328,201.5,-1,-1,,,0.0,0.0, , ,0.0,0.0, , 
1316,2021-03-31 13:00:00+02:00,201.3999938964844,201.3999938964844,200.6000061035156,200.6000061035156,200.6000061035156,343596,200.5,200.5,201.8499984741211,203.79999542236328,201.5,-1,-1,,,0.0,0.0, , ,0.0,0.0, , 
1317,2021-04-06 09:00:00+02:00,201.6999969482422,203.6999969482422,201.6999969482422,203.1999969482422,203.1999969482422,43119,201.4499969482422,201.4499969482422,201.8499984741211,203.79999542236328,201.5,0,-1,,,0.0,0.0, , ,0.0,0.0, , 
1318,2021-04-06 10:00:00+02:00,203.0,203.6999969482422,202.6000061035156,202.6999969482422,202.6999969482422,131597,201.4499969482422,201.4499969482422,201.8499984741211,203.79999542236328,201.6000061035156,0,-1,,,0.0,0.0, , ,0.0,0.0, , 
1319,2021-04-06 11:00:00+02:00,202.8999938964844,202.8999938964844,201.8000030517578,202.5,202.5,30971,201.4499969482422,201.4499969482422,201.9000015258789,204.0,201.6999969482422,0,-1,,,0.0,0.0, , ,0.0,0.0, , 
1320,2021-04-06 12:00:00+02:00,202.3999938964844,202.5,202.1000061035156,202.3999938964844,202.3999938964844,19494,201.4499969482422,201.4499969482422,202.0999984741211,204.29999542236328,201.3999938964844,0,-1,,,0.0,0.0, , ,0.0,0.0, , 
1321,2021-04-06 13:00:00+02:00,202.1999969482422,202.5,202.1999969482422,202.1999969482422,202.1999969482422,12618,201.9499969482422,201.4499969482422,202.125,204.6999969482422,201.3000030517578,0,-1,1.0,,0.0,0.0, , ,0.0,0.0, , 
1322,2021-04-06 14:00:00+02:00,202.3999938964844,202.3999938964844,201.6000061035156,202.1000061035156,202.1000061035156,36883,201.9499969482422,201.4499969482422,202.25,204.79999542236328,201.8000030517578,0,-1,,,0.0,0.0, , ,0.0,0.0, ,Buy
1323,2021-04-06 15:00:00+02:00,201.8000030517578,202.6000061035156,201.6999969482422,202.6000061035156,202.6000061035156,39901,202.1500015258789,201.4499969482422,202.20000076293945,204.79999542236328,201.6999969482422,0,-1,,-1.0,0.0,0.0, , ,0.0,0.0, , 
1324,2021-04-06 16:00:00+02:00,202.6999969482422,202.8000030517578,202.1000061035156,202.6000061035156,202.6000061035156,16181,202.1500015258789,201.4499969482422,202.20000076293945,204.79999542236328,201.8999938964844,0,-1,,1.0,0.0,0.0, , ,0.0,0.0, , 
1325,2021-04-07 09:00:00+02:00,202.6000061035156,202.8999938964844,202.1999969482422,202.8000030517578,202.8000030517578,10766,202.6500015258789,201.4499969482422,202.20000076293945,205.0,202.0,0,-1,,-1.0,0.0,0.0, , ,0.0,0.0, , 
1326,2021-04-07 10:00:00+02:00,202.3000030517578,203.1000061035156,202.1999969482422,202.6999969482422,202.6999969482422,43542,202.6500015258789,201.4499969482422,202.1500015258789,205.0,202.1000061035156,0,-1,,,0.0,0.0, , ,0.0,0.0, , 
1327,2021-04-07 11:00:00+02:00,202.6999969482422,203.1000061035156,202.3000030517578,202.8000030517578,202.8000030517578,29435,202.3500061035156,201.4499969482422,201.99999618530273,205.0,201.6999969482422,0,-1,,1.0,0.0,0.0, , ,0.0,0.0, , 
1328,2021-04-07 12:00:00+02:00,202.3000030517578,202.8999938964844,202.1999969482422,202.5,202.5,17566,202.3500061035156,201.4499969482422,201.89999771118164,205.0,201.6000061035156,0,-1,,-1.0,0.0,0.0, , ,0.0,0.0, , 
1329,2021-04-07 13:00:00+02:00,202.6000061035156,202.8999938964844,202.1999969482422,202.8000030517578,202.8000030517578,21369,202.3500061035156,201.4499969482422,201.92499923706055,205.0,201.3000030517578,0,-1,,1.0,0.0,0.0, , ,0.0,0.0, , 
1330,2021-04-07 14:00:00+02:00,202.8000030517578,202.8000030517578,202.3999938964844,202.8000030517578,202.8000030517578,31425,202.3500061035156,201.4499969482422,201.7750015258789,205.0,201.6000061035156,0,-1,,,0.0,0.0, , ,0.0,0.0, , 
1331,2021-04-07 15:00:00+02:00,202.6000061035156,202.8999938964844,202.1999969482422,202.6999969482422,202.6999969482422,37331,202.4000015258789,201.4499969482422,200.07500076293945,205.0,201.1999969482422,0,-1,,,0.0,0.0, , ,0.0,0.0, , 
1332,2021-04-07 16:00:00+02:00,202.6000061035156,203.3999938964844,202.5,203.3000030517578,203.3000030517578,28610,202.75,201.4499969482422,200.07500076293945,204.8000030517578,201.3999938964844,0,-1,,-1.0,0.0,0.0, , ,0.0,0.0, , 
1333,2021-04-08 09:00:00+02:00,203.3999938964844,204.6000061035156,203.1000061035156,203.8000030517578,203.8000030517578,22128,203.4000015258789,201.9000015258789,200.07500076293945,204.45000457763672,201.0,0,-1,,,0.0,0.0, , ,0.0,0.0, , 
1334,2021-04-08 10:00:00+02:00,203.1999969482422,204.0,203.0,203.3999938964844,203.3999938964844,178673,203.4000015258789,201.9000015258789,200.07500076293945,204.0999984741211,201.1999969482422,0,-1,,,0.0,0.0, , ,0.0,0.0, , 
1335,2021-04-08 11:00:00+02:00,203.3999938964844,203.8000030517578,202.8000030517578,203.3000030517578,203.3000030517578,21847,203.4000015258789,201.9000015258789,200.07500076293945,204.0999984741211,201.3999938964844,0,-1,,,0.0,0.0, , ,0.0,0.0, , 
1336,2021-04-08 12:00:00+02:00,203.0,203.3000030517578,202.6999969482422,203.0,203.0,15294,203.4000015258789,201.9000015258789,200.12500381469727,203.8499984741211,201.3999938964844,0,-1,,,0.0,0.0, , ,0.0,0.0, , 
1337,2021-04-08 13:00:00+02:00,202.6999969482422,203.3000030517578,202.6999969482422,203.1999969482422,203.1999969482422,24498,203.4000015258789,201.9000015258789,200.42499923706055,203.8499984741211,201.3999938964844,0,-1,,,0.0,0.0, , ,0.0,0.0, , 
1338,2021-04-08 14:00:00+02:00,203.3000030517578,203.3000030517578,202.8999938964844,203.3000030517578,203.3000030517578,22463,203.4000015258789,202.4000015258789,200.25,203.8499984741211,201.1999969482422,0,-1,,,0.0,0.0, , ,0.0,0.0, , 
1339,2021-04-08 15:00:00+02:00,202.8999938964844,203.3999938964844,202.8999938964844,203.3000030517578,203.3000030517578,32788,203.4000015258789,202.4000015258789,200.29999923706055,203.8499984741211,200.1999969482422,0,-1,,,0.0,0.0, , ,0.0,0.0, , 
1340,2021-04-08 16:00:00+02:00,203.3999938964844,203.5,202.8999938964844,202.8999938964844,202.8999938964844,9343,203.5500030517578,202.6000061035156,200.25,203.8499984741211,199.9499969482422,0,-1,,,0.0,0.0, , ,0.0,0.0, , 
1341,2021-04-09 09:00:00+02:00,203.3999938964844,203.3999938964844,201.0,201.5,201.5,18549,202.8000030517578,202.6000061035156,200.5,203.8499984741211,199.0,0,-1,,1.0,0.0,0.0, , ,0.0,0.0, , 
1342,2021-04-09 10:00:00+02:00,201.1999969482422,201.8000030517578,201.0,201.5,201.5,24085,202.5,202.8000030517578,200.5,203.8499984741211,198.6999969482422,0,-1,-1.0,-1.0,0.0,0.0, , ,0.0,0.0, , 
1343,2021-04-09 11:00:00+02:00,201.5,201.6000061035156,201.1999969482422,201.5,201.5,15231,202.4000015258789,202.8000030517578,201.4499969482422,203.8499984741211,198.8999938964844,0,-1,,,0.0,0.0, ,Sell,0.0,0.0, , 
1344,2021-04-09 12:00:00+02:00,201.1999969482422,201.6999969482422,201.1999969482422,201.6000061035156,201.6000061035156,15268,202.25,202.8000030517578,201.4499969482422,203.8499984741211,198.6000061035156,0,-1,,,0.0,0.0, , ,0.0,0.0, , 
1345,2021-04-09 13:00:00+02:00,201.3999938964844,201.8000030517578,201.3999938964844,201.6999969482422,201.6999969482422,18603,202.25,202.8000030517578,201.4499969482422,203.8499984741211,198.1000061035156,0,-1,,,0.0,0.0, , ,0.0,0.0, , 
1346,2021-04-09 14:00:00+02:00,201.8000030517578,201.8000030517578,201.3000030517578,201.3999938964844,201.3999938964844,29727,202.25,202.8000030517578,201.4499969482422,203.8499984741211,198.3500061035156,0,-1,,,0.0,0.0, , ,0.0,0.0, , 
1347,2021-04-09 15:00:00+02:00,201.6000061035156,201.6000061035156,201.1999969482422,201.3000030517578,201.3000030517578,57330,202.25,202.8000030517578,201.6999969482422,203.8499984741211,198.8000030517578,-1,-1,,,0.0,0.0, , ,0.0,0.0, , 
1348,2021-04-09 16:00:00+02:00,201.3999938964844,201.8999938964844,201.3000030517578,201.8000030517578,201.8000030517578,11267,202.25,202.8000030517578,201.6999969482422,203.8499984741211,198.6499938964844,0,-1,,,0.0,0.0, , ,0.0,0.0, , 
1349,2021-04-12 09:00:00+02:00,201.6000061035156,202.0,201.1999969482422,201.6999969482422,201.6999969482422,6486,202.1999969482422,202.8000030517578,201.79999923706055,203.8499984741211,198.25,0,-1,,,0.0,0.0, , ,0.0,0.0, , 
1350,2021-04-12 10:00:00+02:00,201.3999938964844,202.1000061035156,201.1999969482422,201.8999938964844,201.8999938964844,225545,201.5500030517578,202.8000030517578,201.79999923706055,203.8499984741211,197.9499969482422,0,-1,,,0.0,0.0, , ,0.0,0.0, , 
1351,2021-04-12 11:00:00+02:00,202.0,202.6999969482422,201.8000030517578,202.0,202.0,19985,201.9499969482422,202.8000030517578,202.04999923706055,203.8499984741211,197.8500061035156,0,-1,,1.0,0.0,0.0, , ,0.0,0.0, , 
1352,2021-04-12 12:00:00+02:00,202.1000061035156,202.1999969482422,201.8999938964844,202.1000061035156,202.1000061035156,17463,201.9499969482422,202.8000030517578,202.04999923706055,203.8499984741211,197.4499969482422,0,-1,,,0.0,0.0, , ,0.0,0.0, , 
1353,2021-04-12 13:00:00+02:00,202.0,202.1000061035156,201.6999969482422,201.6999969482422,201.6999969482422,10196,201.9499969482422,202.8000030517578,201.9000015258789,203.8499984741211,196.6000061035156,0,-1,,,0.0,0.0, , ,0.0,0.0, , 
1354,2021-04-12 14:00:00+02:00,201.8999938964844,202.0,201.6000061035156,201.6000061035156,201.6000061035156,132350,201.9499969482422,202.8000030517578,201.9000015258789,203.8499984741211,196.5500030517578,0,-1,,-1.0,0.0,0.0, , ,0.0,0.0, , 
1355,2021-04-12 15:00:00+02:00,201.8999938964844,201.8999938964844,200.8000030517578,201.3000030517578,201.3000030517578,144480,201.75,202.70000457763672,201.9000015258789,203.8499984741211,197.1499938964844,-1,-1,,1.0,0.0,0.0, , ,0.0,0.0, , 
1356,2021-04-12 16:00:00+02:00,201.3000030517578,201.6000061035156,201.3000030517578,201.6000061035156,201.6000061035156,12760,201.75,202.70000457763672,201.9000015258789,203.8499984741211,196.8000030517578,-1,-1,,-1.0,0.0,0.0, , ,0.0,0.0, , 
1357,2021-04-13 09:00:00+02:00,201.6000061035156,201.8999938964844,200.6000061035156,201.1999969482422,201.1999969482422,9784,201.6500015258789,202.6000061035156,201.92499923706055,203.8499984741211,197.5,-1,-1,,,0.0,0.0, , ,-1.0,-1.0,Sell, 
1358,2021-04-13 10:00:00+02:00,201.3999938964844,201.6000061035156,201.0,201.3999938964844,201.3999938964844,23415,201.6500015258789,202.6000061035156,202.0999984741211,203.8499984741211,197.0500030517578,-1,-1,,,0.0,0.0, , ,-1.0,0.0, , 
1359,2021-04-13 11:00:00+02:00,201.1000061035156,201.6000061035156,200.8999938964844,201.0,201.0,30451,201.6500015258789,202.3000030517578,202.6500015258789,203.8499984741211,196.8500061035156,-1,-1,,,0.0,0.0, , ,-1.0,0.0, , 
1360,2021-04-13 12:00:00+02:00,201.3000030517578,201.3999938964844,200.6999969482422,201.1999969482422,201.1999969482422,35277,201.4000015258789,202.20000457763672,202.6500015258789,203.8499984741211,196.3500061035156,-1,-1,,,0.0,0.0, , ,-1.0,0.0, , 
1361,2021-04-13 13:00:00+02:00,201.1000061035156,201.6999969482422,200.8999938964844,201.3999938964844,201.3999938964844,28826,201.3500061035156,202.0500030517578,202.6500015258789,203.8499984741211,196.75,-1,-1,,,0.0,0.0, , ,-1.0,0.0, , 
1362,2021-04-13 14:00:00+02:00,201.1000061035156,201.6999969482422,201.0,201.3999938964844,201.3999938964844,26732,201.3000030517578,202.0500030517578,202.6500015258789,203.8499984741211,196.5500030517578,-1,-1,,,0.0,0.0, , ,-1.0,0.0, , 
1363,2021-04-13 15:00:00+02:00,201.3000030517578,201.5,201.1000061035156,201.3999938964844,201.3999938964844,15770,201.25,202.0500030517578,202.6500015258789,203.8499984741211,199.1999969482422,-1,-1,,1.0,0.0,0.0, , ,-1.0,0.0, , 
1364,2021-04-13 16:00:00+02:00,201.3000030517578,201.3000030517578,201.1999969482422,201.1999969482422,201.1999969482422,4451,201.25,202.0500030517578,202.9000015258789,203.8499984741211,197.6999969482422,-1,-1,,,0.0,0.0, , ,-1.0,0.0, , 
1365,2021-04-14 09:00:00+02:00,201.0,201.0,199.75,200.1999969482422,200.1999969482422,24864,200.8249969482422,201.625,202.9000015258789,203.8499984741211,197.6000061035156,-1,-1,,,0.0,0.0, , ,-1.0,0.0, , 
1366,2021-04-14 10:00:00+02:00,200.5,200.5,199.3999938964844,199.9499969482422,199.9499969482422,192350,200.54999542236328,201.3999938964844,203.07500457763672,203.8499984741211,197.3500061035156,-1,-1,,-1.0,0.0,0.0, , ,-1.0,0.0, , 
1367,2021-04-14 11:00:00+02:00,199.5,200.1000061035156,198.75,199.0,199.0,35641,200.2249984741211,200.7249984741211,202.70000457763672,203.8499984741211,197.0,-1,-1,,,0.0,0.0, , ,-1.0,0.0, , 
1368,2021-04-14 12:00:00+02:00,198.75,199.1000061035156,198.6000061035156,198.6999969482422,198.6999969482422,55639,200.1500015258789,200.6500015258789,202.6500015258789,203.8499984741211,197.5,-1,-1,,,0.0,0.0, , ,-1.0,0.0, , 
1369,2021-04-14 13:00:00+02:00,198.75,198.9499969482422,198.6499938964844,198.8999938964844,198.8999938964844,37852,200.1500015258789,200.6500015258789,202.60000228881836,203.8499984741211,196.3999938964844,-1,-1,,,0.0,0.0, , ,-1.0,0.0, , 
1370,2021-04-14 14:00:00+02:00,198.75,198.9499969482422,198.5,198.6000061035156,198.6000061035156,220785,200.0999984741211,200.5999984741211,202.5250015258789,203.8499984741211,196.6499938964844,-1,-1,,,0.0,0.0, , ,-1.0,0.0, , 
1371,2021-04-14 15:00:00+02:00,198.6999969482422,198.75,198.1000061035156,198.1000061035156,198.1000061035156,48549,199.8000030517578,200.4000015258789,202.5250015258789,203.8499984741211,195.75,-1,-1,,,0.0,0.0, , ,-1.0,0.0, , 
1372,2021-04-14 16:00:00+02:00,198.1000061035156,198.6000061035156,197.75,198.3500061035156,198.3500061035156,35120,199.5250015258789,200.2249984741211,202.5250015258789,203.8499984741211,195.1000061035156,-1,-1,,,0.0,0.0, , ,-1.0,0.0, , 
1373,2021-04-15 09:00:00+02:00,198.5500030517578,199.0,197.6999969482422,198.8000030517578,198.8000030517578,16272,199.3499984741211,200.1999969482422,202.5250015258789,203.8499984741211,195.1499938964844,-1,-1,,,0.0,0.0, , ,-1.0,0.0, , 
1374,2021-04-15 10:00:00+02:00,198.3999938964844,199.3500061035156,198.3999938964844,198.6499938964844,198.6499938964844,50066,199.0999984741211,200.1999969482422,202.5250015258789,203.8499984741211,194.9499969482422,-1,-1,,,0.0,0.0, , ,-1.0,0.0, , 
1375,2021-04-15 11:00:00+02:00,199.1000061035156,199.3500061035156,198.1999969482422,198.25,198.25,29053,198.9000015258789,200.1999969482422,202.5,203.8499984741211,194.5500030517578,-1,-1,,1.0,0.0,0.0, , ,-1.0,0.0, , 
1376,2021-04-15 12:00:00+02:00,198.3000030517578,198.3000030517578,197.8500061035156,197.9499969482422,197.9499969482422,42793,198.5250015258789,200.1999969482422,202.1750030517578,203.8499984741211,195.3999938964844,-1,-1,,-1.0,0.0,0.0, , ,-1.0,0.0, , 
1377,2021-04-15 13:00:00+02:00,198.0,198.1499938964844,197.8000030517578,197.8500061035156,197.8500061035156,49696,198.5250015258789,199.9499969482422,202.375,203.8499984741211,195.0500030517578,-1,-1,,,0.0,0.0, , ,-1.0,0.0, , 
1378,2021-04-15 14:00:00+02:00,197.8500061035156,198.0,197.1000061035156,197.4499969482422,197.4499969482422,56504,198.2250061035156,199.6000061035156,202.375,203.75,195.25,-1,-1,,,0.0,0.0, , ,-1.0,0.0, , 
1379,2021-04-15 15:00:00+02:00,197.4499969482422,197.5,196.5500030517578,196.6000061035156,196.6000061035156,59616,197.95000457763672,199.2750015258789,202.375,203.54999542236328,195.1499938964844,-1,-1,,,0.0,0.0, , ,-1.0,0.0, , 
1380,2021-04-15 16:00:00+02:00,196.5,196.75,196.4499969482422,196.5500030517578,196.5500030517578,12714,197.9000015258789,199.17499542236328,202.375,203.54999542236328,196.3000030517578,-1,-1,,,0.0,0.0, , ,-1.0,0.0, , 
1381,2021-04-16 09:00:00+02:00,196.4499969482422,198.1499938964844,196.4499969482422,197.1499938964844,197.1499938964844,36740,197.9000015258789,199.17499542236328,202.22500228881836,203.54999542236328,196.25,-1,-1,,,0.0,0.0, , ,-1.0,0.0, , 
1382,2021-04-16 10:00:00+02:00,197.8500061035156,198.1499938964844,196.6499938964844,196.8000030517578,196.8000030517578,37556,197.9000015258789,199.17499542236328,202.22500228881836,203.25,196.1000061035156,-1,-1,,,0.0,0.0, , ,-1.0,0.0, , 
1383,2021-04-16 11:00:00+02:00,196.6999969482422,197.5500030517578,196.6999969482422,197.5,197.5,63116,197.9000015258789,199.0749969482422,202.12500381469727,200.79999542236328,195.6000061035156,-1,1,,,0.0,0.0, , ,-1.0,0.0, , 
1384,2021-04-16 12:00:00+02:00,197.1499938964844,197.5500030517578,196.8999938964844,197.0500030517578,197.0500030517578,49361,197.375,199.0749969482422,202.12500381469727,200.79999542236328,196.0,-1,1,,,0.0,0.0, , ,-1.0,0.0, , 
1385,2021-04-16 13:00:00+02:00,197.25,197.3000030517578,196.6499938964844,196.8500061035156,196.8500061035156,26033,197.29999542236328,199.0749969482422,201.97500228881836,201.25,195.8999938964844,-1,1,,,0.0,0.0, , ,-1.0,0.0, , 
1386,2021-04-16 14:00:00+02:00,196.8500061035156,197.0,196.3500061035156,196.3500061035156,196.3500061035156,39343,197.25,199.0250015258789,201.8000030517578,201.25,195.75,-1,1,,,0.0,0.0, , ,-1.0,0.0, , 
1387,2021-04-16 15:00:00+02:00,196.5500030517578,196.75,196.1999969482422,196.75,196.75,33991,197.17499542236328,198.9499969482422,201.70000457763672,201.25,190.8999938964844,-1,1,,,0.0,0.0, , ,-1.0,0.0, , 
1388,2021-04-16 16:00:00+02:00,196.75,196.8000030517578,196.5,196.5500030517578,196.5500030517578,7192,197.17499542236328,198.8499984741211,201.6750030517578,201.3500061035156,192.1499938964844,-1,1,,,0.0,0.0, , ,-1.0,0.0, , 
1389,2021-04-19 09:00:00+02:00,198.0,199.9499969482422,197.9499969482422,199.1999969482422,199.1999969482422,71414,198.0749969482422,198.75,201.6500015258789,201.75,191.6999969482422,-1,-1,,,0.0,0.0, , ,-1.0,0.0, , 
1390,2021-04-19 10:00:00+02:00,199.3500061035156,199.9499969482422,197.6999969482422,197.6999969482422,197.6999969482422,33630,198.0749969482422,198.5999984741211,201.6500015258789,201.8000030517578,191.9499969482422,-1,-1,,1.0,0.0,0.0, , ,-1.0,0.0, , 
1391,2021-04-19 11:00:00+02:00,198.3999938964844,198.3999938964844,197.4499969482422,197.6000061035156,197.6000061035156,17294,198.0749969482422,198.3499984741211,201.2249984741211,201.9000015258789,193.75,-1,-1,,,0.0,0.0, , ,-1.0,0.0, , 
1392,2021-04-19 12:00:00+02:00,197.8500061035156,197.8500061035156,197.3000030517578,197.3500061035156,197.3500061035156,7766,198.0749969482422,198.1500015258789,200.97499465942383,201.9000015258789,194.6000061035156,-1,-1,,-1.0,0.0,0.0, , ,-1.0,0.0, , 
1393,2021-04-19 13:00:00+02:00,197.8000030517578,197.8000030517578,196.8999938964844,197.0,197.0,141849,198.0749969482422,198.0749969482422,200.4749984741211,201.9000015258789,193.6999969482422,-1,-1,,,0.0,0.0, , ,-1.0,0.0, , 
1394,2021-04-19 14:00:00+02:00,197.3500061035156,197.75,196.8999938964844,197.5,197.5,17974,198.0749969482422,198.0749969482422,200.4000015258789,201.9000015258789,193.25,-1,-1,,,0.0,0.0, , ,-1.0,0.0, , 
1395,2021-04-19 15:00:00+02:00,197.1499938964844,197.75,196.3999938964844,196.3999938964844,196.3999938964844,36338,198.0749969482422,198.0749969482422,200.4000015258789,201.9000015258789,196.8999938964844,-1,-1,,,0.0,0.0, , ,-1.0,0.0, , 
1396,2021-04-19 16:00:00+02:00,196.4499969482422,196.8000030517578,196.4499969482422,196.6499938964844,196.6499938964844,11546,198.17499542236328,198.0749969482422,200.3499984741211,201.9000015258789,196.6499938964844,-1,-1,1.0,,0.0,0.0, , ,-1.0,0.0, , 
1397,2021-04-20 09:00:00+02:00,196.8000030517578,197.0,195.4499969482422,195.75,195.75,29591,197.6999969482422,197.6999969482422,200.10000228881836,201.9000015258789,195.4499969482422,-1,-1,,,0.0,0.0, , ,0.0,1.0, ,Buy
1398,2021-04-20 10:00:00+02:00,195.6999969482422,195.8000030517578,195.1000061035156,195.1000061035156,195.1000061035156,45298,197.5250015258789,197.5250015258789,199.875,201.9000015258789,195.0,-1,-1,,,0.0,0.0, , ,0.0,0.0, , 
1399,2021-04-20 11:00:00+02:00,195.6999969482422,195.6999969482422,194.75,195.1499938964844,195.1499938964844,67331,196.5749969482422,197.3499984741211,199.77499771118164,201.9000015258789,195.1999969482422,-1,-1,-1.0,,0.0,0.0, , ,0.0,0.0, , 
1400,2021-04-20 12:00:00+02:00,194.8999938964844,195.6000061035156,194.75,194.9499969482422,194.9499969482422,51816,196.3000030517578,197.3499984741211,199.64999771118164,201.9000015258789,195.1999969482422,-1,-1,,,0.0,0.0, ,Sell,-1.0,-1.0,Sell, 
1401,2021-04-20 13:00:00+02:00,195.1000061035156,195.1000061035156,194.3500061035156,194.5500030517578,194.5500030517578,39815,196.07500457763672,197.1500015258789,199.54999923706055,201.9000015258789,194.4499969482422,-1,-1,,,0.0,0.0, , ,-1.0,0.0, , 
1402,2021-04-20 14:00:00+02:00,194.6499938964844,195.4499969482422,194.3500061035156,195.3999938964844,195.3999938964844,48303,196.0500030517578,197.1500015258789,199.36249923706055,201.9000015258789,194.3500061035156,-1,-1,,,0.0,0.0, , ,-1.0,0.0, , 
1403,2021-04-20 15:00:00+02:00,195.1499938964844,195.6999969482422,195.0500030517578,195.0500030517578,195.0500030517578,45008,196.0500030517578,197.1500015258789,199.23749923706055,201.9000015258789,193.8999938964844,-1,-1,,,0.0,0.0, , ,-1.0,0.0, , 
1404,2021-04-20 16:00:00+02:00,195.0,195.3000030517578,194.9499969482422,195.25,195.25,17521,195.6750030517578,197.1500015258789,198.9125061035156,201.9000015258789,193.4499969482422,-1,-1,,,0.0,0.0, , ,-1.0,0.0, , 
1405,2021-04-21 09:00:00+02:00,195.1000061035156,196.0,194.6999969482422,195.1499938964844,195.1499938964844,14938,195.6750030517578,197.1500015258789,198.6125030517578,201.9000015258789,192.8999938964844,-1,-1,,,0.0,0.0, , ,-1.0,0.0, , 
1406,2021-04-21 10:00:00+02:00,194.8500061035156,196.3000030517578,194.8500061035156,196.3000030517578,196.3000030517578,75422,195.32500457763672,197.1500015258789,198.5374984741211,201.9000015258789,193.5500030517578,-1,-1,,,0.0,0.0, , ,-1.0,0.0, , 
1407,2021-04-21 11:00:00+02:00,195.6000061035156,196.75,195.5,196.25,196.25,55686,195.5500030517578,197.1500015258789,198.5374984741211,201.9000015258789,193.6499938964844,-1,-1,,1.0,0.0,0.0, , ,-1.0,0.0, , 
1408,2021-04-21 12:00:00+02:00,196.1999969482422,196.4499969482422,195.6000061035156,196.1000061035156,196.1000061035156,67296,195.5500030517578,197.1500015258789,198.5374984741211,201.9000015258789,193.3500061035156,-1,-1,,,0.0,0.0, , ,-1.0,0.0, , 
1409,2021-04-21 13:00:00+02:00,195.8000030517578,196.1999969482422,195.5500030517578,195.6000061035156,195.6000061035156,26385,195.5500030517578,197.1500015258789,198.48749923706055,201.9000015258789,193.0,-1,-1,,,0.0,0.0, , ,-1.0,0.0, , 
1410,2021-04-21 14:00:00+02:00,195.8999938964844,196.1999969482422,195.5,196.0,196.0,46739,195.5500030517578,197.1500015258789,198.2249984741211,201.9000015258789,193.3000030517578,-1,-1,,,0.0,0.0, , ,-1.0,0.0, , 
1411,2021-04-21 15:00:00+02:00,196.0500030517578,196.6000061035156,195.75,195.8999938964844,195.8999938964844,54653,195.7249984741211,197.1500015258789,198.18749618530273,201.9000015258789,193.4499969482422,-1,-1,,,0.0,0.0, , ,-1.0,0.0, , 
1412,2021-04-21 16:00:00+02:00,195.8000030517578,195.8500061035156,195.4499969482422,195.75,195.75,11766,195.7249984741211,197.1500015258789,198.13750076293945,201.9000015258789,192.9499969482422,-1,-1,,,0.0,0.0, , ,-1.0,0.0, , 
1413,2021-04-22 09:00:00+02:00,196.3999938964844,196.5,190.3999938964844,190.8999938964844,190.8999938964844,128828,193.5749969482422,195.17499542236328,198.06249618530273,201.9000015258789,192.8999938964844,-1,-1,,,0.0,0.0, , ,-1.0,0.0, , 
1414,2021-04-22 10:00:00+02:00,191.3999938964844,192.5500030517578,190.3999938964844,192.1499938964844,192.1499938964844,193899,193.5749969482422,195.17499542236328,198.0124969482422,201.9000015258789,192.3000030517578,-1,-1,,-1.0,0.0,0.0, , ,-1.0,0.0, , 
1415,2021-04-22 11:00:00+02:00,191.3000030517578,192.5500030517578,191.1999969482422,191.6999969482422,191.6999969482422,88626,193.5749969482422,195.17499542236328,198.4124984741211,201.9000015258789,191.5500030517578,-1,-1,,,0.0,0.0, , ,-1.0,0.0, , 
1416,2021-04-22 12:00:00+02:00,191.5,192.4499969482422,191.1999969482422,191.9499969482422,191.9499969482422,78712,193.5,194.3999938964844,198.33749771118164,202.4000015258789,191.3999938964844,-1,-1,,,0.0,0.0, , ,-1.0,0.0, , 
1417,2021-04-22 13:00:00+02:00,191.6499938964844,193.8000030517578,191.6000061035156,193.75,193.75,78219,193.5,194.125,198.21249771118164,202.1750030517578,191.3999938964844,-1,-1,,,0.0,0.0, , ,-1.0,0.0, , 
1418,2021-04-22 14:00:00+02:00,193.1000061035156,195.3999938964844,192.9499969482422,194.6000061035156,194.6000061035156,90342,193.5,194.0999984741211,198.11249923706055,202.0,192.0500030517578,-1,-1,,,0.0,0.0, , ,-1.0,0.0, , 
1419,2021-04-22 15:00:00+02:00,195.1499938964844,195.3999938964844,193.3999938964844,193.6999969482422,193.6999969482422,63959,193.5,194.0749969482422,198.0749969482422,201.6750030517578,192.3500061035156,-1,-1,,1.0,0.0,0.0, , ,-1.0,0.0, , 
1420,2021-04-22 16:00:00+02:00,193.8500061035156,193.8500061035156,193.0500030517578,193.25,193.25,22659,193.4499969482422,194.0749969482422,198.0749969482422,201.6000061035156,192.1499938964844,-1,-1,,,0.0,0.0, , ,-1.0,0.0, , 
1421,2021-04-23 09:00:00+02:00,195.5,196.8999938964844,194.0500030517578,196.8999938964844,196.8999938964844,29236,193.6499938964844,193.6999969482422,198.0749969482422,201.6000061035156,191.4499969482422,-1,-1,,,0.0,0.0, , ,-1.0,0.0, , 
1422,2021-04-23 10:00:00+02:00,195.25,197.5500030517578,194.8500061035156,196.6499938964844,196.6499938964844,104158,193.9749984741211,193.9749984741211,198.12499618530273,201.5500030517578,192.0,-1,-1,,,0.0,0.0, , ,-1.0,0.0, , 
1423,2021-04-23 11:00:00+02:00,196.5500030517578,196.75,195.4499969482422,195.4499969482422,195.4499969482422,83591,194.375,193.9749984741211,197.6999969482422,201.3500061035156,192.25,-1,-1,1.0,,0.0,0.0, , ,-1.0,0.0, , 
1424,2021-04-23 12:00:00+02:00,196.0,196.1000061035156,194.8999938964844,195.0,195.0,76538,194.375,193.9749984741211,197.5250015258789,201.1750030517578,193.25,-1,-1,,,0.0,0.0, , ,0.0,1.0, ,Buy
1425,2021-04-23 13:00:00+02:00,195.4499969482422,195.4499969482422,194.75,195.1999969482422,195.1999969482422,59060,194.57500457763672,193.9749984741211,196.96249771118164,201.1500015258789,193.6999969482422,-1,-1,,,0.0,0.0, , ,0.0,0.0, , 
1426,2021-04-23 14:00:00+02:00,194.8000030517578,195.4499969482422,194.8000030517578,195.1999969482422,195.1999969482422,47449,195.25,193.9749984741211,196.82500076293945,201.1500015258789,193.6499938964844,-1,-1,,-1.0,0.0,0.0, , ,0.0,0.0, , 
1427,2021-04-23 15:00:00+02:00,194.9499969482422,195.3999938964844,194.4499969482422,194.4499969482422,194.4499969482422,86578,195.3000030517578,193.9749984741211,196.6125030517578,201.1500015258789,194.6499938964844,-1,-1,,,0.0,0.0, , ,-1.0,-1.0,Sell, 
1428,2021-04-23 16:00:00+02:00,194.4499969482422,194.6999969482422,194.1499938964844,194.3500061035156,194.3500061035156,22480,195.3000030517578,193.9749984741211,196.60000228881836,201.1500015258789,194.3999938964844,-1,-1,,,0.0,0.0, , ,-1.0,0.0, , 
1429,2021-04-26 09:00:00+02:00,195.3500061035156,195.8500061035156,193.3000030517578,193.8999938964844,193.8999938964844,32057,195.4250030517578,193.9749984741211,196.60000228881836,201.1500015258789,193.6999969482422,-1,-1,,,0.0,0.0, , ,-1.0,0.0, , 
1430,2021-04-26 10:00:00+02:00,194.0500030517578,194.3999938964844,192.75,193.4499969482422,193.4499969482422,97290,195.1500015258789,193.9749984741211,196.41250228881836,200.8500061035156,193.0500030517578,-1,-1,,,0.0,0.0, , ,-1.0,0.0, , 
1431,2021-04-26 11:00:00+02:00,193.5,193.8000030517578,192.8500061035156,192.8999938964844,192.8999938964844,48081,194.75,193.9749984741211,196.41250228881836,200.57500457763672,192.6000061035156,-1,-1,,,0.0,0.0, , ,-1.0,0.0, , 
1432,2021-04-26 12:00:00+02:00,193.1000061035156,193.6499938964844,192.8999938964844,193.5500030517578,193.5500030517578,37148,194.4250030517578,193.9749984741211,196.2375030517578,200.5250015258789,192.3500061035156,-1,-1,,,0.0,0.0, , ,-1.0,0.0, , 
1433,2021-04-26 13:00:00+02:00,193.25,194.0,193.25,193.6499938964844,193.6499938964844,43959,194.3000030517578,193.9749984741211,196.35000228881836,200.5250015258789,192.0500030517578,-1,-1,,,0.0,0.0, , ,-1.0,0.0, , 
1434,2021-04-26 14:00:00+02:00,193.5500030517578,194.0,193.25,193.3500061035156,193.3500061035156,43326,194.3000030517578,193.9749984741211,196.35000228881836,200.5250015258789,191.8000030517578,-1,-1,,,0.0,0.0, , ,-1.0,0.0, , 
1435,2021-04-26 15:00:00+02:00,193.4499969482422,193.5,192.8999938964844,193.0,193.0,74804,194.3000030517578,193.9749984741211,196.35000228881836,200.5250015258789,192.0500030517578,-1,-1,,,0.0,0.0, , ,-1.0,0.0, , 
1436,2021-04-26 16:00:00+02:00,193.0,193.3000030517578,192.8500061035156,193.3000030517578,193.3000030517578,21601,194.3000030517578,193.9749984741211,196.35000228881836,200.5250015258789,191.25,-1,-1,,,0.0,0.0, , ,-1.0,0.0, , 
1437,2021-04-27 09:00:00+02:00,193.8999938964844,194.25,193.25,193.4499969482422,193.4499969482422,18823,194.3000030517578,193.9749984741211,196.4375,200.2249984741211,191.1499938964844,-1,-1,,,0.0,0.0, , ,-1.0,0.0, , 
1438,2021-04-27 10:00:00+02:00,193.8500061035156,193.9499969482422,192.6999969482422,192.9499969482422,192.9499969482422,34715,193.54999542236328,193.9749984741211,196.4375,200.07500457763672,190.5,-1,-1,-1.0,1.0,0.0,0.0, , ,-1.0,0.0, , 
1439,2021-04-27 11:00:00+02:00,193.1499938964844,193.1499938964844,192.5500030517578,192.8999938964844,192.8999938964844,35142,193.4000015258789,193.9749984741211,194.37499618530273,199.8499984741211,190.0500030517578,-1,-1,,-1.0,0.0,0.0, ,Sell,-1.0,0.0, , 
1440,2021-04-27 12:00:00+02:00,192.8999938964844,193.1000061035156,192.1999969482422,192.3000030517578,192.3000030517578,47236,193.2249984741211,194.375,194.37499618530273,199.8499984741211,189.9499969482422,-1,-1,,,0.0,0.0, , ,-1.0,0.0, , 
1441,2021-04-27 13:00:00+02:00,192.6999969482422,192.8000030517578,191.3000030517578,191.5500030517578,191.5500030517578,65312,192.7750015258789,194.375,194.37499618530273,199.8499984741211,190.3000030517578,-1,-1,,,0.0,0.0, , ,-1.0,0.0, , 
1442,2021-04-27 14:00:00+02:00,191.4499969482422,191.6499938964844,191.3000030517578,191.3999938964844,191.3999938964844,38214,192.7750015258789,194.4250030517578,193.9499969482422,199.8499984741211,189.8999938964844,-1,-1,,,0.0,0.0, , ,-1.0,0.0, , 
1443,2021-04-27 15:00:00+02:00,191.5,191.6499938964844,191.3000030517578,191.3999938964844,191.3999938964844,47550,192.7750015258789,194.4250030517578,193.8125,199.8499984741211,190.75,-1,-1,,,0.0,0.0, , ,-1.0,0.0, , 
1444,2021-04-27 16:00:00+02:00,191.4499969482422,192.0500030517578,191.4499969482422,192.0500030517578,192.0500030517578,24251,192.7750015258789,194.4250030517578,193.79999923706055,199.79999542236328,190.1999969482422,-1,-1,,,0.0,0.0, , ,-1.0,0.0, , 
1445,2021-04-28 09:00:00+02:00,191.3500061035156,192.9499969482422,191.3500061035156,192.3500061035156,192.3500061035156,31557,192.7750015258789,194.4250030517578,193.7874984741211,199.4499969482422,191.0,-1,-1,,,0.0,0.0, , ,-1.0,0.0, , 
1446,2021-04-28 10:00:00+02:00,192.0500030517578,192.3999938964844,191.8000030517578,192.1499938964844,192.1499938964844,59570,192.625,194.4250030517578,193.7624969482422,199.4499969482422,190.6499938964844,-1,-1,,,0.0,0.0, , ,-1.0,0.0, , 
1447,2021-04-28 11:00:00+02:00,191.8999938964844,192.3999938964844,191.3999938964844,191.4499969482422,191.4499969482422,58649,192.2249984741211,194.4250030517578,193.67499542236328,199.4499969482422,190.9499969482422,-1,-1,,,0.0,0.0, , ,-1.0,0.0, , 
1448,2021-04-28 12:00:00+02:00,192.0,192.1999969482422,191.3999938964844,192.0,192.0,36344,192.20000457763672,194.0250015258789,193.9749984741211,199.4499969482422,191.3500061035156,-1,-1,,,0.0,0.0, , ,-1.0,0.0, , 
1449,2021-04-28 13:00:00+02:00,191.8999938964844,192.5,191.8000030517578,192.25,192.25,44496,192.125,193.70000457763672,194.17499923706055,199.0749969482422,191.8000030517578,-1,-1,,,0.0,0.0, , ,-1.0,0.0, , 
1450,2021-04-28 14:00:00+02:00,192.1499938964844,193.25,192.0500030517578,193.25,193.25,75038,192.2750015258789,193.57500457763672,194.17499923706055,198.9000015258789,191.3500061035156,-1,-1,,,0.0,0.0, , ,-1.0,0.0, , 
1451,2021-04-28 15:00:00+02:00,192.75,194.1000061035156,192.5500030517578,193.6999969482422,193.6999969482422,89586,192.70000457763672,193.57500457763672,194.2750015258789,198.7249984741211,191.4499969482422,-1,-1,,1.0,0.0,0.0, , ,-1.0,0.0, , 
1452,2021-04-28 16:00:00+02:00,193.6999969482422,193.8999938964844,193.6499938964844,193.6499938964844,193.6499938964844,15352,192.7250061035156,193.57500457763672,194.61249923706055,198.7249984741211,190.5,-1,-1,,,0.0,0.0, , ,-1.0,0.0, , 
1453,2021-04-29 09:00:00+02:00,194.3000030517578,194.75,192.6999969482422,194.6499938964844,194.6499938964844,11516,193.0500030517578,193.57500457763672,194.63750076293945,198.5250015258789,191.1499938964844,0,-1,,,0.0,0.0, , ,-1.0,0.0, , 
1454,2021-04-29 10:00:00+02:00,193.75,194.75,193.5,194.3999938964844,194.3999938964844,42981,193.0749969482422,193.57500457763672,194.63750076293945,198.5250015258789,191.3000030517578,0,-1,,,0.0,0.0, , ,-1.0,0.0, , 
1455,2021-04-29 11:00:00+02:00,194.1499938964844,194.6999969482422,193.6499938964844,193.6999969482422,193.6999969482422,180831,193.0749969482422,193.0250015258789,194.70000076293945,198.2750015258789,190.5,-1,-1,1.0,,0.0,0.0, , ,-1.0,0.0, , 
1456,2021-04-29 12:00:00+02:00,194.3500061035156,194.3999938964844,193.0500030517578,193.0500030517578,193.0500030517578,137530,193.0749969482422,193.0250015258789,194.5625,198.2250061035156,190.1000061035156,-1,-1,,,0.0,0.0, , ,0.0,1.0, ,Buy
1457,2021-04-29 13:00:00+02:00,193.3000030517578,193.3000030517578,192.4499969482422,192.6000061035156,192.6000061035156,26417,193.2750015258789,193.0250015258789,194.36249923706055,198.1750030517578,190.6999969482422,-1,-1,,,0.0,0.0, , ,0.0,0.0, , 
1458,2021-04-29 14:00:00+02:00,192.5500030517578,192.75,192.25,192.3500061035156,192.3500061035156,25722,193.4000015258789,193.0250015258789,194.20000076293945,198.125,191.1999969482422,-1,-1,,-1.0,0.0,0.0, , ,0.0,0.0, , 
1459,2021-04-29 15:00:00+02:00,192.3999938964844,192.5,192.0500030517578,192.0500030517578,192.0500030517578,101394,193.4000015258789,193.0250015258789,194.13750076293945,198.125,190.5500030517578,-1,-1,,,0.0,0.0, , ,-1.0,-1.0,Sell, 
1460,2021-04-29 16:00:00+02:00,192.0,192.25,191.75,191.8000030517578,191.8000030517578,23380,193.25,193.0250015258789,194.13750076293945,198.125,190.3500061035156,-1,-1,,,0.0,0.0, , ,-1.0,0.0, , 
1461,2021-04-30 09:00:00+02:00,192.1000061035156,192.8000030517578,191.5,192.0500030517578,192.0500030517578,22340,193.125,193.0250015258789,194.13750076293945,198.0250015258789,190.25,-1,-1,,,0.0,0.0, , ,-1.0,0.0, , 
1462,2021-04-30 10:00:00+02:00,191.6499938964844,192.1499938964844,191.25,191.25,191.25,45036,193.0,193.0,194.13750076293945,198.0250015258789,190.1499938964844,-1,-1,,,0.0,0.0, , ,-1.0,0.0, , 
1463,2021-04-30 11:00:00+02:00,191.8000030517578,191.8500061035156,191.0,191.1499938964844,191.1499938964844,40045,192.8499984741211,192.875,194.13750076293945,198.0250015258789,190.0500030517578,-1,-1,-1.0,,0.0,0.0, , ,-1.0,0.0, , 
1464,2021-04-30 12:00:00+02:00,191.3500061035156,191.3500061035156,190.25,190.5,190.5,58083,192.3249969482422,192.5,193.7624969482422,198.0250015258789,189.8000030517578,-1,-1,,,0.0,0.0, ,Sell,-1.0,0.0, , 
1465,2021-04-30 13:00:00+02:00,190.6999969482422,190.8000030517578,189.6999969482422,190.0500030517578,190.0500030517578,91129,191.5,192.2249984741211,193.6875,196.04999542236328,189.5500030517578,-1,-1,,,0.0,0.0, , ,-1.0,0.0, , 
1466,2021-04-30 14:00:00+02:00,190.1999969482422,190.1999969482422,189.5500030517578,189.9499969482422,189.9499969482422,103388,191.1750030517578,192.1500015258789,193.79999923706055,195.9499969482422,188.5500030517578,-1,-1,,,0.0,0.0, , ,-1.0,0.0, , 
1467,2021-04-30 15:00:00+02:00,189.6000061035156,190.3000030517578,189.5500030517578,190.3000030517578,190.3000030517578,102841,191.1750030517578,192.1500015258789,193.57500076293945,195.8499984741211,189.6000061035156,-1,-1,,,0.0,0.0, , ,-1.0,0.0, , 
1468,2021-04-30 16:00:00+02:00,190.1999969482422,190.1999969482422,189.8999938964844,189.8999938964844,189.8999938964844,9396,191.1750030517578,192.1500015258789,193.60000228881836,195.6999969482422,189.3000030517578,-1,-1,,,0.0,0.0, , ,-1.0,0.0, , 
1469,2021-05-03 09:00:00+02:00,189.8999938964844,190.8999938964844,188.6999969482422,190.75,190.75,24392,190.75,191.7249984741211,193.60000228881836,195.4499969482422,188.6000061035156,-1,-1,,,0.0,0.0, , ,-1.0,0.0, , 
1470,2021-05-03 10:00:00+02:00,190.1000061035156,191.25,190.0500030517578,190.1999969482422,190.1999969482422,55448,190.42499542236328,191.7249984741211,193.60000228881836,195.25,189.0500030517578,-1,-1,,,0.0,0.0, , ,-1.0,0.0, , 
1471,2021-05-03 11:00:00+02:00,190.4499969482422,191.0,189.4499969482422,191.0,191.0,60584,190.2750015258789,191.7249984741211,193.60000228881836,195.17499542236328,189.0,-1,-1,,1.0,0.0,0.0, , ,-1.0,0.0, , 
1472,2021-05-03 12:00:00+02:00,189.75,191.0,189.4499969482422,190.6499938964844,190.6499938964844,49510,190.0250015258789,191.7249984741211,193.5250015258789,195.17499542236328,188.8999938964844,-1,-1,,-1.0,0.0,0.0, , ,-1.0,0.0, , 
1473,2021-05-03 13:00:00+02:00,190.5500030517578,191.25,190.5,190.9499969482422,190.9499969482422,39738,189.9749984741211,191.7249984741211,193.32500076293945,195.17499542236328,189.1000061035156,-1,-1,,1.0,0.0,0.0, , ,-1.0,0.0, , 
1474,2021-05-03 14:00:00+02:00,191.0500030517578,191.4499969482422,190.9499969482422,191.3500061035156,191.3500061035156,33464,190.0749969482422,191.7249984741211,193.1125030517578,195.17499542236328,188.8000030517578,-1,-1,,,0.0,0.0, , ,-1.0,0.0, , 
1475,2021-05-03 15:00:00+02:00,191.3500061035156,192.0,191.25,191.8000030517578,191.8000030517578,48600,190.3499984741211,191.7249984741211,192.91250228881836,195.17499542236328,189.6000061035156,-1,-1,,,0.0,0.0, , ,-1.0,0.0, , 
1476,2021-05-03 16:00:00+02:00,191.75,191.75,191.3000030517578,191.3500061035156,191.3500061035156,13776,190.3499984741211,191.7249984741211,192.9250030517578,195.17499542236328,189.6499938964844,-1,-1,,,0.0,0.0, , ,-1.0,0.0, , 
1477,2021-05-04 09:00:00+02:00,191.5,191.8000030517578,191.0500030517578,191.4499969482422,191.4499969482422,8036,190.3499984741211,191.7249984741211,193.13750457763672,195.17499542236328,189.8000030517578,-1,-1,,,0.0,0.0, , ,-1.0,0.0, , 
1478,2021-05-04 10:00:00+02:00,191.1499938964844,191.5500030517578,190.5,190.5,190.5,50026,190.7249984741211,191.7249984741211,193.15000534057617,195.17499542236328,189.8500061035156,-1,-1,,,0.0,0.0, , ,-1.0,0.0, , 
1479,2021-05-04 11:00:00+02:00,190.8500061035156,191.25,190.25,191.1499938964844,191.1499938964844,35390,190.7249984741211,191.7249984741211,193.31250381469727,195.17499542236328,189.8000030517578,-1,-1,,,0.0,0.0, , ,-1.0,0.0, , 
1480,2021-05-04 12:00:00+02:00,190.5,191.3500061035156,190.5,191.3000030517578,191.3000030517578,20152,190.7249984741211,191.6999969482422,193.32500076293945,195.17499542236328,189.75,-1,-1,,-1.0,0.0,0.0, , ,-1.0,0.0, , 
1481,2021-05-04 13:00:00+02:00,191.0,191.3500061035156,190.5,190.5,190.5,107949,191.125,191.54999542236328,193.04999923706055,195.17499542236328,189.8999938964844,-1,-1,,,0.0,0.0, , ,-1.0,0.0, , 
1482,2021-05-04 14:00:00+02:00,191.1000061035156,191.1000061035156,190.0,190.1000061035156,190.1000061035156,68173,191.0,191.0,193.04999923706055,195.17499542236328,189.75,-1,-1,,1.0,0.0,0.0, , ,-1.0,0.0, , 
1483,2021-05-04 15:00:00+02:00,190.1000061035156,190.75,190.0,190.6999969482422,190.6999969482422,38574,191.0,190.75,193.1500015258789,195.17499542236328,189.8500061035156,-1,-1,1.0,-1.0,0.0,0.0, , ,-1.0,0.0, , 
1484,2021-05-04 16:00:00+02:00,190.75,191.4499969482422,190.75,191.1999969482422,191.1999969482422,42563,190.9000015258789,190.75,193.2125015258789,195.17499542236328,189.75,-1,-1,,,0.0,0.0, , ,0.0,1.0, ,Buy
1485,2021-05-05 09:00:00+02:00,190.8000030517578,191.4499969482422,190.5,190.5500030517578,190.5500030517578,6403,190.9000015258789,190.75,193.2125015258789,195.17499542236328,189.25,-1,-1,,,0.0,0.0, , ,0.0,0.0, , 
1486,2021-05-05 10:00:00+02:00,190.8000030517578,190.9499969482422,190.1000061035156,190.3500061035156,190.3500061035156,47464,190.7750015258789,190.75,193.13750076293945,195.17499542236328,189.1999969482422,-1,-1,,1.0,0.0,0.0, , ,0.0,0.0, , 
1487,2021-05-05 11:00:00+02:00,190.1999969482422,190.6499938964844,189.8999938964844,190.25,190.25,34046,190.67499542236328,190.42499542236328,193.07500076293945,195.17499542236328,189.1499938964844,-1,-1,,-1.0,0.0,0.0, , ,0.0,0.0, , 
1488,2021-05-05 12:00:00+02:00,190.4499969482422,190.4499969482422,189.8500061035156,190.1499938964844,190.1499938964844,19325,190.6500015258789,190.3499984741211,193.0,195.17499542236328,189.3999938964844,-1,-1,,,0.0,0.0, , ,-1.0,-1.0,Sell, 
1489,2021-05-05 13:00:00+02:00,190.1499938964844,190.25,189.9499969482422,190.0500030517578,190.0500030517578,13449,190.6500015258789,190.3499984741211,192.86249923706055,195.17499542236328,189.25,-1,-1,,,0.0,0.0, , ,-1.0,0.0, , 
1490,2021-05-05 14:00:00+02:00,190.1499938964844,190.25,189.6999969482422,189.8000030517578,189.8000030517578,28278,190.5749969482422,190.3499984741211,192.4124984741211,195.17499542236328,188.8999938964844,-1,-1,,,0.0,0.0, , ,-1.0,0.0, , 
1491,2021-05-05 15:00:00+02:00,189.8999938964844,190.1000061035156,189.5,189.5500030517578,189.5500030517578,60321,190.4749984741211,190.3499984741211,191.86249923706055,195.17499542236328,187.9499969482422,-1,-1,,,0.0,0.0, , ,-1.0,0.0, , 
1492,2021-05-05 16:00:00+02:00,189.5500030517578,189.5500030517578,188.5500030517578,188.5500030517578,188.5500030517578,35187,190.0,190.2750015258789,191.66250228881836,195.17499542236328,188.0,-1,-1,-1.0,,0.0,0.0, , ,-1.0,0.0, , 
1493,2021-05-06 09:00:00+02:00,189.1999969482422,189.75,189.1499938964844,189.6000061035156,189.6000061035156,18040,190.0,190.2750015258789,191.66250228881836,195.17499542236328,187.5500030517578,-1,-1,,,0.0,0.0, ,Sell,-1.0,0.0, , 
1494,2021-05-06 10:00:00+02:00,189.5,190.0500030517578,189.1499938964844,189.3000030517578,189.3000030517578,74779,189.75,190.2750015258789,191.66250228881836,194.3999938964844,187.9499969482422,-1,-1,,,0.0,0.0, , ,-1.0,0.0, , 
1495,2021-05-06 11:00:00+02:00,189.8000030517578,189.8999938964844,188.5,188.6000061035156,188.6000061035156,80346,189.5749969482422,190.25,191.23749923706055,194.125,188.1999969482422,-1,-1,,1.0,0.0,0.0, , ,-1.0,0.0, , 
1496,2021-05-06 12:00:00+02:00,189.0,189.1499938964844,188.5,189.0500030517578,189.0500030517578,53411,189.4749984741211,190.25,191.0749969482422,194.0999984741211,188.3500061035156,-1,-1,,-1.0,0.0,0.0, , ,-1.0,0.0, , 
1497,2021-05-06 13:00:00+02:00,188.6499938964844,189.6499938964844,188.6000061035156,189.0,189.0,54808,189.375,190.25,191.0,194.0749969482422,188.1999969482422,-1,-1,,,0.0,0.0, , ,-1.0,0.0, , 
1498,2021-05-06 14:00:00+02:00,189.5,189.5,188.1499938964844,188.8999938964844,188.8999938964844,98881,189.1999969482422,190.0749969482422,190.875,194.0749969482422,188.0,-1,-1,,1.0,0.0,0.0, , ,-1.0,0.0, , 
1499,2021-05-06 15:00:00+02:00,188.25,189.4499969482422,188.25,189.1000061035156,189.1000061035156,137124,189.125,190.0749969482422,190.8499984741211,193.9749984741211,187.75,-1,-1,,-1.0,0.0,0.0, , ,-1.0,0.0, , 
1500,2021-05-06 16:00:00+02:00,189.1000061035156,189.1999969482422,188.6999969482422,188.8000030517578,188.8000030517578,88294,189.0999984741211,190.0749969482422,190.89999771118164,193.9749984741211,188.0,-1,-1,,1.0,0.0,0.0, , ,-1.0,0.0, , 
1501,2021-05-07 09:00:00+02:00,190.1000061035156,190.1000061035156,189.0500030517578,189.6000061035156,189.6000061035156,26613,189.125,189.9749984741211,191.0374984741211,193.9749984741211,188.6999969482422,-1,-1,,,0.0,0.0, , ,-1.0,0.0, , 
1502,2021-05-07 10:00:00+02:00,189.5,190.0,189.3000030517578,189.6499938964844,189.6499938964844,46196,189.125,189.9749984741211,191.0374984741211,193.9749984741211,188.75,-1,-1,,,0.0,0.0, , ,-1.0,0.0, , 
1503,2021-05-07 11:00:00+02:00,189.3999938964844,190.0,189.3999938964844,189.8000030517578,189.8000030517578,56075,189.125,189.8499984741211,191.0374984741211,193.9749984741211,189.5500030517578,-1,-1,,,0.0,0.0, , ,-1.0,0.0, , 
1504,2021-05-07 12:00:00+02:00,189.9499969482422,190.1000061035156,189.75,189.8500061035156,189.8500061035156,43246,189.125,189.79999542236328,191.2249984741211,193.9749984741211,188.8999938964844,-1,-1,,,0.0,0.0, , ,-1.0,0.0, , 
1505,2021-05-07 13:00:00+02:00,189.8500061035156,190.0,189.6000061035156,189.8000030517578,189.8000030517578,49748,189.125,189.79999542236328,191.2249984741211,193.9749984741211,189.0,-1,-1,,,0.0,0.0, , ,-1.0,0.0, , 
1506,2021-05-07 14:00:00+02:00,189.6999969482422,190.0,189.4499969482422,189.75,189.75,38334,189.125,189.79999542236328,191.21249771118164,193.9749984741211,188.6499938964844,-1,-1,,,0.0,0.0, , ,-1.0,0.0, , 
1507,2021-05-07 15:00:00+02:00,189.8500061035156,190.0500030517578,189.4499969482422,189.8999938964844,189.8999938964844,51615,189.1750030517578,189.79999542236328,191.33749771118164,193.9749984741211,189.8999938964844,-1,-1,,,0.0,0.0, , ,-1.0,0.0, , 
1508,2021-05-07 16:00:00+02:00,189.9499969482422,190.1000061035156,189.75,189.75,189.75,18513,189.4000015258789,189.79999542236328,191.0,193.9749984741211,189.8999938964844,-1,-1,,,0.0,0.0, , ,-1.0,0.0, , 
1509,2021-05-10 09:00:00+02:00,191.0,191.1499938964844,189.5,189.8500061035156,189.8500061035156,14574,190.0999984741211,189.79999542236328,190.875,193.9749984741211,190.0,0,-1,1.0,,0.0,0.0, , ,-1.0,0.0, , 
1510,2021-05-10 10:00:00+02:00,189.75,190.1000061035156,189.5,189.75,189.75,25395,190.2249984741211,189.79999542236328,190.82500076293945,193.9749984741211,189.75,-1,-1,,-1.0,0.0,0.0, , ,0.0,1.0, ,Buy
1511,2021-05-10 11:00:00+02:00,189.8500061035156,190.1000061035156,189.1999969482422,189.25,189.25,24619,190.17499542236328,189.6499938964844,190.82500076293945,193.9749984741211,189.5,-1,-1,,,0.0,0.0, , ,-1.0,-1.0,Sell, 
1512,2021-05-10 12:00:00+02:00,189.6000061035156,189.6000061035156,189.1999969482422,189.1999969482422,189.1999969482422,19969,190.17499542236328,189.6499938964844,190.76250076293945,193.9749984741211,189.8999938964844,-1,-1,,,0.0,0.0, , ,-1.0,0.0, , 
1513,2021-05-10 13:00:00+02:00,189.4499969482422,189.5,189.0500030517578,189.1499938964844,189.1499938964844,39303,190.0999984741211,189.6499938964844,190.54999542236328,193.9749984741211,189.75,-1,-1,,,0.0,0.0, , ,-1.0,0.0, , 
1514,2021-05-10 14:00:00+02:00,189.1999969482422,189.6000061035156,189.1000061035156,189.3999938964844,189.3999938964844,26942,190.0999984741211,189.6499938964844,190.5,193.9749984741211,189.6499938964844,-1,-1,,,0.0,0.0, , ,-1.0,0.0, , 
1515,2021-05-10 15:00:00+02:00,189.4499969482422,189.6000061035156,189.1000061035156,189.25,189.25,25175,190.0999984741211,189.6499938964844,190.5,193.9749984741211,189.75,-1,-1,,,0.0,0.0, , ,-1.0,0.0, , 
1516,2021-05-10 16:00:00+02:00,189.1999969482422,189.3999938964844,188.8999938964844,188.8999938964844,188.8999938964844,10676,190.0249938964844,189.6499938964844,190.46249771118164,193.9000015258789,189.75,-1,-1,,,0.0,0.0, , ,-1.0,0.0, , 
1517,2021-05-11 09:00:00+02:00,188.6999969482422,188.75,187.1999969482422,187.9499969482422,187.9499969482422,23912,189.17499542236328,189.17499542236328,190.4124984741211,193.625,189.6499938964844,-1,-1,,,0.0,0.0, , ,-1.0,0.0, , 
1518,2021-05-11 10:00:00+02:00,187.75,188.1499938964844,187.1000061035156,188.0,188.0,75009,188.6000061035156,189.125,190.13750076293945,193.5500030517578,190.0,-1,-1,-1.0,,0.0,0.0, , ,-1.0,0.0, , 
1519,2021-05-11 11:00:00+02:00,187.5,188.1999969482422,187.4499969482422,187.5500030517578,187.5500030517578,47931,188.6000061035156,189.125,190.13750076293945,193.5500030517578,190.0,-1,-1,,,0.0,0.0, ,Sell,-1.0,0.0, , 
1520,2021-05-11 12:00:00+02:00,188.1000061035156,188.1000061035156,187.5,187.9499969482422,187.9499969482422,30695,188.3500061035156,189.125,190.01250076293945,193.5500030517578,189.8999938964844,-1,-1,,,0.0,0.0, , ,-1.0,0.0, , 
1521,2021-05-11 13:00:00+02:00,187.8999938964844,188.3000030517578,187.8000030517578,188.1999969482422,188.1999969482422,26080,188.3500061035156,189.125,189.9124984741211,193.125,189.75,-1,-1,,,0.0,0.0, , ,-1.0,0.0, , 
1522,2021-05-11 14:00:00+02:00,188.0,188.4499969482422,187.8500061035156,188.3500061035156,188.3500061035156,305239,188.3500061035156,189.125,189.86249923706055,193.125,189.8000030517578,-1,-1,,,0.0,0.0, , ,-1.0,0.0, , 
1523,2021-05-11 15:00:00+02:00,187.9499969482422,188.4499969482422,187.8999938964844,188.1999969482422,188.1999969482422,54370,188.3500061035156,189.125,189.8125,193.125,189.0,-1,-1,,,0.0,0.0, , ,-1.0,0.0, , 
1524,2021-05-11 16:00:00+02:00,188.25,188.25,188.0,188.0,188.0,18946,188.25,189.125,189.6374969482422,193.125,187.9499969482422,-1,-1,,,0.0,0.0, , ,-1.0,0.0, , 
1525,2021-05-12 09:00:00+02:00,189.0500030517578,189.0500030517578,187.1499938964844,187.75,187.75,21095,188.07500457763672,189.125,189.5999984741211,193.125,188.3500061035156,-1,-1,,1.0,0.0,0.0, , ,-1.0,0.0, , 
1526,2021-05-12 10:00:00+02:00,187.5500030517578,188.1999969482422,187.4499969482422,188.0,188.0,20111,188.07500457763672,189.125,189.58749771118164,192.7249984741211,188.6999969482422,-1,-1,,-1.0,0.0,0.0, , ,-1.0,0.0, , 
1527,2021-05-12 11:00:00+02:00,187.8000030517578,188.75,187.8000030517578,188.6999969482422,188.6999969482422,85640,188.0999984741211,189.125,189.54999923706055,192.4000015258789,188.3500061035156,-1,-1,,,0.0,0.0, , ,-1.0,0.0, , 
1528,2021-05-12 12:00:00+02:00,188.3500061035156,189.1999969482422,188.3000030517578,188.75,188.75,30778,188.17499542236328,189.125,189.54999923706055,192.2750015258789,188.25,-1,-1,,1.0,0.0,0.0, , ,-1.0,0.0, , 
1529,2021-05-12 13:00:00+02:00,189.0,189.6000061035156,188.6499938964844,189.5500030517578,189.5500030517578,23374,188.375,189.125,189.48749923706055,192.2750015258789,187.8000030517578,0,-1,,,0.0,0.0, , ,-1.0,0.0, , 
1530,2021-05-12 14:00:00+02:00,189.0500030517578,189.6000061035156,188.6999969482422,188.8999938964844,188.8999938964844,46838,188.375,189.125,189.46249771118164,192.2750015258789,187.3500061035156,0,-1,,,0.0,0.0, , ,-1.0,0.0, , 
1531,2021-05-12 15:00:00+02:00,189.25,189.3000030517578,188.5,189.0,189.0,57049,188.375,189.125,189.46249771118164,192.2750015258789,188.6499938964844,-1,-1,,,0.0,0.0, , ,-1.0,0.0, , 
1532,2021-05-12 16:00:00+02:00,188.9499969482422,189.1000061035156,188.6499938964844,188.6499938964844,188.6499938964844,14904,188.375,189.125,189.46249771118164,192.2750015258789,188.1999969482422,-1,-1,,,0.0,0.0, , ,-1.0,0.0, , 
1533,2021-05-14 09:00:00+02:00,189.6999969482422,191.25,189.1000061035156,189.8999938964844,189.8999938964844,24648,189.1999969482422,189.1750030517578,189.48749923706055,191.7249984741211,189.0500030517578,0,-1,1.0,,0.0,0.0, , ,-1.0,0.0, , 
1534,2021-05-14 10:00:00+02:00,190.1000061035156,190.3500061035156,189.4499969482422,189.8999938964844,189.8999938964844,52735,189.3499984741211,189.1750030517578,189.5999984741211,191.7249984741211,189.9499969482422,0,-1,,,0.0,0.0, , ,0.0,1.0, ,Buy
1535,2021-05-14 11:00:00+02:00,189.9499969482422,190.3500061035156,189.8999938964844,190.0,190.0,26188,189.5250015258789,189.1750030517578,189.9499969482422,191.7249984741211,190.3999938964844,0,-1,,,0.0,0.0, , ,0.0,0.0, , 
1536,2021-05-14 12:00:00+02:00,190.1499938964844,190.1499938964844,189.75,189.75,189.75,15230,189.7750015258789,189.1750030517578,190.0124969482422,191.7249984741211,190.75,0,-1,,,0.0,0.0, , ,0.0,0.0, , 
1537,2021-05-14 13:00:00+02:00,189.8999938964844,189.8999938964844,189.3500061035156,189.5,189.5,18336,189.875,189.1750030517578,189.91249465942383,191.7249984741211,191.4499969482422,-1,-1,,,0.0,0.0, , ,0.0,0.0, , 
1538,2021-05-14 14:00:00+02:00,189.3999938964844,189.9499969482422,189.3000030517578,189.8999938964844,189.8999938964844,35501,189.875,189.1750030517578,189.91249465942383,191.7249984741211,191.1000061035156,0,-1,,-1.0,0.0,0.0, , ,0.0,0.0, , 
1539,2021-05-14 15:00:00+02:00,189.6000061035156,189.9499969482422,189.4499969482422,189.75,189.75,43930,189.875,189.1750030517578,189.87499618530273,191.7249984741211,189.1499938964844,0,-1,,,0.0,0.0, , ,0.0,0.0, , 
1540,2021-05-14 16:00:00+02:00,189.8500061035156,189.8500061035156,189.6000061035156,189.6499938964844,189.6499938964844,14611,189.9499969482422,189.1750030517578,189.87499618530273,191.7249984741211,189.3999938964844,-1,-1,,,0.0,0.0, , ,0.0,0.0, , 
1541,2021-05-18 09:00:00+02:00,189.8500061035156,190.8000030517578,189.3999938964844,189.75,189.75,18501,190.1750030517578,189.1750030517578,189.87499618530273,191.7249984741211,190.25,0,-1,,,0.0,0.0, , ,0.0,0.0, , 
1542,2021-05-18 10:00:00+02:00,190.1999969482422,190.3999938964844,189.3999938964844,189.75,189.75,548514,190.0500030517578,189.1750030517578,189.8374938964844,191.7249984741211,189.6999969482422,0,-1,,1.0,0.0,0.0, , ,0.0,0.0, , 
1543,2021-05-18 11:00:00+02:00,190.0500030517578,190.1000061035156,189.25,189.6499938964844,189.6499938964844,44266,190.0250015258789,189.1750030517578,189.17499542236328,191.7249984741211,189.9499969482422,0,-1,,,0.0,0.0, , ,0.0,0.0, , 
1544,2021-05-18 12:00:00+02:00,189.4499969482422,190.0,189.25,190.0,190.0,35239,190.0250015258789,189.1999969482422,188.8625030517578,191.6500015258789,190.0500030517578,0,-1,,-1.0,0.0,0.0, , ,0.0,0.0, , 
1545,2021-05-18 13:00:00+02:00,189.8000030517578,190.1999969482422,189.75,190.0,190.0,28369,190.0250015258789,189.1999969482422,188.8625030517578,191.6500015258789,191.3999938964844,0,-1,,,0.0,0.0, , ,0.0,0.0, , 
1546,2021-05-18 14:00:00+02:00,189.9499969482422,190.1000061035156,189.5500030517578,189.8999938964844,189.8999938964844,34958,190.0250015258789,189.1999969482422,188.7375030517578,191.6500015258789,191.1999969482422,0,-1,,,0.0,0.0, , ,0.0,0.0, , 
1547,2021-05-18 15:00:00+02:00,189.6000061035156,190.3999938964844,189.5500030517578,189.75,189.75,58612,190.0250015258789,189.1999969482422,188.7375030517578,191.625,191.5,0,-1,,,0.0,0.0, , ,0.0,0.0, , 
1548,2021-05-18 16:00:00+02:00,189.75,189.8000030517578,189.3500061035156,189.8000030517578,189.8000030517578,17281,190.0250015258789,189.1999969482422,188.7375030517578,191.625,191.6999969482422,0,-1,,,0.0,0.0, , ,0.0,0.0, , 
1549,2021-05-19 09:00:00+02:00,189.5500030517578,189.6000061035156,188.3500061035156,189.0,189.0,14628,189.57500457763672,189.1999969482422,188.7375030517578,191.625,191.6499938964844,0,-1,,,0.0,0.0, , ,0.0,0.0, , 
1550,2021-05-19 10:00:00+02:00,189.3000030517578,189.6000061035156,187.9499969482422,187.9499969482422,187.9499969482422,41957,189.17499542236328,189.1999969482422,188.6875,191.4499969482422,191.8500061035156,0,-1,-1.0,1.0,0.0,0.0, , ,0.0,0.0, , 
1551,2021-05-19 11:00:00+02:00,188.25,188.9499969482422,187.9499969482422,188.3500061035156,188.3500061035156,56870,189.17499542236328,189.3499984741211,188.60000228881836,191.4499969482422,192.0,0,-1,,-1.0,0.0,0.0, ,Sell,0.0,0.0, , 
1552,2021-05-19 12:00:00+02:00,188.6000061035156,188.8500061035156,188.1000061035156,188.6999969482422,188.6999969482422,44100,189.17499542236328,189.5250015258789,188.60000228881836,191.4499969482422,191.8999938964844,0,-1,,,0.0,0.0, , ,0.0,0.0, , 
1553,2021-05-19 13:00:00+02:00,188.3000030517578,188.8500061035156,187.8999938964844,188.3500061035156,188.3500061035156,44354,189.1499938964844,189.5749969482422,188.61249923706055,191.4499969482422,191.4499969482422,0,-1,,,0.0,0.0, , ,0.0,0.0, , 
1554,2021-05-19 14:00:00+02:00,188.3500061035156,188.5500030517578,187.8999938964844,188.25,188.25,61961,189.1499938964844,189.5749969482422,188.64999771118164,191.4499969482422,191.4499969482422,-1,-1,,,0.0,0.0, , ,0.0,0.0, , 
1555,2021-05-19 15:00:00+02:00,188.3999938964844,188.6999969482422,187.75,187.8000030517578,187.8000030517578,70617,189.0749969482422,189.5,188.75,191.4499969482422,190.75,-1,-1,,,0.0,0.0, , ,0.0,0.0, , 
1556,2021-05-19 16:00:00+02:00,187.8500061035156,187.8999938964844,187.1999969482422,187.3500061035156,187.3500061035156,25012,188.5,189.2249984741211,188.75,191.4499969482422,190.6999969482422,-1,-1,,,0.0,0.0, , ,0.0,0.0, , 
1557,2021-05-20 09:00:00+02:00,188.8999938964844,189.1000061035156,188.5500030517578,188.6499938964844,188.6499938964844,10713,188.4000015258789,189.2249984741211,188.75,191.4499969482422,190.1000061035156,0,-1,,1.0,0.0,0.0, , ,0.0,0.0, , 
1558,2021-05-20 10:00:00+02:00,188.9499969482422,189.1000061035156,188.1000061035156,188.1999969482422,188.1999969482422,36048,188.4000015258789,189.2249984741211,188.75,191.42499542236328,189.3999938964844,0,-1,,,0.0,0.0, , ,0.0,0.0, , 
1559,2021-05-20 11:00:00+02:00,188.5500030517578,189.1000061035156,188.0500030517578,189.0500030517578,189.0500030517578,34348,188.1500015258789,189.0,189.1875,191.2749938964844,189.3500061035156,-1,-1,,,0.0,0.0, , ,0.0,0.0, , 
1560,2021-05-20 12:00:00+02:00,188.3999938964844,189.9499969482422,188.3500061035156,189.9499969482422,189.9499969482422,45634,188.5749969482422,189.0,189.26250076293945,190.7249984741211,189.3500061035156,0,-1,,-1.0,0.0,0.0, , ,0.0,0.0, , 
1561,2021-05-20 13:00:00+02:00,189.3999938964844,190.3999938964844,189.3000030517578,190.3999938964844,190.3999938964844,45178,188.79999542236328,189.0,189.35000228881836,190.4749984741211,188.8999938964844,0,-1,,1.0,0.0,0.0, , ,0.0,0.0, , 
1562,2021-05-20 14:00:00+02:00,190.1000061035156,191.0,190.0,190.75,190.75,97918,189.0999984741211,189.0999984741211,189.47500228881836,190.4749984741211,189.1999969482422,0,-1,,,0.0,0.0, , ,0.0,0.0, , 
1563,2021-05-20 15:00:00+02:00,190.75,191.4499969482422,190.5,191.4499969482422,191.4499969482422,50056,189.3249969482422,189.3249969482422,189.5250015258789,190.4749984741211,189.0,1,-1,,,0.0,0.0, , ,0.0,0.0, , 
1564,2021-05-20 16:00:00+02:00,191.3999938964844,191.3999938964844,190.9499969482422,191.1000061035156,191.1000061035156,22120,189.3249969482422,189.3249969482422,189.5250015258789,190.4749984741211,189.0500030517578,1,-1,,,0.0,0.0, , ,0.0,0.0, , 
1565,2021-05-21 09:00:00+02:00,190.1499938964844,190.5,188.25,189.1499938964844,189.1499938964844,33645,189.75,189.3249969482422,189.5250015258789,190.1499938964844,189.6000061035156,0,-1,1.0,,0.0,0.0, , ,0.0,0.0, , 
1566,2021-05-21 10:00:00+02:00,189.0500030517578,189.4499969482422,188.6999969482422,189.3999938964844,189.3999938964844,73784,189.75,189.3249969482422,189.5625,190.0749969482422,189.75,-1,-1,,-1.0,0.0,0.0, , ,0.0,0.0, ,Buy
1567,2021-05-21 11:00:00+02:00,189.1999969482422,190.3000030517578,188.75,190.25,190.25,90780,189.75,189.3249969482422,189.6750030517578,190.0749969482422,190.0,0,-1,,,0.0,0.0, , ,-1.0,-1.0,Sell, 
1568,2021-05-21 12:00:00+02:00,189.3000030517578,190.3000030517578,189.1000061035156,189.6999969482422,189.6999969482422,71911,189.8499984741211,189.3249969482422,189.6125030517578,190.0749969482422,190.3000030517578,0,-1,,,0.0,0.0, , ,-1.0,0.0, , 
1569,2021-05-21 13:00:00+02:00,189.8999938964844,190.3000030517578,189.6999969482422,189.9499969482422,189.9499969482422,51659,189.8499984741211,189.3249969482422,189.60000228881836,189.5999984741211,190.25,1,1,,1.0,0.0,0.0, , ,-1.0,0.0, , 
1570,2021-05-21 14:00:00+02:00,190.1000061035156,190.1999969482422,189.8999938964844,190.0500030517578,190.0500030517578,35632,189.8499984741211,189.3249969482422,189.61249923706055,189.5500030517578,189.6000061035156,1,1,,,1.0,1.0,Buy, ,-1.0,0.0, , 
1571,2021-05-21 15:00:00+02:00,189.9499969482422,191.4499969482422,189.9499969482422,191.3999938964844,191.3999938964844,62245,189.8499984741211,189.3249969482422,189.61249923706055,189.5500030517578,190.1000061035156,1,1,,,1.0,0.0, , ,-1.0,0.0, , 
1572,2021-05-21 16:00:00+02:00,191.3000030517578,191.5,190.8999938964844,191.1999969482422,191.1999969482422,14571,189.875,189.3499984741211,189.61249923706055,189.5500030517578,189.8000030517578,1,1,,,1.0,0.0, , ,-1.0,0.0, , 
1573,2021-05-25 09:00:00+02:00,192.0,192.8000030517578,190.9499969482422,191.5,191.5,44084,190.5250015258789,190.0,189.61249923706055,189.5500030517578,189.0,1,1,,,1.0,0.0, , ,-1.0,0.0, , 
1574,2021-05-25 10:00:00+02:00,191.5,192.25,191.3500061035156,191.6999969482422,191.6999969482422,79629,190.75,190.0,189.61249923706055,189.5500030517578,188.6000061035156,1,1,,,1.0,0.0, , ,-1.0,0.0, , 
1575,2021-05-25 11:00:00+02:00,192.0,192.25,191.5,191.6499938964844,191.6499938964844,65109,190.7750015258789,190.0,189.38750076293945,189.5500030517578,188.1999969482422,1,-1,,,1.0,0.0, , ,-1.0,0.0, , 
1576,2021-05-25 12:00:00+02:00,191.6999969482422,191.8999938964844,191.5,191.8500061035156,191.8500061035156,41239,190.95000457763672,190.0,189.18749618530273,189.5500030517578,188.0500030517578,1,-1,,,1.0,0.0, , ,-1.0,0.0, , 
1577,2021-05-25 13:00:00+02:00,191.75,192.1000061035156,191.6499938964844,192.0,192.0,68326,191.25,190.0,189.2624969482422,189.5500030517578,188.1499938964844,1,-1,,,1.0,0.0, , ,-1.0,0.0, , 
1578,2021-05-25 14:00:00+02:00,191.8999938964844,192.1499938964844,191.8000030517578,191.8999938964844,191.8999938964844,49942,191.3499984741211,190.0,189.3499984741211,189.5500030517578,188.0,1,-1,,,1.0,0.0, , ,-1.0,0.0, , 
1579,2021-05-25 15:00:00+02:00,192.0,192.0500030517578,191.0,191.4499969482422,191.4499969482422,59532,191.375,190.0,189.36249542236328,189.45000457763672,188.0,1,-1,,,1.0,0.0, , ,-1.0,0.0, , 
1580,2021-05-25 16:00:00+02:00,191.3999938964844,191.5500030517578,191.25,191.4499969482422,191.4499969482422,14783,191.8499984741211,190.0,189.36249542236328,189.45000457763672,188.0,1,-1,,-1.0,1.0,0.0, , ,-1.0,0.0, , 
1581,2021-05-26 09:00:00+02:00,192.3999938964844,192.3999938964844,190.6499938964844,190.75,190.75,12399,191.7249984741211,190.0,189.2874984741211,189.32500457763672,187.9499969482422,1,-1,,1.0,1.0,0.0, , ,-1.0,0.0, , 
1582,2021-05-26 10:00:00+02:00,191.0500030517578,191.0500030517578,190.1999969482422,190.6999969482422,190.6999969482422,53371,191.29999542236328,190.4250030517578,188.86249923706055,189.2750015258789,187.9499969482422,1,-1,,-1.0,1.0,0.0, , ,-1.0,0.0, , 
1583,2021-05-26 11:00:00+02:00,190.6000061035156,190.8000030517578,190.1000061035156,190.1000061035156,190.1000061035156,42921,191.25,190.4250030517578,188.8125,189.2750015258789,187.4499969482422,1,-1,,,1.0,0.0, , ,-1.0,0.0, , 
1584,2021-05-26 12:00:00+02:00,190.3999938964844,190.5,189.3999938964844,189.3999938964844,189.3999938964844,36856,190.8999938964844,190.4250030517578,188.8125,189.2750015258789,187.3500061035156,1,-1,,,1.0,0.0, , ,-1.0,0.0, , 
1585,2021-05-26 13:00:00+02:00,189.6000061035156,190.0500030517578,189.1999969482422,189.3500061035156,189.3500061035156,51701,190.79999542236328,190.5250015258789,188.57500076293945,189.2750015258789,186.6999969482422,0,-1,,,1.0,0.0, , ,-1.0,0.0, , 
1586,2021-05-26 14:00:00+02:00,189.5,189.6499938964844,189.1999969482422,189.3500061035156,189.3500061035156,40738,190.79999542236328,190.5250015258789,188.7874984741211,189.2750015258789,186.3500061035156,0,-1,,,1.0,0.0, , ,-1.0,0.0, , 
1587,2021-05-26 15:00:00+02:00,189.5,189.5500030517578,188.5500030517578,188.8999938964844,188.8999938964844,59752,190.4749984741211,190.5250015258789,188.89999771118164,189.2750015258789,187.9499969482422,0,-1,-1.0,,1.0,0.0, , ,-1.0,0.0, , 
1588,2021-05-26 16:00:00+02:00,189.0,189.3000030517578,188.8000030517578,189.1999969482422,189.1999969482422,13834,190.4749984741211,190.5250015258789,189.0999984741211,189.2750015258789,188.6000061035156,0,-1,,,0.0,-1.0, ,Sell,-1.0,0.0, , 
1589,2021-05-27 09:00:00+02:00,189.0,189.1499938964844,188.3500061035156,189.0,189.0,29253,190.375,190.5250015258789,189.3249969482422,189.1750030517578,188.4499969482422,-1,1,,,0.0,0.0, , ,-1.0,0.0, , 
1590,2021-05-27 10:00:00+02:00,188.6499938964844,189.4499969482422,188.6000061035156,189.0500030517578,189.0500030517578,73937,189.70000457763672,190.5250015258789,189.3249969482422,189.1750030517578,188.0,0,1,,,0.0,0.0, , ,-1.0,0.0, , 
1591,2021-05-27 11:00:00+02:00,189.0500030517578,189.8000030517578,188.6999969482422,189.6000061035156,189.6000061035156,63557,189.57500457763672,190.57500457763672,189.5374984741211,189.1750030517578,187.9499969482422,0,1,,,0.0,0.0, , ,-1.0,0.0, , 
1592,2021-05-27 12:00:00+02:00,189.4499969482422,189.8999938964844,189.3999938964844,189.75,189.75,56386,189.4250030517578,190.57500457763672,189.5374984741211,189.1750030517578,187.6000061035156,0,1,,1.0,0.0,0.0, , ,-1.0,0.0, , 
1593,2021-05-27 13:00:00+02:00,189.4499969482422,190.1999969482422,189.4499969482422,190.0,190.0,57775,189.2750015258789,190.57500457763672,189.5374984741211,189.1750030517578,187.1999969482422,0,1,,,0.0,0.0, , ,-1.0,0.0, , 
1594,2021-05-27 14:00:00+02:00,190.1000061035156,190.3000030517578,189.8500061035156,190.3000030517578,190.3000030517578,58965,189.32500457763672,190.57500457763672,189.58749771118164,189.1750030517578,187.1999969482422,1,1,,,0.0,0.0, , ,-1.0,0.0, , 
1595,2021-05-27 15:00:00+02:00,189.9499969482422,190.6999969482422,189.8999938964844,190.25,190.25,84306,189.5250015258789,190.57500457763672,189.58749771118164,189.1750030517578,187.6000061035156,1,1,,,0.0,0.0, , ,-1.0,0.0, , 
1596,2021-05-27 16:00:00+02:00,190.25,190.3500061035156,189.6000061035156,189.6000061035156,189.6000061035156,25099,189.5250015258789,190.57500457763672,189.58749771118164,189.1750030517578,187.3000030517578,1,1,,,0.0,0.0, , ,-1.0,0.0, , 
1597,2021-05-28 09:00:00+02:00,191.5,191.5,190.0500030517578,190.1000061035156,190.1000061035156,19808,189.9250030517578,190.57500457763672,189.58749771118164,189.1750030517578,187.25,1,1,,,0.0,0.0, , ,-1.0,0.0, , 
1598,2021-05-28 10:00:00+02:00,190.5500030517578,190.8000030517578,189.75,189.8000030517578,189.8000030517578,57922,190.0500030517578,190.57500457763672,189.61249923706055,189.1750030517578,187.0,1,1,,,0.0,0.0, , ,-1.0,0.0, , 
1599,2021-05-28 11:00:00+02:00,190.3500061035156,190.3500061035156,188.6999969482422,189.0,189.0,124018,190.0999984741211,190.375,190.26250076293945,189.1750030517578,186.8000030517578,0,1,,,0.0,0.0, , ,-1.0,0.0, , 
1600,2021-05-28 12:00:00+02:00,189.0,189.1499938964844,188.3999938964844,188.6000061035156,188.6000061035156,105503,189.9499969482422,190.375,190.375,189.1750030517578,186.6000061035156,-1,1,,-1.0,0.0,0.0, , ,-1.0,0.0, , 
1601,2021-05-28 13:00:00+02:00,188.6000061035156,189.0,188.1499938964844,188.1999969482422,188.1999969482422,62921,189.8249969482422,190.2749938964844,190.38750076293945,189.1750030517578,186.5,-1,1,,,0.0,0.0, , ,-1.0,0.0, , 
1602,2021-05-28 14:00:00+02:00,188.6999969482422,188.8999938964844,187.5,188.0500030517578,188.0500030517578,91655,189.5,189.9499969482422,190.47500228881836,189.1750030517578,187.1000061035156,-1,1,,,0.0,0.0, , ,-1.0,0.0, , 
1603,2021-05-28 15:00:00+02:00,188.5500030517578,188.6000061035156,187.5,188.1499938964844,188.1499938964844,226512,189.5,189.9499969482422,190.625,189.1750030517578,186.5500030517578,-1,1,,,0.0,0.0, , ,-1.0,0.0, , 
1604,2021-05-28 16:00:00+02:00,188.25,188.4499969482422,187.8500061035156,188.0,188.0,31104,189.5,189.9499969482422,190.67499923706055,189.1750030517578,186.5500030517578,-1,1,,,0.0,0.0, , ,-1.0,0.0, , 
1605,2021-05-31 09:00:00+02:00,188.8500061035156,188.8500061035156,188.0,188.0,188.0,13432,189.5,189.9499969482422,190.6875,189.1750030517578,186.1999969482422,-1,1,,,0.0,0.0, , ,-1.0,0.0, , 
1606,2021-05-31 10:00:00+02:00,188.3000030517578,188.4499969482422,187.9499969482422,188.0,188.0,57712,189.1500015258789,189.9499969482422,190.92499923706055,189.1750030517578,185.5500030517578,-1,1,,,0.0,0.0, , ,-1.0,0.0, , 
1607,2021-05-31 11:00:00+02:00,188.0,188.1999969482422,187.9499969482422,187.9499969482422,187.9499969482422,29292,188.9250030517578,189.5,190.86249923706055,189.1750030517578,185.8999938964844,-1,1,,,0.0,0.0, , ,-1.0,0.0, , 
1608,2021-05-31 12:00:00+02:00,188.0,188.1499938964844,187.6999969482422,187.9499969482422,187.9499969482422,31864,188.3249969482422,189.5,190.86249923706055,189.1750030517578,186.1499938964844,-1,1,,,0.0,0.0, , ,-1.0,0.0, , 
1609,2021-05-31 13:00:00+02:00,187.8999938964844,188.0500030517578,187.4499969482422,187.4499969482422,187.4499969482422,30654,188.2249984741211,189.4749984741211,190.8375015258789,189.1750030517578,186.6000061035156,-1,1,,,0.0,0.0, , ,-1.0,0.0, , 
1610,2021-05-31 14:00:00+02:00,187.8500061035156,187.8500061035156,187.3500061035156,187.3500061035156,187.3500061035156,43411,188.125,189.4250030517578,190.6624984741211,189.1750030517578,187.0500030517578,-1,1,,,0.0,0.0, , ,-1.0,0.0, , 
1611,2021-05-31 15:00:00+02:00,187.6499938964844,187.8000030517578,186.6499938964844,186.6999969482422,186.6999969482422,106940,187.75,189.0749969482422,190.6624984741211,189.1750030517578,188.1499938964844,-1,1,,,0.0,0.0, , ,-1.0,0.0, , 
1612,2021-05-31 16:00:00+02:00,186.6999969482422,186.8500061035156,186.25,186.3500061035156,186.3500061035156,41812,187.5500030517578,188.875,190.6624984741211,189.1750030517578,188.8999938964844,-1,1,,,0.0,0.0, , ,-1.0,0.0, , 
1613,2021-06-01 09:00:00+02:00,187.5,188.4499969482422,187.1000061035156,187.9499969482422,187.9499969482422,36887,187.5500030517578,188.875,190.5,189.1750030517578,188.6000061035156,-1,1,,,0.0,0.0, , ,-1.0,0.0, , 
1614,2021-06-01 10:00:00+02:00,187.3000030517578,188.6000061035156,187.1499938964844,188.6000061035156,188.6000061035156,56895,187.4250030517578,188.875,190.5,189.1750030517578,188.9499969482422,-1,1,,,0.0,0.0, , ,-1.0,0.0, , 
1615,2021-06-01 11:00:00+02:00,188.3500061035156,188.6000061035156,187.9499969482422,188.4499969482422,188.4499969482422,27738,187.4250030517578,188.875,190.45000076293945,189.2750015258789,188.6999969482422,-1,1,,1.0,0.0,0.0, , ,-1.0,0.0, , 
1616,2021-06-01 12:00:00+02:00,188.3500061035156,188.6000061035156,188.0,188.0,188.0,21392,187.4250030517578,188.875,190.1125030517578,189.2750015258789,188.8000030517578,-1,1,,,0.0,0.0, , ,-1.0,0.0, , 
1617,2021-06-01 13:00:00+02:00,188.3000030517578,188.3000030517578,187.6999969482422,187.9499969482422,187.9499969482422,21812,187.4250030517578,188.875,190.07500457763672,189.2750015258789,188.4499969482422,-1,1,,,0.0,0.0, , ,-1.0,0.0, , 
1618,2021-06-01 14:00:00+02:00,187.8999938964844,188.0,187.6000061035156,187.6000061035156,187.6000061035156,18417,187.4250030517578,188.875,190.00000381469727,189.2750015258789,188.8000030517578,-1,1,,,0.0,0.0, , ,-1.0,0.0, , 
1619,2021-06-01 15:00:00+02:00,187.8500061035156,187.8999938964844,187.1000061035156,187.1999969482422,187.1999969482422,41559,187.4250030517578,188.875,189.9250030517578,189.2750015258789,188.3999938964844,-1,1,,,0.0,0.0, , ,-1.0,0.0, , 
1620,2021-06-01 16:00:00+02:00,187.25,187.3500061035156,187.0,187.1999969482422,187.1999969482422,12959,187.4250030517578,188.875,189.95000457763672,189.2750015258789,188.4499969482422,-1,1,,-1.0,0.0,0.0, , ,-1.0,0.0, , 
1621,2021-06-02 09:00:00+02:00,187.6999969482422,188.1000061035156,187.5,187.6000061035156,187.6000061035156,14287,187.8000030517578,188.875,190.0500030517578,189.2750015258789,188.3500061035156,-1,1,,,0.0,0.0, , ,-1.0,0.0, , 
1622,2021-06-02 10:00:00+02:00,187.6000061035156,187.8999938964844,187.1499938964844,187.3000030517578,187.3000030517578,67042,187.8000030517578,188.875,190.0500030517578,189.29999542236328,188.3999938964844,-1,1,,,0.0,0.0, , ,-1.0,0.0, , 
1623,2021-06-02 11:00:00+02:00,187.4499969482422,187.5,187.1999969482422,187.25,187.25,37476,187.8000030517578,188.5250015258789,190.25000381469727,189.29999542236328,188.3999938964844,-1,1,,,0.0,0.0, , ,-1.0,0.0, , 
1624,2021-06-02 12:00:00+02:00,187.3500061035156,187.3999938964844,186.8000030517578,187.0,187.0,35525,187.70000457763672,188.3000030517578,190.31250381469727,189.3249969482422,188.4499969482422,-1,1,,,0.0,0.0, , ,-1.0,0.0, , 
1625,2021-06-02 13:00:00+02:00,187.1499938964844,187.1499938964844,186.75,186.8000030517578,186.8000030517578,36227,187.5250015258789,187.6999969482422,190.23749923706055,189.9749984741211,188.4499969482422,-1,1,,,0.0,0.0, , ,-1.0,0.0, , 
1626,2021-06-02 14:00:00+02:00,186.8500061035156,187.0,186.5500030517578,186.6000061035156,186.6000061035156,19015,187.32500457763672,187.625,190.1624984741211,189.9749984741211,188.3999938964844,-1,1,,,0.0,0.0, , ,-1.0,0.0, , 
1627,2021-06-02 15:00:00+02:00,186.6999969482422,186.8999938964844,186.1499938964844,186.5,186.5,59542,187.125,187.5249938964844,190.04999542236328,189.9749984741211,187.6999969482422,-1,1,,,0.0,0.0, , ,-1.0,0.0, , 
1628,2021-06-02 16:00:00+02:00,186.5500030517578,187.1000061035156,186.5,187.1000061035156,187.1000061035156,21415,187.125,187.5,189.7249984741211,189.9749984741211,187.1999969482422,-1,-1,,,0.0,0.0, , ,-1.0,0.0, , 
1629,2021-06-03 09:00:00+02:00,186.8999938964844,187.0,186.25,186.5500030517578,186.5500030517578,10696,187.125,187.5,189.7249984741211,190.0,187.5,-1,-1,,,0.0,0.0, , ,-1.0,0.0, , 
1630,2021-06-03 10:00:00+02:00,186.4499969482422,186.75,186.3000030517578,186.5500030517578,186.5500030517578,70987,187.0249938964844,187.5,189.7249984741211,190.0,187.0,-1,-1,,,0.0,0.0, , ,-1.0,0.0, , 
1631,2021-06-03 11:00:00+02:00,186.3999938964844,186.6000061035156,186.1499938964844,186.1999969482422,186.1999969482422,23152,186.8249969482422,187.375,189.7249984741211,190.0,187.25,-1,-1,,,0.0,0.0, , ,-1.0,0.0, , 
1632,2021-06-03 12:00:00+02:00,186.25,186.3000030517578,185.5500030517578,185.5500030517578,185.5500030517578,34162,186.4749984741211,187.07500457763672,189.54999923706055,190.0,186.8000030517578,-1,-1,,,0.0,0.0, , ,-1.0,0.0, , 
1633,2021-06-03 13:00:00+02:00,186.0500030517578,186.0500030517578,185.3500061035156,185.8999938964844,185.8999938964844,26959,186.25,186.9750061035156,189.2125015258789,190.0,186.3999938964844,-1,-1,,,0.0,0.0, , ,-1.0,0.0, , 
1634,2021-06-03 14:00:00+02:00,185.75,186.25,185.6999969482422,186.1499938964844,186.1499938964844,29499,186.2250061035156,186.9750061035156,188.9124984741211,190.0,186.6999969482422,-1,-1,,,0.0,0.0, , ,-1.0,0.0, , 
1635,2021-06-03 15:00:00+02:00,186.0,186.8000030517578,186.0,186.6000061035156,186.6000061035156,24044,186.2250061035156,186.9750061035156,188.8499984741211,190.0,186.1999969482422,-1,-1,,,0.0,0.0, , ,-1.0,0.0, , 
1636,2021-06-03 16:00:00+02:00,186.5500030517578,187.1499938964844,186.5500030517578,187.0500030517578,187.0500030517578,21362,186.25,186.9750061035156,188.7750015258789,190.0,186.75,-1,-1,,1.0,0.0,0.0, , ,-1.0,0.0, , 
1637,2021-06-04 09:00:00+02:00,187.6999969482422,188.3000030517578,187.25,188.1499938964844,188.1499938964844,9839,186.82500457763672,186.9750061035156,188.4124984741211,190.0,187.0,-1,-1,,,0.0,0.0, , ,-1.0,0.0, , 
1638,2021-06-04 10:00:00+02:00,187.6499938964844,189.3999938964844,187.4499969482422,188.8999938964844,188.8999938964844,122388,187.375,187.375,188.2125015258789,190.0,186.8999938964844,0,-1,,,0.0,0.0, , ,-1.0,0.0, , 
1639,2021-06-04 11:00:00+02:00,188.6499938964844,189.3999938964844,188.0500030517578,188.6000061035156,188.6000061035156,61850,187.375,187.375,188.2125015258789,190.0,186.8999938964844,0,-1,,,0.0,0.0, , ,-1.0,0.0, , 
1640,2021-06-04 12:00:00+02:00,188.1999969482422,188.9499969482422,188.1999969482422,188.9499969482422,188.9499969482422,20399,187.375,187.375,188.1500015258789,190.0,186.6999969482422,0,-1,,,0.0,0.0, , ,-1.0,0.0, , 
1641,2021-06-04 13:00:00+02:00,188.5,189.0,188.4499969482422,188.6999969482422,188.6999969482422,24119,187.375,187.375,188.1500015258789,190.0,186.8500061035156,0,-1,,,0.0,0.0, , ,-1.0,0.0, , 
1642,2021-06-04 14:00:00+02:00,188.8999938964844,188.9499969482422,188.3999938964844,188.8000030517578,188.8000030517578,22154,187.54999542236328,187.375,188.1500015258789,190.0,186.6000061035156,0,-1,1.0,,0.0,0.0, , ,-1.0,0.0, , 
1643,2021-06-04 15:00:00+02:00,188.5500030517578,188.8999938964844,188.1999969482422,188.4499969482422,188.4499969482422,38541,187.6999969482422,187.375,188.1500015258789,190.0,185.5500030517578,0,-1,,,0.0,0.0, , ,0.0,1.0, ,Buy
1644,2021-06-04 16:00:00+02:00,188.5,188.8999938964844,188.4499969482422,188.8000030517578,188.8000030517578,20474,187.9749984741211,187.375,188.1500015258789,190.0,184.6000061035156,0,-1,,,0.0,0.0, , ,0.0,0.0, , 
1645,2021-06-07 09:00:00+02:00,189.3999938964844,189.4499969482422,188.1000061035156,188.3999938964844,188.3999938964844,14931,188.3499984741211,187.4000015258789,188.1500015258789,190.0,184.6000061035156,0,-1,,,0.0,0.0, , ,0.0,0.0, , 
1646,2021-06-07 10:00:00+02:00,188.1499938964844,188.6499938964844,188.1000061035156,188.4499969482422,188.4499969482422,71633,188.4499969482422,187.4000015258789,188.1500015258789,190.0,184.6999969482422,0,-1,,-1.0,0.0,0.0, , ,0.0,0.0, , 
1647,2021-06-07 11:00:00+02:00,188.5,188.6000061035156,188.3000030517578,188.3500061035156,188.3500061035156,30855,188.75,187.4000015258789,188.3375015258789,190.0,183.8999938964844,0,-1,,,0.0,0.0, , ,0.0,0.0, , 
1648,2021-06-07 12:00:00+02:00,188.5,188.6999969482422,188.3000030517578,188.3999938964844,188.3999938964844,29357,188.7750015258789,187.4000015258789,188.3375015258789,190.0,183.8000030517578,0,-1,,,0.0,0.0, , ,0.0,0.0, , 
1649,2021-06-07 13:00:00+02:00,188.5,188.6999969482422,188.3000030517578,188.3999938964844,188.3999938964844,32420,188.7750015258789,187.4000015258789,188.16250228881836,190.0,182.8500061035156,0,-1,,,0.0,0.0, , ,0.0,0.0, , 
1650,2021-06-07 14:00:00+02:00,188.3999938964844,188.5500030517578,188.3000030517578,188.4499969482422,188.4499969482422,26198,188.7750015258789,187.4000015258789,188.00000381469727,190.0,182.5,0,-1,,,0.0,0.0, , ,0.0,0.0, , 
1651,2021-06-07 15:00:00+02:00,188.3999938964844,188.5500030517578,188.3000030517578,188.4499969482422,188.4499969482422,63003,188.7750015258789,187.4000015258789,187.61249923706055,190.0,183.4499969482422,0,-1,,,0.0,0.0, , ,0.0,0.0, , 
1652,2021-06-07 16:00:00+02:00,188.5,188.6000061035156,188.3000030517578,188.3999938964844,188.3999938964844,12976,188.7750015258789,187.4000015258789,187.47500228881836,190.0,184.1999969482422,0,-1,,,0.0,0.0, , ,0.0,0.0, , 
1653,2021-06-08 09:00:00+02:00,188.0,188.4499969482422,187.4499969482422,187.6999969482422,187.6999969482422,8026,188.4499969482422,187.4000015258789,187.3249969482422,190.0,184.0500030517578,0,-1,,,0.0,0.0, , ,0.0,0.0, , 
1654,2021-06-08 10:00:00+02:00,188.0,188.0,187.1999969482422,187.1999969482422,187.1999969482422,24787,187.9499969482422,187.4000015258789,187.3125,190.0,184.1999969482422,0,-1,,1.0,0.0,0.0, , ,0.0,0.0, , 
1655,2021-06-08 11:00:00+02:00,187.5,187.6000061035156,187.1499938964844,187.5,187.5,19506,187.92499542236328,187.4000015258789,187.3125,190.0,186.0500030517578,0,-1,,-1.0,0.0,0.0, , ,0.0,0.0, , 
1656,2021-06-08 12:00:00+02:00,187.3999938964844,187.5500030517578,186.8000030517578,187.0,187.0,44963,187.75,187.4000015258789,187.2624969482422,190.0,187.0,0,-1,,,0.0,0.0, , ,0.0,0.0, , 
1657,2021-06-08 13:00:00+02:00,187.0,187.3000030517578,186.8000030517578,187.25,187.25,34421,187.75,187.4000015258789,187.0999984741211,190.0,187.1999969482422,0,-1,,,0.0,0.0, , ,0.0,0.0, , 
1658,2021-06-08 14:00:00+02:00,187.0500030517578,187.3500061035156,186.75,186.8000030517578,186.8000030517578,43922,187.6750030517578,187.4000015258789,186.7750015258789,190.0,188.0,0,-1,,,0.0,0.0, , ,0.0,0.0, , 
1659,2021-06-08 15:00:00+02:00,187.1000061035156,187.1000061035156,186.3500061035156,186.3999938964844,186.3999938964844,65523,187.4750061035156,187.5749969482422,186.6125030517578,190.0,189.75,0,-1,-1.0,,0.0,0.0, , ,0.0,0.0, , 
1660,2021-06-08 16:00:00+02:00,186.4499969482422,186.6999969482422,186.4499969482422,186.6999969482422,186.6999969482422,19429,187.4750061035156,187.7249984741211,186.6000061035156,190.1500015258789,190.0500030517578,0,-1,,,0.0,0.0, ,Sell,0.0,0.0, , 
1661,2021-06-09 09:00:00+02:00,187.0,187.1000061035156,186.1499938964844,186.1999969482422,186.1999969482422,14230,187.29999542236328,187.79999542236328,186.6000061035156,190.125,190.3000030517578,0,-1,,,0.0,0.0, , ,0.0,0.0, , 
1662,2021-06-09 10:00:00+02:00,186.75,186.9499969482422,186.1999969482422,186.75,186.75,29645,187.0749969482422,187.79999542236328,186.6125030517578,190.07500457763672,190.25,0,-1,,,0.0,0.0, , ,0.0,0.0, , 
1663,2021-06-09 11:00:00+02:00,186.6999969482422,187.0500030517578,186.3000030517578,187.0,187.0,26995,186.875,187.79999542236328,186.90000534057617,189.7249984741211,190.1499938964844,0,-1,,,0.0,0.0, , ,0.0,0.0, , 
1664,2021-06-09 12:00:00+02:00,186.75,187.1499938964844,186.75,186.8999938964844,186.8999938964844,24603,186.8499984741211,187.79999542236328,187.375,189.5250015258789,189.8999938964844,-1,-1,,,0.0,0.0, , ,0.0,0.0, , 
1665,2021-06-09 13:00:00+02:00,186.8999938964844,186.9499969482422,186.6000061035156,186.8999938964844,186.8999938964844,27131,186.75,187.79999542236328,187.375,189.5250015258789,189.8000030517578,-1,-1,,1.0,0.0,0.0, , ,0.0,0.0, , 
1666,2021-06-09 14:00:00+02:00,186.6499938964844,187.0,186.6000061035156,186.6999969482422,186.6999969482422,39467,186.75,187.79999542236328,187.375,189.5250015258789,189.8500061035156,-1,-1,,-1.0,0.0,0.0, , ,0.0,0.0, , 
1667,2021-06-09 15:00:00+02:00,186.8500061035156,186.9499969482422,186.5,186.8500061035156,186.8500061035156,18401,186.6499938964844,187.79999542236328,187.375,189.5250015258789,191.6999969482422,-1,-1,,1.0,0.0,0.0, , ,-1.0,-1.0,Sell, 
1668,2021-06-09 16:00:00+02:00,186.8999938964844,186.8999938964844,186.5500030517578,186.6000061035156,186.6000061035156,9467,186.6499938964844,187.79999542236328,187.46249771118164,189.5250015258789,192.1000061035156,-1,-1,,,0.0,0.0, , ,-1.0,0.0, , 
1669,2021-06-10 09:00:00+02:00,186.1000061035156,186.1999969482422,183.1499938964844,185.5500030517578,185.5500030517578,73455,185.1499938964844,186.29999542236328,187.5374984741211,189.5250015258789,192.6499938964844,-1,-1,,,0.0,0.0, , ,-1.0,0.0, , 
1670,2021-06-10 10:00:00+02:00,185.25,185.8000030517578,184.3500061035156,184.6000061035156,184.6000061035156,113124,185.1499938964844,186.29999542236328,187.67499923706055,189.5250015258789,192.6999969482422,-1,-1,,,0.0,0.0, , ,-1.0,0.0, , 
1671,2021-06-10 11:00:00+02:00,184.8500061035156,184.8500061035156,183.75,184.6000061035156,184.6000061035156,97016,185.1499938964844,185.92499542236328,187.875,189.5250015258789,193.4499969482422,-1,-1,,-1.0,0.0,0.0, , ,-1.0,0.0, , 
1672,2021-06-10 12:00:00+02:00,183.8000030517578,184.8000030517578,183.75,184.6999969482422,184.6999969482422,48990,185.1499938964844,185.92499542236328,187.92499923706055,189.5250015258789,194.6000061035156,-1,-1,,,0.0,0.0, , ,-1.0,0.0, , 
1673,2021-06-10 13:00:00+02:00,184.3500061035156,184.8000030517578,183.8500061035156,183.8999938964844,183.8999938964844,40899,185.0749969482422,185.92499542236328,188.07500076293945,189.5250015258789,192.6999969482422,-1,-1,,,0.0,0.0, , ,-1.0,0.0, , 
1674,2021-06-10 14:00:00+02:00,184.3000030517578,184.3500061035156,183.6000061035156,183.8000030517578,183.8000030517578,83100,185.0749969482422,185.92499542236328,188.0875015258789,189.5250015258789,193.1499938964844,-1,-1,,,0.0,0.0, , ,-1.0,0.0, , 
1675,2021-06-10 15:00:00+02:00,183.8999938964844,183.8999938964844,182.6999969482422,182.8500061035156,182.8500061035156,141579,184.8249969482422,185.6500015258789,188.0875015258789,189.5250015258789,194.6000061035156,-1,-1,,,0.0,0.0, , ,-1.0,0.0, , 
1676,2021-06-10 16:00:00+02:00,182.8999938964844,183.0,182.4499969482422,182.5,182.5,41784,184.67499542236328,185.5250015258789,188.0875015258789,189.5250015258789,195.0,-1,-1,,,0.0,0.0, , ,-1.0,0.0, , 
1677,2021-06-11 09:00:00+02:00,183.0,183.8999938964844,182.8500061035156,183.4499969482422,183.4499969482422,46841,184.3249969482422,185.5250015258789,188.0875015258789,189.3249969482422,195.1999969482422,-1,-1,,,0.0,0.0, , ,-1.0,0.0, , 
1678,2021-06-11 10:00:00+02:00,183.3000030517578,184.25,183.25,184.1999969482422,184.1999969482422,55720,184.125,185.4499969482422,188.0875015258789,189.3249969482422,194.3000030517578,-1,-1,,,0.0,0.0, , ,-1.0,0.0, , 
1679,2021-06-11 11:00:00+02:00,183.75,184.3000030517578,183.75,184.0500030517578,184.0500030517578,48234,183.6500015258789,185.2249984741211,187.92499923706055,189.2749938964844,194.9499969482422,-1,-1,,1.0,0.0,0.0, , ,-1.0,0.0, , 
1680,2021-06-11 12:00:00+02:00,184.0,184.1999969482422,183.8000030517578,184.1999969482422,184.1999969482422,33032,183.625,185.0250015258789,187.67499923706055,189.2749938964844,194.9499969482422,-1,-1,,,0.0,0.0, , ,-1.0,0.0, , 
1681,2021-06-11 13:00:00+02:00,184.1499938964844,186.1000061035156,183.9499969482422,186.0500030517578,186.0500030517578,166780,184.2750015258789,185.0,187.6624984741211,189.2749938964844,195.25,-1,-1,,-1.0,0.0,0.0, , ,-1.0,0.0, , 
1682,2021-06-11 14:00:00+02:00,185.1000061035156,187.1000061035156,185.0500030517578,187.0,187.0,125329,184.7750015258789,184.9000015258789,187.57500076293945,189.2749938964844,195.1999969482422,-1,-1,,1.0,0.0,0.0, , ,-1.0,0.0, , 
1683,2021-06-11 15:00:00+02:00,186.75,187.75,186.75,187.1999969482422,187.1999969482422,106561,185.0999984741211,185.0999984741211,187.57500076293945,189.2749938964844,192.5,0,-1,,,0.0,0.0, , ,-1.0,0.0, , 
1684,2021-06-11 16:00:00+02:00,187.1499938964844,188.1000061035156,187.1499938964844,188.0,188.0,37163,185.2750015258789,185.2750015258789,187.53750228881836,188.9749984741211,191.8999938964844,0,-1,,,0.0,0.0, , ,-1.0,0.0, , 
1685,2021-06-14 09:00:00+02:00,189.1000061035156,190.3500061035156,188.0500030517578,189.75,189.75,62679,186.6000061035156,186.4000015258789,187.5250015258789,188.4250030517578,191.75,0,-1,1.0,,0.0,0.0, , ,-1.0,0.0, , 
1686,2021-06-14 10:00:00+02:00,190.1000061035156,190.3500061035156,189.3999938964844,190.0500030517578,190.0500030517578,69252,186.8000030517578,186.4000015258789,187.60000228881836,188.4250030517578,191.8000030517578,1,-1,,,0.0,0.0, , ,0.0,1.0, ,Buy
1687,2021-06-14 11:00:00+02:00,189.8500061035156,190.4499969482422,189.8000030517578,190.3000030517578,190.3000030517578,39346,187.0999984741211,186.4499969482422,187.54999542236328,188.4250030517578,191.6999969482422,1,-1,,,0.0,0.0, , ,0.0,0.0, , 
1688,2021-06-14 12:00:00+02:00,190.4499969482422,190.6499938964844,189.9499969482422,190.25,190.25,31092,187.2249984741211,186.54999542236328,187.43749618530273,188.4250030517578,191.6499938964844,1,-1,,,0.0,0.0, , ,0.0,0.0, , 
1689,2021-06-14 13:00:00+02:00,190.1499938964844,190.3999938964844,189.9499969482422,190.1499938964844,190.1499938964844,30232,187.29999542236328,186.54999542236328,187.33749771118164,188.4250030517578,191.1999969482422,1,-1,,,0.0,0.0, , ,0.0,0.0, , 
1690,2021-06-14 14:00:00+02:00,190.25,190.3000030517578,189.5500030517578,189.8999938964844,189.8999938964844,23891,187.8499984741211,186.54999542236328,187.3249969482422,188.4250030517578,191.1999969482422,1,-1,,,0.0,0.0, , ,0.0,0.0, , 
1691,2021-06-14 15:00:00+02:00,190.1000061035156,190.1000061035156,189.5500030517578,189.8000030517578,189.8000030517578,51175,188.6999969482422,186.54999542236328,187.27499771118164,188.4250030517578,190.75,1,-1,,,0.0,0.0, , ,0.0,0.0, , 
1692,2021-06-14 16:00:00+02:00,189.8000030517578,189.8500061035156,189.5500030517578,189.8500061035156,189.8500061035156,14797,188.8999938964844,186.54999542236328,187.27499771118164,188.4250030517578,190.5500030517578,1,-1,,,0.0,0.0, , ,0.0,0.0, , 
1693,2021-06-15 09:00:00+02:00,191.4499969482422,191.6999969482422,190.6999969482422,191.6999969482422,191.6999969482422,13145,189.875,187.0749969482422,187.22499465942383,188.4250030517578,190.8999938964844,1,-1,,,0.0,0.0, , ,0.0,0.0, , 
1694,2021-06-15 10:00:00+02:00,190.8000030517578,192.3000030517578,190.8000030517578,192.1000061035156,192.1000061035156,77454,190.8499984741211,187.375,187.22499465942383,188.4250030517578,190.6499938964844,1,-1,,-1.0,0.0,0.0, , ,0.0,0.0, , 
1695,2021-06-15 11:00:00+02:00,192.1999969482422,193.1499938964844,192.0,192.6499938964844,192.6499938964844,65435,191.3499984741211,187.79999542236328,185.72499465942383,188.4250030517578,190.3000030517578,1,-1,,1.0,0.0,0.0, , ,0.0,0.0, , 
1696,2021-06-15 12:00:00+02:00,192.5500030517578,193.1499938964844,192.4499969482422,192.6999969482422,192.6999969482422,52022,191.3499984741211,187.79999542236328,185.72499465942383,188.4250030517578,190.0,1,-1,,,0.0,0.0, , ,0.0,0.0, , 
1697,2021-06-15 13:00:00+02:00,193.0500030517578,193.5,192.6000061035156,193.4499969482422,193.4499969482422,28129,191.5250015258789,187.9749984741211,185.53749465942383,188.4250030517578,190.1999969482422,1,-1,,,0.0,0.0, , ,0.0,0.0, , 
1698,2021-06-15 14:00:00+02:00,193.0,194.6499938964844,192.8500061035156,194.6000061035156,194.6000061035156,99893,192.0999984741211,188.54999542236328,185.53749465942383,188.4250030517578,190.1000061035156,1,-1,,,0.0,0.0, , ,0.0,0.0, , 
1699,2021-06-15 15:00:00+02:00,194.4499969482422,194.75,192.4499969482422,192.6999969482422,192.6999969482422,80825,192.1500015258789,188.5999984741211,185.49999618530273,188.4250030517578,189.8500061035156,1,-1,,,0.0,0.0, , ,0.0,0.0, , 
1700,2021-06-15 16:00:00+02:00,192.6999969482422,193.25,192.6499938964844,193.1499938964844,193.1499938964844,16596,192.1500015258789,188.5999984741211,185.49999618530273,188.4250030517578,189.6499938964844,1,-1,,,0.0,0.0, , ,0.0,0.0, , 
1701,2021-06-16 09:00:00+02:00,193.6999969482422,195.3500061035156,193.6000061035156,194.6000061035156,194.6000061035156,53129,193.0250015258789,188.9000015258789,185.23749923706055,188.07500457763672,191.3999938964844,1,-1,,,0.0,0.0, , ,0.0,0.0, , 
1702,2021-06-16 10:00:00+02:00,195.1999969482422,195.3500061035156,194.5,195.0,195.0,85757,193.07500457763672,189.1000061035156,185.0999984741211,187.8500061035156,191.0,1,-1,,,0.0,0.0, , ,0.0,0.0, , 
1703,2021-06-16 11:00:00+02:00,194.8000030517578,195.6000061035156,194.75,195.1999969482422,195.1999969482422,40326,193.8000030517578,189.4250030517578,184.92499923706055,187.4000015258789,191.0500030517578,1,-1,,,0.0,0.0, , ,0.0,0.0, , 
1704,2021-06-16 12:00:00+02:00,195.3000030517578,195.6000061035156,194.25,194.3000030517578,194.3000030517578,26442,194.0250015258789,189.6750030517578,184.7874984741211,187.4000015258789,191.8000030517578,1,-1,,,0.0,0.0, , ,0.0,0.0, , 
1705,2021-06-16 13:00:00+02:00,194.6000061035156,195.0500030517578,194.25,194.9499969482422,194.9499969482422,22076,194.0250015258789,189.70000457763672,184.4375,187.4000015258789,191.5500030517578,1,-1,,,0.0,0.0, , ,0.0,0.0, , 
1706,2021-06-16 14:00:00+02:00,194.6499938964844,195.25,194.6499938964844,194.9499969482422,194.9499969482422,43059,194.0250015258789,189.7750015258789,184.32500076293945,187.4000015258789,192.25,1,-1,,,0.0,0.0, , ,0.0,0.0, , 
1707,2021-06-16 15:00:00+02:00,195.0500030517578,195.25,194.8500061035156,195.25,195.25,46130,194.0250015258789,190.32500457763672,184.63750076293945,187.4000015258789,190.4499969482422,1,-1,,,0.0,0.0, , ,0.0,0.0, , 
1708,2021-06-16 16:00:00+02:00,195.25,195.25,194.9499969482422,195.1999969482422,195.1999969482422,10738,194.125,191.1750030517578,184.8375015258789,187.4000015258789,190.5,1,-1,,,0.0,0.0, , ,0.0,0.0, , 
1709,2021-06-17 09:00:00+02:00,195.6000061035156,195.6000061035156,192.5,192.5,192.5,10217,194.0500030517578,191.375,185.0999984741211,187.4000015258789,191.3500061035156,1,-1,,,0.0,0.0, , ,0.0,0.0, , 
1710,2021-06-17 10:00:00+02:00,193.0,193.1499938964844,191.5500030517578,191.8999938964844,191.8999938964844,47936,193.57500457763672,191.82500457763672,185.2750015258789,187.4000015258789,192.0,1,-1,,-1.0,0.0,0.0, , ,0.0,0.0, , 
1711,2021-06-17 11:00:00+02:00,192.0500030517578,192.1499938964844,191.5500030517578,191.75,191.75,41430,193.57500457763672,192.5,186.50000381469727,187.4000015258789,192.0,1,-1,,,0.0,0.0, , ,0.0,0.0, , 
1712,2021-06-17 12:00:00+02:00,191.8500061035156,191.9499969482422,191.3999938964844,191.8000030517578,191.8000030517578,31233,193.5,192.57500457763672,186.60000228881836,187.4000015258789,191.3500061035156,1,-1,,,0.0,0.0, , ,0.0,0.0, , 
1713,2021-06-17 13:00:00+02:00,191.8999938964844,192.0500030517578,191.6499938964844,191.6999969482422,191.6999969482422,28235,193.5,192.57500457763672,186.77499771118164,187.4000015258789,191.8999938964844,1,-1,,,0.0,0.0, , ,0.0,0.0, , 
1714,2021-06-17 14:00:00+02:00,191.6999969482422,191.8999938964844,191.5500030517578,191.6499938964844,191.6499938964844,21131,193.5,192.57500457763672,186.8874969482422,187.4000015258789,191.5500030517578,1,-1,,,0.0,0.0, , ,0.0,0.0, , 
1715,2021-06-17 15:00:00+02:00,191.6999969482422,191.8500061035156,191.1999969482422,191.1999969482422,191.1999969482422,23708,193.4000015258789,192.57500457763672,186.92499542236328,187.4000015258789,191.8999938964844,1,-1,,,0.0,0.0, , ,0.0,0.0, , 
1716,2021-06-17 16:00:00+02:00,191.25,191.3999938964844,191.1000061035156,191.1999969482422,191.1999969482422,7880,193.3500061035156,192.57500457763672,187.1999969482422,187.4000015258789,192.1999969482422,1,-1,,,0.0,0.0, , ,0.0,0.0, , 
1717,2021-06-18 09:00:00+02:00,191.1000061035156,191.3999938964844,190.1999969482422,190.75,190.75,41265,192.9000015258789,192.57500457763672,187.62499618530273,187.4000015258789,191.4499969482422,1,1,,,0.0,0.0, , ,0.0,0.0, , 
1718,2021-06-18 10:00:00+02:00,191.3500061035156,191.3500061035156,190.5,190.5500030517578,190.5500030517578,27792,191.67499542236328,192.9000015258789,187.72499465942383,187.4000015258789,191.3999938964844,1,1,-1.0,,0.0,0.0, , ,0.0,0.0, , 
1719,2021-06-18 11:00:00+02:00,190.8000030517578,191.1999969482422,190.3999938964844,190.8999938964844,190.8999938964844,56127,191.17499542236328,192.9000015258789,188.4749984741211,187.4000015258789,191.5500030517578,1,1,,,0.0,0.0, ,Sell,0.0,0.0, , 
1720,2021-06-18 12:00:00+02:00,190.5500030517578,191.1999969482422,190.1999969482422,190.6499938964844,190.6499938964844,46803,191.125,192.9000015258789,189.11249923706055,187.4000015258789,191.6499938964844,1,1,,,0.0,0.0, , ,0.0,0.0, , 
1721,2021-06-18 13:00:00+02:00,190.6999969482422,190.6999969482422,190.1999969482422,190.3000030517578,190.3000030517578,26422,191.125,192.9000015258789,189.5749969482422,186.29999542236328,192.0,1,1,,,0.0,0.0, , ,0.0,0.0, , 
1722,2021-06-18 14:00:00+02:00,190.3999938964844,190.4499969482422,189.8000030517578,190.0,190.0,57760,190.8499984741211,192.70000457763672,189.5749969482422,186.29999542236328,191.8500061035156,1,1,,,0.0,0.0, , ,0.0,0.0, , 
1723,2021-06-18 15:00:00+02:00,190.1000061035156,190.3000030517578,189.8000030517578,190.1999969482422,190.1999969482422,59252,190.82500457763672,192.70000457763672,189.75,186.29999542236328,193.5,1,1,,,0.0,0.0, , ,0.0,0.0, , 
1724,2021-06-18 16:00:00+02:00,190.1999969482422,190.5500030517578,190.1000061035156,190.1000061035156,190.1000061035156,10469,190.5999984741211,192.70000457763672,190.3249969482422,186.29999542236328,193.0,0,1,,,0.0,0.0, , ,0.0,0.0, , 
1725,2021-06-21 09:00:00+02:00,189.8500061035156,189.8500061035156,188.3500061035156,189.8500061035156,189.8500061035156,21943,189.875,191.9750061035156,190.375,186.29999542236328,192.6499938964844,0,1,,,0.0,0.0, , ,0.0,0.0, , 
1726,2021-06-21 10:00:00+02:00,189.0500030517578,189.8999938964844,188.8999938964844,189.6499938964844,189.6499938964844,38434,189.8500061035156,191.9750061035156,190.375,186.29999542236328,193.0,0,1,,,0.0,0.0, , ,0.0,0.0, , 
1727,2021-06-21 11:00:00+02:00,189.5500030517578,191.4499969482422,189.3500061035156,191.3999938964844,191.3999938964844,51610,189.9000015258789,191.9750061035156,190.9625015258789,186.0749969482422,192.8500061035156,0,1,,,0.0,0.0, , ,0.0,0.0, , 
1728,2021-06-21 12:00:00+02:00,190.8000030517578,191.6000061035156,190.6999969482422,191.0,191.0,86940,189.9750061035156,191.9750061035156,191.08750534057617,185.9499969482422,192.3000030517578,0,1,,1.0,0.0,0.0, , ,0.0,0.0, , 
1729,2021-06-21 13:00:00+02:00,191.3000030517578,191.3999938964844,190.6999969482422,191.0500030517578,191.0500030517578,16482,189.9750061035156,191.9750061035156,191.6125030517578,185.9499969482422,192.6499938964844,0,1,,,0.0,0.0, , ,0.0,0.0, , 
1730,2021-06-21 14:00:00+02:00,190.9499969482422,191.8999938964844,190.75,191.8000030517578,191.8000030517578,20095,190.125,191.9750061035156,191.85000228881836,185.9499969482422,192.9499969482422,0,1,,,0.0,0.0, , ,0.0,0.0, , 
1731,2021-06-21 15:00:00+02:00,191.5,192.0,191.5,191.5500030517578,191.5500030517578,31480,190.1750030517578,191.9750061035156,191.8625030517578,185.9499969482422,193.1999969482422,0,1,,,0.0,0.0, , ,0.0,0.0, , 
1732,2021-06-21 16:00:00+02:00,191.5500030517578,192.3000030517578,191.5,192.25,192.25,12552,190.32500457763672,191.9750061035156,191.9000015258789,185.9499969482422,192.9499969482422,0,1,,,0.0,0.0, , ,0.0,0.0, , 
1733,2021-06-22 09:00:00+02:00,192.0500030517578,192.1999969482422,190.3000030517578,190.4499969482422,190.4499969482422,18321,190.32500457763672,191.9750061035156,192.1750030517578,185.9499969482422,193.0,0,1,,,0.0,0.0, , ,0.0,0.0, , 
1734,2021-06-22 10:00:00+02:00,190.8500061035156,190.9499969482422,190.3000030517578,190.5,190.5,29942,190.5999984741211,191.9750061035156,192.6500015258789,185.9499969482422,193.75,0,1,,,0.0,0.0, , ,0.0,0.0, , 
1735,2021-06-22 11:00:00+02:00,190.4499969482422,191.3999938964844,190.3000030517578,191.3500061035156,191.3500061035156,21710,190.82500457763672,190.75,192.7125015258789,185.9499969482422,193.3500061035156,0,1,1.0,-1.0,0.0,0.0, , ,0.0,0.0, , 
1736,2021-06-22 12:00:00+02:00,190.8999938964844,192.0500030517578,190.8999938964844,192.0,192.0,20072,191.3000030517578,190.32500457763672,192.70000457763672,185.9499969482422,193.4499969482422,0,1,,,0.0,0.0, , ,0.0,0.0, ,Buy
1737,2021-06-22 13:00:00+02:00,191.3500061035156,192.0500030517578,191.3500061035156,192.0,192.0,15553,191.3000030517578,190.32500457763672,193.03750228881836,186.4000015258789,193.25,0,1,,1.0,0.0,0.0, , ,0.0,0.0, , 
1738,2021-06-22 14:00:00+02:00,191.6999969482422,192.0500030517578,191.3500061035156,191.3500061035156,191.3500061035156,17815,191.3000030517578,190.32500457763672,193.03750228881836,186.4000015258789,193.4499969482422,0,1,,,0.0,0.0, , ,0.0,0.0, , 
1739,2021-06-22 15:00:00+02:00,191.9499969482422,192.0,191.3500061035156,191.8999938964844,191.8999938964844,32760,191.3000030517578,190.32500457763672,193.03750228881836,186.4499969482422,193.5500030517578,0,1,,,0.0,0.0, , ,0.0,0.0, , 
1740,2021-06-22 16:00:00+02:00,191.8500061035156,191.8500061035156,191.3500061035156,191.5500030517578,191.5500030517578,13016,191.3000030517578,190.32500457763672,193.03750228881836,186.54999542236328,193.3999938964844,0,1,,,0.0,0.0, , ,0.0,0.0, , 
1741,2021-06-23 09:00:00+02:00,192.3000030517578,192.3000030517578,191.3999938964844,191.8999938964844,191.8999938964844,13054,191.3000030517578,190.32500457763672,192.9875030517578,186.54999542236328,193.4499969482422,0,1,,,0.0,0.0, , ,0.0,0.0, , 
1742,2021-06-23 10:00:00+02:00,191.8999938964844,192.25,191.5,192.1999969482422,192.1999969482422,22721,191.3000030517578,190.32500457763672,192.96250534057617,186.54999542236328,193.6000061035156,0,1,,,0.0,0.0, , ,0.0,0.0, , 
1743,2021-06-23 11:00:00+02:00,192.0,192.25,191.25,191.4499969482422,191.4499969482422,51835,191.3000030517578,190.32500457763672,192.7375030517578,186.54999542236328,193.8000030517578,0,1,,,0.0,0.0, , ,0.0,0.0, , 
1744,2021-06-23 12:00:00+02:00,191.8999938964844,191.8999938964844,191.1499938964844,191.3999938964844,191.3999938964844,21807,191.5999984741211,190.32500457763672,192.2874984741211,186.54999542236328,193.0,0,1,,,0.0,0.0, , ,0.0,0.0, , 
1745,2021-06-23 13:00:00+02:00,191.25,191.6499938964844,191.25,191.5500030517578,191.5500030517578,13590,191.7249984741211,190.32500457763672,192.0374984741211,187.0749969482422,192.6000061035156,0,1,,-1.0,0.0,0.0, , ,0.0,0.0, , 
1746,2021-06-23 14:00:00+02:00,191.4499969482422,191.8500061035156,191.3000030517578,191.6499938964844,191.6499938964844,16210,191.7249984741211,190.32500457763672,192.01250076293945,187.375,192.8999938964844,0,1,,,0.0,0.0, , ,0.0,0.0, , 
1747,2021-06-23 15:00:00+02:00,191.6499938964844,192.1499938964844,191.6499938964844,192.0,192.0,31688,191.7249984741211,190.32500457763672,192.01250076293945,187.79999542236328,193.4499969482422,0,1,,,0.0,0.0, , ,0.0,0.0, , 
1748,2021-06-23 16:00:00+02:00,192.0,192.0,191.5500030517578,191.8500061035156,191.8500061035156,19246,191.7249984741211,190.32500457763672,191.7750015258789,187.79999542236328,192.75,0,1,,1.0,0.0,0.0, , ,0.0,0.0, , 
1749,2021-06-24 09:00:00+02:00,192.3500061035156,193.8000030517578,192.0,193.5,193.5,11421,192.4749984741211,191.07500457763672,191.76250457763672,187.9749984741211,192.6000061035156,1,1,,-1.0,0.0,0.0, , ,0.0,0.0, , 
1750,2021-06-24 10:00:00+02:00,193.4499969482422,193.8000030517578,192.8999938964844,193.0,193.0,37809,192.4749984741211,191.07500457763672,191.6500015258789,188.54999542236328,192.1499938964844,1,1,,1.0,0.0,0.0, , ,0.0,0.0, , 
1751,2021-06-24 11:00:00+02:00,193.0500030517578,193.1499938964844,192.6499938964844,192.6499938964844,192.6499938964844,23866,192.4749984741211,191.3499984741211,190.9250030517578,188.5999984741211,192.0500030517578,1,1,,,1.0,1.0,Buy, ,0.0,0.0, , 
1752,2021-06-24 12:00:00+02:00,193.0500030517578,193.0500030517578,192.6499938964844,193.0,193.0,8839,192.4749984741211,191.57500457763672,190.9125061035156,188.5999984741211,191.8999938964844,1,1,,,1.0,0.0, , ,0.0,0.0, , 
1753,2021-06-24 13:00:00+02:00,192.8999938964844,193.1000061035156,192.5,192.8500061035156,192.8500061035156,33698,192.5250015258789,192.0500030517578,190.93750381469727,188.9000015258789,191.6499938964844,1,1,,,1.0,0.0, , ,0.0,0.0, , 
1754,2021-06-24 14:00:00+02:00,192.8999938964844,192.8999938964844,192.25,192.3000030517578,192.3000030517578,10765,192.5500030517578,192.0500030517578,190.9750061035156,188.9000015258789,191.75,1,1,,,1.0,0.0, , ,0.0,0.0, , 
1755,2021-06-24 15:00:00+02:00,192.75,192.8999938964844,192.25,192.6499938964844,192.6499938964844,10828,192.6750030517578,192.0500030517578,190.9750061035156,189.0250015258789,188.6000061035156,1,1,,,1.0,0.0, , ,0.0,0.0, , 
1756,2021-06-24 16:00:00+02:00,192.75,193.0,192.6499938964844,192.9499969482422,192.9499969482422,6164,192.6750030517578,192.0500030517578,191.0500030517578,189.0250015258789,188.3500061035156,1,1,,,1.0,0.0, , ,0.0,0.0, , 
1757,2021-06-25 09:00:00+02:00,193.8000030517578,194.0500030517578,193.0500030517578,193.1999969482422,193.1999969482422,14048,193.0250015258789,192.1750030517578,191.07500457763672,189.0250015258789,188.8500061035156,1,1,,,1.0,0.0, , ,0.0,0.0, , 
1758,2021-06-25 10:00:00+02:00,193.6499938964844,193.6999969482422,192.6999969482422,192.9499969482422,192.9499969482422,23441,193.1500015258789,192.1750030517578,191.15000534057617,189.0250015258789,188.8500061035156,1,1,,,1.0,0.0, , ,0.0,0.0, , 
1759,2021-06-25 11:00:00+02:00,192.8999938964844,193.1999969482422,192.6499938964844,193.0,193.0,12938,193.1500015258789,192.1750030517578,191.15000534057617,189.0250015258789,189.8500061035156,1,1,,-1.0,1.0,0.0, , ,0.0,0.0, , 
1760,2021-06-25 12:00:00+02:00,192.75,193.75,192.6499938964844,193.75,193.75,17185,193.1500015258789,192.1750030517578,191.28750228881836,189.0250015258789,190.0,1,1,,,1.0,0.0, , ,0.0,0.0, , 
1761,2021-06-25 13:00:00+02:00,193.1499938964844,193.8500061035156,193.1000061035156,193.3500061035156,193.3500061035156,12383,193.1500015258789,192.4749984741211,190.78750228881836,189.0250015258789,190.1999969482422,1,1,,,1.0,0.0, , ,0.0,0.0, , 
1762,2021-06-25 14:00:00+02:00,193.5500030517578,193.5500030517578,192.9499969482422,193.4499969482422,193.4499969482422,16801,193.1500015258789,192.5999984741211,190.81250381469727,189.0250015258789,189.8000030517578,1,1,,1.0,1.0,0.0, , ,0.0,0.0, , 
1763,2021-06-25 15:00:00+02:00,192.9499969482422,193.5500030517578,192.9499969482422,193.25,193.25,29282,193.1500015258789,192.5999984741211,190.81250381469727,189.0250015258789,191.1999969482422,1,1,,-1.0,1.0,0.0, , ,0.0,0.0, , 
1764,2021-06-25 16:00:00+02:00,193.25,193.6499938964844,193.1499938964844,193.4499969482422,193.4499969482422,16990,193.3499984741211,192.5999984741211,190.81250381469727,189.0250015258789,190.6499938964844,1,1,,,1.0,0.0, , ,0.0,0.0, , 
1765,2021-06-28 09:00:00+02:00,194.0500030517578,194.0500030517578,193.1499938964844,193.5500030517578,193.5500030517578,5840,193.3499984741211,192.5999984741211,190.81250381469727,189.0250015258789,190.1000061035156,1,1,,1.0,1.0,0.0, , ,0.0,0.0, , 
1766,2021-06-28 10:00:00+02:00,193.8500061035156,193.8500061035156,193.25,193.3999938964844,193.3999938964844,22842,193.3499984741211,192.5999984741211,190.81250381469727,189.0250015258789,189.3999938964844,1,1,,,1.0,0.0, , ,0.0,0.0, , 
1767,2021-06-28 11:00:00+02:00,193.5,193.8000030517578,193.25,193.4499969482422,193.4499969482422,19651,193.3499984741211,192.5999984741211,190.81250381469727,189.0250015258789,190.3500061035156,1,1,,,1.0,0.0, , ,0.0,0.0, , 
1768,2021-06-28 12:00:00+02:00,193.75,193.75,193.1999969482422,193.6000061035156,193.6000061035156,30402,193.3499984741211,192.5999984741211,190.81250381469727,189.0250015258789,190.8000030517578,1,1,,,1.0,0.0, , ,0.0,0.0, , 
1769,2021-06-28 13:00:00+02:00,193.25,194.1499938964844,193.1999969482422,193.8000030517578,193.8000030517578,19654,193.54999542236328,192.6499938964844,190.81250381469727,189.0250015258789,191.4499969482422,1,1,,-1.0,1.0,0.0, , ,0.0,0.0, , 
1770,2021-06-28 14:00:00+02:00,193.8999938964844,194.1499938964844,192.8500061035156,193.0,193.0,20660,193.5,192.6999969482422,190.9625015258789,189.0250015258789,191.1999969482422,1,1,,1.0,1.0,0.0, , ,0.0,0.0, , 
1771,2021-06-28 15:00:00+02:00,193.3999938964844,193.4499969482422,192.5,192.6000061035156,192.6000061035156,36603,193.3249969482422,192.7249984741211,191.0250015258789,189.0250015258789,191.6000061035156,1,1,,,1.0,0.0, , ,0.0,0.0, , 
1772,2021-06-28 16:00:00+02:00,192.5500030517578,192.8999938964844,192.5500030517578,192.8999938964844,192.8999938964844,4142,193.3249969482422,192.8499984741211,191.0250015258789,189.0250015258789,191.6999969482422,1,1,,-1.0,1.0,0.0, , ,0.0,0.0, , 
1773,2021-06-29 09:00:00+02:00,193.1499938964844,194.0500030517578,193.1499938964844,193.4499969482422,193.4499969482422,16097,193.3249969482422,192.8499984741211,191.0250015258789,189.0250015258789,191.6999969482422,1,1,,,1.0,0.0, , ,0.0,0.0, , 
1774,2021-06-29 10:00:00+02:00,193.75,193.8000030517578,192.75,192.75,192.75,11960,193.3249969482422,193.0749969482422,191.0250015258789,189.0250015258789,191.75,1,1,,1.0,1.0,0.0, , ,0.0,0.0, , 
1775,2021-06-29 11:00:00+02:00,192.9499969482422,193.0500030517578,192.5,192.6000061035156,192.6000061035156,10112,193.3249969482422,193.1999969482422,191.7750015258789,189.0250015258789,191.5500030517578,1,1,,-1.0,1.0,0.0, , ,0.0,0.0, , 
1776,2021-06-29 12:00:00+02:00,192.6999969482422,192.6999969482422,192.1499938964844,192.1499938964844,192.1499938964844,5302,193.1499938964844,193.1499938964844,191.7750015258789,189.0250015258789,191.3500061035156,1,1,,,1.0,0.0, , ,0.0,0.0, , 
1777,2021-06-29 13:00:00+02:00,192.3000030517578,192.3500061035156,192.0,192.0500030517578,192.0500030517578,8492,193.0749969482422,193.0749969482422,191.9124984741211,189.0250015258789,191.9499969482422,1,1,,,1.0,0.0, , ,0.0,0.0, , 
1778,2021-06-29 14:00:00+02:00,192.0500030517578,192.1499938964844,191.6499938964844,191.8999938964844,191.8999938964844,12317,192.8999938964844,192.8999938964844,192.0250015258789,189.0250015258789,191.6000061035156,0,1,,,1.0,0.0, , ,0.0,0.0, , 
1779,2021-06-29 15:00:00+02:00,192.0500030517578,192.0500030517578,191.5,191.6499938964844,191.6499938964844,13459,192.7750015258789,192.8249969482422,192.28750228881836,189.0250015258789,192.8500061035156,0,1,-1.0,,1.0,0.0, , ,0.0,0.0, , 
1780,2021-06-29 16:00:00+02:00,191.6999969482422,191.75,191.5,191.75,191.75,4547,192.7750015258789,192.8249969482422,192.3000030517578,189.2250061035156,193.3000030517578,0,1,,,0.0,-1.0, ,Sell,0.0,0.0, , 
1781,2021-06-30 09:00:00+02:00,191.1999969482422,191.1999969482422,188.5,188.6000061035156,188.6000061035156,38019,191.2750015258789,191.3249969482422,192.3625030517578,189.4250030517578,193.1999969482422,0,1,,,0.0,0.0, , ,0.0,0.0, , 
1782,2021-06-30 10:00:00+02:00,189.3500061035156,189.4499969482422,187.75,188.3500061035156,188.3500061035156,69835,190.7750015258789,190.9499969482422,192.3625030517578,189.6750030517578,193.0500030517578,-1,1,,,0.0,0.0, , ,0.0,0.0, , 
1783,2021-06-30 11:00:00+02:00,188.1999969482422,189.0,187.9499969482422,188.8500061035156,188.8500061035156,34754,190.4000015258789,190.9499969482422,192.60000228881836,189.70000457763672,193.1999969482422,-1,1,,,0.0,0.0, , ,0.0,0.0, , 
1784,2021-06-30 12:00:00+02:00,188.75,189.3500061035156,188.6000061035156,188.8500061035156,188.8500061035156,27734,190.2249984741211,190.9499969482422,192.66250228881836,189.7750015258789,193.1999969482422,-1,1,,,0.0,0.0, , ,0.0,0.0, , 
1785,2021-06-30 13:00:00+02:00,189.1000061035156,190.1499938964844,188.8500061035156,189.8500061035156,189.8500061035156,43696,190.0500030517578,190.9499969482422,192.66250228881836,190.32500457763672,193.3500061035156,-1,1,,,0.0,0.0, , ,0.0,0.0, , 
1786,2021-06-30 14:00:00+02:00,189.9499969482422,190.5,189.8000030517578,190.0,190.0,41336,189.9499969482422,190.9499969482422,192.66250228881836,191.1750030517578,193.3500061035156,-1,1,,,0.0,0.0, , ,0.0,0.0, , 
1787,2021-06-30 15:00:00+02:00,190.1999969482422,190.6499938964844,189.8000030517578,190.1999969482422,190.1999969482422,29965,189.9000015258789,190.9499969482422,192.8125,191.375,193.0500030517578,-1,1,,1.0,0.0,0.0, , ,0.0,0.0, , 
1788,2021-06-30 16:00:00+02:00,190.1999969482422,190.1999969482422,189.8000030517578,189.8000030517578,189.8000030517578,12307,189.75,190.9499969482422,192.875,191.82500457763672,192.75,-1,1,,,0.0,0.0, , ,0.0,0.0, , 
1789,2021-07-01 09:00:00+02:00,190.9499969482422,191.3000030517578,190.1499938964844,191.1999969482422,191.1999969482422,29522,189.5250015258789,190.9499969482422,192.875,191.9750061035156,193.0,-1,1,,,0.0,0.0, , ,0.0,0.0, , 
1790,2021-07-01 10:00:00+02:00,191.0,191.3500061035156,190.6499938964844,190.6499938964844,190.6499938964844,25828,189.5500030517578,190.9499969482422,192.9749984741211,191.9750061035156,192.8999938964844,-1,1,,,0.0,0.0, , ,0.0,0.0, , 
1791,2021-07-01 11:00:00+02:00,190.9499969482422,191.1000061035156,189.9499969482422,190.1000061035156,190.1000061035156,23521,189.6500015258789,190.9499969482422,192.9749984741211,191.9750061035156,192.8000030517578,-1,1,,,0.0,0.0, , ,0.0,0.0, , 
1792,2021-07-01 12:00:00+02:00,190.1499938964844,190.25,189.1999969482422,189.3999938964844,189.3999938964844,22606,189.9750061035156,190.9499969482422,192.9749984741211,191.9750061035156,192.8999938964844,-1,1,,,0.0,0.0, , ,0.0,0.0, , 
1793,2021-07-01 13:00:00+02:00,189.6000061035156,190.3500061035156,189.1999969482422,190.3500061035156,190.3500061035156,24293,190.1000061035156,190.9499969482422,192.9749984741211,191.9750061035156,192.8999938964844,-1,1,,-1.0,0.0,0.0, , ,0.0,0.0, , 
1794,2021-07-01 14:00:00+02:00,190.0,190.8999938964844,190.0,190.8000030517578,190.8000030517578,26753,190.2750015258789,190.9499969482422,192.9749984741211,191.9750061035156,193.1000061035156,-1,1,,,0.0,0.0, , ,0.0,0.0, , 
1795,2021-07-01 15:00:00+02:00,190.1999969482422,191.5,190.1999969482422,191.4499969482422,191.4499969482422,46046,190.3499984741211,190.9499969482422,193.09999465942383,191.9750061035156,195.1000061035156,-1,1,,,0.0,0.0, , ,0.0,0.0, , 
1796,2021-07-01 16:00:00+02:00,191.4499969482422,191.6000061035156,191.1999969482422,191.1999969482422,191.1999969482422,9339,190.4000015258789,190.9000015258789,193.0999984741211,191.9750061035156,195.0,-1,1,,1.0,0.0,0.0, , ,0.0,0.0, , 
1797,2021-07-02 09:00:00+02:00,191.6499938964844,191.9499969482422,191.0,191.6000061035156,191.6000061035156,14022,190.5749969482422,190.9000015258789,193.02499771118164,191.9750061035156,195.25,-1,1,,,0.0,0.0, , ,0.0,0.0, , 
1798,2021-07-02 10:00:00+02:00,191.4499969482422,191.8999938964844,191.1499938964844,191.6999969482422,191.6999969482422,24239,190.5749969482422,190.9000015258789,193.08749771118164,191.9750061035156,195.3500061035156,-1,1,,,0.0,0.0, , ,0.0,0.0, , 
1799,2021-07-02 11:00:00+02:00,191.8000030517578,191.8000030517578,191.5,191.6999969482422,191.6999969482422,9372,190.5749969482422,190.7750015258789,193.08749771118164,191.9750061035156,196.25,-1,1,,,0.0,0.0, , ,0.0,0.0, , 
1800,2021-07-02 12:00:00+02:00,191.6499938964844,191.8999938964844,191.5,191.75,191.75,12288,190.5749969482422,190.4000015258789,193.1999969482422,191.9750061035156,196.3999938964844,-1,1,1.0,,0.0,0.0, , ,0.0,0.0, , 
1801,2021-07-02 13:00:00+02:00,191.8000030517578,191.8500061035156,191.3999938964844,191.5500030517578,191.5500030517578,18009,190.5749969482422,190.2249984741211,193.2624969482422,191.9750061035156,196.9499969482422,-1,1,,,0.0,0.0, , ,0.0,0.0, ,Buy
1802,2021-07-02 14:00:00+02:00,191.6499938964844,191.8000030517578,191.1000061035156,191.3500061035156,191.3500061035156,19373,190.9749984741211,190.0500030517578,193.1499938964844,191.9750061035156,197.1499938964844,-1,1,,,0.0,0.0, , ,0.0,0.0, , 
1803,2021-07-02 15:00:00+02:00,191.1999969482422,191.9499969482422,191.1000061035156,191.9499969482422,191.9499969482422,31593,191.0749969482422,189.9499969482422,193.0749969482422,191.9750061035156,196.5500030517578,-1,1,,,0.0,0.0, , ,0.0,0.0, , 
1804,2021-07-02 16:00:00+02:00,191.9499969482422,191.9499969482422,191.5,191.6000061035156,191.6000061035156,11136,191.4749984741211,189.9000015258789,192.8999938964844,191.9750061035156,196.3500061035156,-1,1,,,0.0,0.0, , ,0.0,0.0, , 
1805,2021-07-05 09:00:00+02:00,192.8999938964844,194.6000061035156,192.8500061035156,192.8500061035156,192.8500061035156,21913,192.8000030517578,191.1750030517578,192.79999923706055,191.9750061035156,195.8500061035156,1,1,,,0.0,0.0, , ,0.0,0.0, , 
1806,2021-07-05 10:00:00+02:00,194.0,194.0,192.8000030517578,193.3000030517578,193.3000030517578,45993,192.8500061035156,191.1750030517578,192.79999923706055,191.9750061035156,195.8000030517578,1,1,,,0.0,0.0, , ,0.0,0.0, , 
1807,2021-07-05 11:00:00+02:00,193.4499969482422,193.5500030517578,192.9499969482422,193.1999969482422,193.1999969482422,39762,192.8500061035156,191.1750030517578,191.29999923706055,191.9750061035156,195.6499938964844,1,-1,,,0.0,0.0, , ,0.0,0.0, , 
1808,2021-07-05 12:00:00+02:00,193.1000061035156,193.3500061035156,193.0,193.0500030517578,193.0500030517578,36027,192.8500061035156,191.2750015258789,190.86249923706055,191.9750061035156,195.5,1,-1,,,0.0,0.0, , ,0.0,0.0, , 
1809,2021-07-05 13:00:00+02:00,193.1999969482422,193.25,193.0,193.1999969482422,193.1999969482422,31107,192.8500061035156,191.6000061035156,190.67499923706055,191.9750061035156,195.1499938964844,1,-1,,,0.0,0.0, , ,0.0,0.0, , 
1810,2021-07-05 14:00:00+02:00,193.0,193.3500061035156,193.0,193.1999969482422,193.1999969482422,22835,192.8500061035156,191.7250061035156,190.58749771118164,191.9750061035156,194.5500030517578,1,-1,,,0.0,0.0, , ,0.0,0.0, , 
1811,2021-07-05 15:00:00+02:00,193.25,193.5,193.1000061035156,193.3500061035156,193.3500061035156,33958,192.8500061035156,191.9000015258789,190.5,191.9750061035156,199.8500061035156,1,-1,,,0.0,0.0, , ,0.0,0.0, , 
1812,2021-07-05 16:00:00+02:00,193.3500061035156,193.3999938964844,193.1499938964844,193.3500061035156,193.3500061035156,4871,193.0500030517578,191.9000015258789,190.4499969482422,191.9750061035156,198.9499969482422,1,-1,,,0.0,0.0, , ,0.0,0.0, , 
1813,2021-07-06 09:00:00+02:00,193.6999969482422,193.6999969482422,192.4499969482422,193.0500030517578,193.0500030517578,4372,193.5250015258789,191.9000015258789,190.42499923706055,191.20000457763672,198.6000061035156,1,-1,,,0.0,0.0, , ,0.0,0.0, , 
1814,2021-07-06 10:00:00+02:00,192.6000061035156,193.3000030517578,192.5500030517578,192.75,192.75,23234,193.2249984741211,191.9000015258789,190.3499984741211,191.20000457763672,199.6499938964844,1,-1,,-1.0,0.0,0.0, , ,0.0,0.0, , 
1815,2021-07-06 11:00:00+02:00,193.1999969482422,193.25,192.75,193.0,193.0,13259,193.0749969482422,191.9000015258789,190.23749923706055,191.20000457763672,199.8000030517578,1,-1,,1.0,0.0,0.0, , ,0.0,0.0, , 
1816,2021-07-06 12:00:00+02:00,193.0500030517578,193.1999969482422,192.6999969482422,192.8999938964844,192.8999938964844,7443,193.0749969482422,191.9000015258789,190.25,191.20000457763672,199.8999938964844,1,-1,,-1.0,0.0,0.0, , ,0.0,0.0, , 
1817,2021-07-06 13:00:00+02:00,192.8000030517578,192.9499969482422,192.6999969482422,192.8000030517578,192.8000030517578,6312,193.0749969482422,191.9000015258789,190.29999923706055,191.20000457763672,200.8999938964844,1,-1,,,0.0,0.0, , ,0.0,0.0, , 
1818,2021-07-06 14:00:00+02:00,192.9499969482422,192.9499969482422,192.75,192.8999938964844,192.8999938964844,6261,193.0749969482422,191.9000015258789,190.4625015258789,191.20000457763672,201.8000030517578,1,-1,,,0.0,0.0, , ,0.0,0.0, , 
1819,2021-07-06 15:00:00+02:00,192.75,193.1499938964844,192.75,192.8999938964844,192.8999938964844,11390,193.0749969482422,192.3000030517578,190.5250015258789,191.20000457763672,202.5,1,-1,,,0.0,0.0, , ,0.0,0.0, , 
1820,2021-07-06 16:00:00+02:00,192.8999938964844,193.1499938964844,192.8999938964844,193.1000061035156,193.1000061035156,6414,193.0749969482422,192.4000015258789,190.61249923706055,191.20000457763672,202.8000030517578,1,-1,,,0.0,0.0, , ,0.0,0.0, , 
1821,2021-07-07 09:00:00+02:00,193.1499938964844,195.1000061035156,193.0500030517578,195.1000061035156,195.1000061035156,21638,193.7750015258789,193.0500030517578,190.64999771118164,191.25,203.1000061035156,1,-1,,,0.0,0.0, , ,0.0,0.0, , 
1822,2021-07-07 10:00:00+02:00,194.5500030517578,195.5500030517578,194.1000061035156,195.0,195.0,52187,194.0500030517578,193.2750015258789,190.6500015258789,191.25,203.3000030517578,1,-1,,1.0,0.0,0.0, , ,0.0,0.0, , 
1823,2021-07-07 11:00:00+02:00,194.9499969482422,195.3500061035156,194.8500061035156,195.25,195.25,16347,194.125,193.32500457763672,190.73749923706055,191.25,203.3999938964844,1,-1,,,0.0,0.0, , ,0.0,0.0, , 
1824,2021-07-07 12:00:00+02:00,195.3500061035156,195.6499938964844,195.0500030517578,195.3500061035156,195.3500061035156,21416,194.17499542236328,193.375,190.73749923706055,191.25,203.3999938964844,1,-1,,,0.0,0.0, , ,0.0,0.0, , 
1825,2021-07-07 13:00:00+02:00,195.3999938964844,196.3000030517578,195.1999969482422,196.25,196.25,34128,194.5,193.70000457763672,190.67499923706055,191.25,203.8000030517578,1,-1,,,0.0,0.0, , ,0.0,0.0, , 
1826,2021-07-07 14:00:00+02:00,195.6499938964844,196.4499969482422,195.5500030517578,196.3999938964844,196.3999938964844,21451,194.5999984741211,193.7750015258789,190.48749923706055,191.25,203.8000030517578,1,-1,,,0.0,0.0, , ,0.0,0.0, , 
1827,2021-07-07 15:00:00+02:00,196.1000061035156,196.9499969482422,196.0500030517578,196.9499969482422,196.9499969482422,52784,194.8499984741211,194.0250015258789,190.39999771118164,191.25,203.3000030517578,1,-1,,,0.0,0.0, , ,0.0,0.0, , 
1828,2021-07-07 16:00:00+02:00,196.8999938964844,197.3500061035156,196.8000030517578,197.1499938964844,197.1499938964844,17878,195.125,194.2250061035156,190.51250076293945,191.25,202.0,1,-1,,,0.0,0.0, , ,0.0,0.0, , 
1829,2021-07-08 09:00:00+02:00,197.0,197.0,195.6999969482422,196.5500030517578,196.5500030517578,8797,195.20000457763672,194.4250030517578,190.5124969482422,191.5249938964844,202.1999969482422,1,-1,,,0.0,0.0, , ,0.0,0.0, , 
1830,2021-07-08 10:00:00+02:00,196.1499938964844,196.75,195.9499969482422,196.3500061035156,196.3500061035156,21552,195.7250061035156,194.9000015258789,190.6875,191.75,201.8999938964844,1,-1,,,0.0,0.0, , ,0.0,0.0, , 
1831,2021-07-08 11:00:00+02:00,196.25,196.3999938964844,195.5500030517578,195.8500061035156,195.8500061035156,17636,196.1000061035156,194.9000015258789,191.9875030517578,192.2249984741211,201.8999938964844,1,-1,,,0.0,0.0, , ,0.0,0.0, , 
1832,2021-07-08 12:00:00+02:00,195.6999969482422,196.0,195.25,195.8000030517578,195.8000030517578,16788,196.20000457763672,194.9000015258789,192.01250457763672,192.2249984741211,201.8000030517578,1,-1,,-1.0,0.0,0.0, , ,0.0,0.0, , 
1833,2021-07-08 13:00:00+02:00,195.4499969482422,195.8999938964844,195.25,195.6499938964844,195.6499938964844,22825,196.2750015258789,194.9000015258789,192.01250457763672,191.3249969482422,202.1999969482422,1,1,,,0.0,0.0, , ,0.0,0.0, , 
1834,2021-07-08 14:00:00+02:00,195.6000061035156,195.75,195.1999969482422,195.5,195.5,39411,196.2750015258789,194.9000015258789,192.06250381469727,190.9499969482422,202.1999969482422,1,1,,,0.0,0.0, , ,0.0,0.0, , 
1835,2021-07-08 15:00:00+02:00,195.5500030517578,195.75,194.8500061035156,195.1499938964844,195.1499938964844,48562,196.1000061035156,194.9000015258789,192.2250061035156,190.9499969482422,204.8999938964844,1,1,,,0.0,0.0, , ,0.0,0.0, , 
1836,2021-07-08 16:00:00+02:00,195.1000061035156,195.1499938964844,194.5500030517578,194.5500030517578,194.5500030517578,13942,195.95000457763672,194.9000015258789,192.2875061035156,190.9499969482422,204.6000061035156,1,1,,,0.0,0.0, , ,0.0,0.0, , 
1837,2021-07-09 09:00:00+02:00,194.6000061035156,199.9499969482422,194.6000061035156,199.8500061035156,199.8500061035156,36458,197.25,196.1999969482422,192.37500381469727,190.9499969482422,203.3000030517578,1,1,,,0.0,0.0, , ,0.0,0.0, , 
1838,2021-07-09 10:00:00+02:00,198.1999969482422,200.0,198.1999969482422,198.9499969482422,198.9499969482422,109905,197.2750015258789,196.2249984741211,192.47500228881836,190.9499969482422,204.3999938964844,1,1,,1.0,0.0,0.0, , ,0.0,0.0, , 
1839,2021-07-09 11:00:00+02:00,199.0500030517578,199.5500030517578,198.5500030517578,198.6000061035156,198.6000061035156,26628,197.2750015258789,196.2750015258789,192.7125015258789,190.9499969482422,204.3999938964844,1,1,,,1.0,1.0,Buy, ,0.0,0.0, , 
1840,2021-07-09 12:00:00+02:00,198.75,199.6999969482422,198.5500030517578,199.6499938964844,199.6499938964844,31456,197.2750015258789,196.3499984741211,192.5625,190.9499969482422,203.6999969482422,1,1,,,1.0,0.0, , ,0.0,0.0, , 
1841,2021-07-09 13:00:00+02:00,199.25,200.0,199.25,199.8000030517578,199.8000030517578,34370,197.2750015258789,196.3499984741211,192.48749923706055,190.9499969482422,203.6000061035156,1,1,,,1.0,0.0, , ,0.0,0.0, , 
1842,2021-07-09 14:00:00+02:00,200.0,200.1000061035156,199.5500030517578,199.8999938964844,199.8999938964844,77281,197.32500457763672,196.4000015258789,192.48749923706055,190.9499969482422,203.8000030517578,1,1,,,1.0,0.0, , ,0.0,0.0, , 
1843,2021-07-09 15:00:00+02:00,199.5500030517578,201.1000061035156,199.5500030517578,200.8999938964844,200.8999938964844,186242,197.82500457763672,196.9250030517578,192.48749923706055,190.9499969482422,205.1999969482422,1,1,,,1.0,0.0, , ,0.0,0.0, , 
1844,2021-07-09 16:00:00+02:00,201.0,201.8000030517578,200.8999938964844,201.8000030517578,201.8000030517578,45535,198.1750030517578,197.2750015258789,192.48749923706055,190.9499969482422,204.6000061035156,1,1,,,1.0,0.0, , ,0.0,0.0, , 
1845,2021-07-12 09:00:00+02:00,201.6000061035156,202.8999938964844,200.8999938964844,202.5,202.5,28611,198.75,197.8999938964844,192.6875,190.9499969482422,204.5,1,1,,,1.0,0.0, , ,0.0,0.0, , 
1846,2021-07-12 10:00:00+02:00,202.6000061035156,202.8999938964844,202.1000061035156,202.8000030517578,202.8000030517578,45568,200.54999542236328,197.9749984741211,192.73749923706055,190.9499969482422,203.3000030517578,1,1,,,1.0,0.0, , ,0.0,0.0, , 
1847,2021-07-12 11:00:00+02:00,202.8000030517578,203.1000061035156,202.5,203.1000061035156,203.1000061035156,48611,200.82500457763672,198.6000061035156,193.41250228881836,190.9499969482422,203.6999969482422,1,1,,,1.0,0.0, , ,0.0,0.0, , 
1848,2021-07-12 12:00:00+02:00,202.6999969482422,203.3999938964844,202.5,203.3000030517578,203.3000030517578,32325,200.9749984741211,198.9749984741211,193.66250228881836,190.9499969482422,203.6000061035156,1,1,,,1.0,0.0, , ,0.0,0.0, , 
1849,2021-07-12 13:00:00+02:00,202.6999969482422,203.6000061035156,202.6000061035156,203.3999938964844,203.3999938964844,28561,201.4250030517578,199.07500457763672,193.72500228881836,190.9499969482422,203.8999938964844,1,1,,,1.0,0.0, , ,0.0,0.0, , 
1850,2021-07-12 14:00:00+02:00,203.5,203.6000061035156,202.8999938964844,203.3999938964844,203.3999938964844,23276,201.57500457763672,199.07500457763672,193.77499771118164,190.9499969482422,203.8999938964844,1,1,,,1.0,0.0, , ,0.0,0.0, , 
1851,2021-07-12 15:00:00+02:00,203.1999969482422,204.0,202.8999938964844,203.8000030517578,203.8000030517578,72132,201.7750015258789,199.2750015258789,194.10000228881836,190.9499969482422,205.6000061035156,1,1,,,1.0,0.0, , ,0.0,0.0, , 
1852,2021-07-12 16:00:00+02:00,203.8000030517578,204.1000061035156,203.6000061035156,203.8000030517578,203.8000030517578,20757,202.5,199.32500457763672,194.1875,190.9499969482422,205.3000030517578,1,1,,,1.0,0.0, , ,0.0,0.0, , 
1853,2021-07-13 09:00:00+02:00,204.1999969482422,204.3999938964844,203.3000030517578,203.3000030517578,203.3000030517578,22967,202.6499938964844,199.4749984741211,194.4375,190.9499969482422,204.3000030517578,1,1,,,1.0,0.0, , ,0.0,0.0, , 
1854,2021-07-13 10:00:00+02:00,203.8999938964844,203.8999938964844,202.0,202.0,202.0,43925,203.1999969482422,199.4749984741211,194.6750030517578,190.9499969482422,205.0,1,1,,,1.0,0.0, , ,0.0,0.0, , 
1855,2021-07-13 11:00:00+02:00,202.8999938964844,202.8999938964844,201.8999938964844,202.1999969482422,202.1999969482422,48179,203.1499938964844,199.4749984741211,194.81250381469727,190.9499969482422,204.8000030517578,1,1,,-1.0,1.0,0.0, , ,0.0,0.0, , 
1856,2021-07-13 12:00:00+02:00,202.3999938964844,202.5,201.3000030517578,201.8999938964844,201.8999938964844,49107,202.8499984741211,199.4749984741211,195.31250381469727,190.9499969482422,205.1000061035156,1,1,,,1.0,0.0, , ,0.0,0.0, , 
1857,2021-07-13 13:00:00+02:00,201.5,202.3999938964844,201.3000030517578,201.8999938964844,201.8999938964844,73253,202.8499984741211,199.4749984741211,195.50000381469727,191.1750030517578,204.1000061035156,1,1,,,1.0,0.0, , ,0.0,0.0, , 
1858,2021-07-13 14:00:00+02:00,202.1000061035156,202.3999938964844,201.3999938964844,201.8000030517578,201.8000030517578,63377,202.8499984741211,199.4749984741211,195.5500030517578,191.1750030517578,203.8000030517578,1,1,,,1.0,0.0, , ,0.0,0.0, , 
1859,2021-07-13 15:00:00+02:00,201.6999969482422,202.1999969482422,201.3000030517578,202.1999969482422,202.1999969482422,42361,202.8499984741211,199.4749984741211,195.5875015258789,191.1750030517578,202.1000061035156,1,1,,,1.0,0.0, , ,0.0,0.0, , 
1860,2021-07-13 16:00:00+02:00,202.3000030517578,202.3999938964844,201.8999938964844,202.1999969482422,202.1999969482422,15999,202.8499984741211,199.4749984741211,195.5875015258789,191.1750030517578,201.8000030517578,1,1,,,1.0,0.0, , ,0.0,0.0, , 
1861,2021-07-14 09:00:00+02:00,204.8999938964844,207.3999938964844,201.8000030517578,204.8999938964844,204.8999938964844,184361,204.3499984741211,200.9749984741211,195.50000381469727,191.1750030517578,202.0,1,1,,1.0,1.0,0.0, , ,0.0,0.0, , 
1862,2021-07-14 10:00:00+02:00,205.0,205.8000030517578,204.5,204.6000061035156,204.6000061035156,55465,204.3499984741211,201.0,195.4250030517578,191.1750030517578,200.8999938964844,1,1,,,1.0,0.0, , ,0.0,0.0, , 
1863,2021-07-14 11:00:00+02:00,205.5,205.6999969482422,202.8000030517578,203.3000030517578,203.3000030517578,110798,204.3499984741211,202.79999542236328,196.7249984741211,191.1750030517578,200.1999969482422,1,1,,,1.0,0.0, , ,0.0,0.0, , 
1864,2021-07-14 12:00:00+02:00,202.8999938964844,204.6000061035156,202.8999938964844,204.3999938964844,204.3999938964844,57286,204.3499984741211,202.9749984741211,196.75,191.1750030517578,200.1999969482422,1,1,,-1.0,1.0,0.0, , ,0.0,0.0, , 
1865,2021-07-14 13:00:00+02:00,203.3999938964844,205.0,203.3999938964844,204.3999938964844,204.3999938964844,53629,204.3499984741211,202.9749984741211,196.7750015258789,191.1750030517578,199.6999969482422,1,1,,,1.0,0.0, , ,0.0,0.0, , 
1866,2021-07-14 14:00:00+02:00,204.6999969482422,204.8000030517578,203.3000030517578,203.6999969482422,203.6999969482422,34553,204.3499984741211,203.3249969482422,196.8125,191.1750030517578,199.3500061035156,1,1,,1.0,1.0,0.0, , ,0.0,0.0, , 
1867,2021-07-14 15:00:00+02:00,204.0,204.0,203.3000030517578,203.6000061035156,203.6000061035156,43808,204.3499984741211,203.4749984741211,196.8125,191.1750030517578,201.3999938964844,1,1,,-1.0,1.0,0.0, , ,0.0,0.0, , 
1868,2021-07-14 16:00:00+02:00,203.6000061035156,204.3999938964844,203.0,203.8000030517578,203.8000030517578,22268,204.5999984741211,203.4749984741211,196.8625030517578,191.1750030517578,200.8000030517578,1,1,,,1.0,0.0, , ,0.0,0.0, , 
1869,2021-07-15 09:00:00+02:00,203.1000061035156,205.5,203.1000061035156,205.1999969482422,205.1999969482422,40830,204.5999984741211,204.1499938964844,197.37500381469727,191.1750030517578,199.6499938964844,1,1,,,1.0,0.0, , ,0.0,0.0, , 
1870,2021-07-15 10:00:00+02:00,205.1999969482422,205.3999938964844,203.6000061035156,204.6000061035156,204.6000061035156,47861,204.3000030517578,204.1499938964844,197.72500228881836,191.1750030517578,200.1999969482422,1,1,,1.0,1.0,0.0, , ,0.0,0.0, , 
1871,2021-07-15 11:00:00+02:00,204.1000061035156,205.1999969482422,204.0,204.5,204.5,46631,204.25,204.3499984741211,198.3249969482422,191.1750030517578,200.8000030517578,1,1,-1.0,-1.0,1.0,0.0, , ,0.0,0.0, , 
1872,2021-07-15 12:00:00+02:00,204.6000061035156,205.0,203.1999969482422,203.3000030517578,203.3000030517578,36254,204.1999969482422,204.3499984741211,199.2624969482422,191.1750030517578,201.1000061035156,1,1,,1.0,0.0,-1.0, ,Sell,0.0,0.0, , 
1873,2021-07-15 13:00:00+02:00,203.3000030517578,203.8000030517578,203.1999969482422,203.6999969482422,203.6999969482422,21170,204.25,204.3499984741211,199.71250534057617,191.4250030517578,201.3999938964844,1,1,,-1.0,1.0,1.0,Buy, ,0.0,0.0, , 
1874,2021-07-15 14:00:00+02:00,203.3000030517578,204.1000061035156,203.3000030517578,203.6000061035156,203.6000061035156,188494,204.25,204.3499984741211,199.9749984741211,191.6500015258789,201.3999938964844,1,1,,,1.0,0.0, , ,0.0,0.0, , 
1875,2021-07-15 15:00:00+02:00,203.8999938964844,204.0,203.1999969482422,203.8999938964844,203.8999938964844,57562,204.25,204.3499984741211,200.25000381469727,191.6500015258789,201.8000030517578,1,1,,,1.0,0.0, , ,0.0,0.0, , 
1876,2021-07-15 16:00:00+02:00,204.0,204.1000061035156,203.6999969482422,203.8999938964844,203.8999938964844,13114,204.25,204.3499984741211,200.32500457763672,191.6999969482422,201.8000030517578,1,1,,,1.0,0.0, , ,0.0,0.0, , 
1877,2021-07-16 09:00:00+02:00,204.6000061035156,205.8999938964844,203.1000061035156,205.6000061035156,205.6000061035156,56817,204.5,204.3499984741211,200.5250015258789,192.0250015258789,201.8000030517578,1,1,1.0,1.0,1.0,0.0, , ,0.0,0.0, , 
1878,2021-07-16 10:00:00+02:00,204.8999938964844,205.8999938964844,204.8000030517578,205.3000030517578,205.3000030517578,42695,204.5,204.3499984741211,200.91250228881836,192.0999984741211,201.8999938964844,1,1,,,1.0,0.0, , ,0.0,0.0, ,Buy
1879,2021-07-16 11:00:00+02:00,205.1999969482422,205.3000030517578,204.1000061035156,204.3000030517578,204.3000030517578,37247,204.5,204.3499984741211,201.06249618530273,192.3499984741211,201.6000061035156,1,1,,,1.0,0.0, , ,0.0,0.0, , 
1880,2021-07-16 12:00:00+02:00,204.3000030517578,205.1999969482422,204.1000061035156,205.0,205.0,32771,204.5,204.3499984741211,201.33749771118164,192.5500030517578,202.0,1,1,,-1.0,1.0,0.0, , ,0.0,0.0, , 
1881,2021-07-16 13:00:00+02:00,205.1000061035156,205.3000030517578,204.6999969482422,204.8000030517578,204.8000030517578,23460,204.5,204.3499984741211,201.31249618530273,192.5500030517578,201.6000061035156,1,1,,1.0,1.0,0.0, , ,0.0,0.0, , 
1882,2021-07-16 14:00:00+02:00,204.8999938964844,205.1000061035156,204.6999969482422,205.1000061035156,205.1000061035156,28200,204.5,204.3499984741211,201.1624984741211,192.5500030517578,201.8999938964844,1,1,,,1.0,0.0, , ,0.0,0.0, , 
1883,2021-07-16 15:00:00+02:00,205.0,205.1000061035156,204.1000061035156,204.1000061035156,204.1000061035156,30584,204.5,204.3499984741211,201.1624984741211,192.5500030517578,201.3000030517578,1,1,,,1.0,0.0, , ,0.0,0.0, , 
1884,2021-07-16 16:00:00+02:00,204.1000061035156,204.1000061035156,203.6999969482422,203.8000030517578,203.8000030517578,12179,204.5,204.3499984741211,201.1624984741211,192.5500030517578,201.1000061035156,1,1,,-1.0,1.0,0.0, , ,0.0,0.0, , 
1885,2021-07-19 09:00:00+02:00,203.1000061035156,203.1000061035156,201.6999969482422,202.1000061035156,202.1000061035156,11775,203.79999542236328,204.54999542236328,201.1624984741211,192.5500030517578,201.3000030517578,1,1,-1.0,,1.0,0.0, , ,0.0,0.0, , 
1886,2021-07-19 10:00:00+02:00,202.6000061035156,203.1000061035156,201.5,201.8000030517578,201.8000030517578,28613,203.6999969482422,204.4499969482422,201.1624984741211,192.6500015258789,201.6000061035156,1,1,,,0.0,-1.0, ,Sell,0.0,0.0, , 
1887,2021-07-19 11:00:00+02:00,202.6000061035156,203.1000061035156,201.5,202.0,202.0,26611,203.4000015258789,203.6999969482422,202.6624984741211,192.9750061035156,201.3999938964844,0,1,,,0.0,0.0, , ,0.0,0.0, , 
1888,2021-07-19 12:00:00+02:00,202.3999938964844,202.3999938964844,200.5,200.8999938964844,200.8999938964844,22852,202.9000015258789,203.1999969482422,202.67499923706055,193.1000061035156,200.8999938964844,0,1,,,0.0,0.0, , ,0.0,0.0, , 
1889,2021-07-19 13:00:00+02:00,201.3000030517578,201.3000030517578,199.8500061035156,200.1999969482422,200.1999969482422,32000,202.57500457763672,202.875,203.5749969482422,194.5749969482422,200.8000030517578,0,1,,,0.0,0.0, , ,0.0,0.0, , 
1890,2021-07-19 14:00:00+02:00,200.3999938964844,200.3999938964844,199.6499938964844,200.1999969482422,200.1999969482422,36278,202.375,202.7749938964844,203.6624984741211,194.5999984741211,201.1000061035156,0,1,,,0.0,0.0, , ,0.0,0.0, , 
1891,2021-07-19 15:00:00+02:00,200.1000061035156,200.5,199.6499938964844,199.6999969482422,199.6999969482422,30582,202.375,202.7749938964844,203.6624984741211,194.5999984741211,201.0,0,1,,,0.0,0.0, , ,0.0,0.0, , 
1892,2021-07-19 16:00:00+02:00,199.6499938964844,199.75,199.3000030517578,199.3500061035156,199.3500061035156,10929,201.70000457763672,202.5999984741211,203.83749771118164,194.5999984741211,201.3999938964844,0,1,,,0.0,0.0, , ,0.0,0.0, , 
1893,2021-07-20 09:00:00+02:00,200.1000061035156,201.6000061035156,200.0,201.3999938964844,201.3999938964844,11105,201.20000457763672,202.5999984741211,203.9124984741211,194.5999984741211,201.5,0,1,,,0.0,0.0, , ,0.0,0.0, , 
1894,2021-07-20 10:00:00+02:00,201.1999969482422,201.6000061035156,200.6999969482422,200.8000030517578,200.8000030517578,30459,201.20000457763672,202.5999984741211,204.0374984741211,194.6500015258789,202.1999969482422,0,1,,,0.0,0.0, , ,0.0,0.0, , 
1895,2021-07-20 11:00:00+02:00,201.5,201.5,199.5500030517578,199.6499938964844,199.6499938964844,37097,201.20000457763672,202.5999984741211,204.37499618530273,195.1500015258789,201.8999938964844,0,1,,1.0,0.0,0.0, , ,0.0,0.0, , 
1896,2021-07-20 12:00:00+02:00,200.5,200.8999938964844,199.5500030517578,200.1999969482422,200.1999969482422,42136,200.8499984741211,202.5999984741211,204.2249984741211,195.5,201.1999969482422,0,1,,-1.0,0.0,0.0, , ,0.0,0.0, , 
1897,2021-07-20 13:00:00+02:00,200.0,200.8000030517578,200.0,200.8000030517578,200.8000030517578,32586,200.45000457763672,202.5999984741211,204.29999923706055,196.4499969482422,201.3999938964844,0,1,,,0.0,0.0, , ,0.0,0.0, , 
1898,2021-07-20 14:00:00+02:00,200.3999938964844,201.1999969482422,200.3999938964844,201.1000061035156,201.1000061035156,31028,200.45000457763672,202.5999984741211,204.27499771118164,196.54999542236328,202.1000061035156,0,1,,,0.0,0.0, , ,0.0,0.0, , 
1899,2021-07-20 15:00:00+02:00,200.8999938964844,201.5,200.3999938964844,201.3999938964844,201.3999938964844,54413,200.45000457763672,202.5999984741211,204.29999923706055,197.0500030517578,201.6000061035156,0,1,,1.0,0.0,0.0, , ,0.0,0.0, , 
1900,2021-07-20 16:00:00+02:00,201.3999938964844,201.6000061035156,201.1999969482422,201.3999938964844,201.3999938964844,10202,200.45000457763672,202.5999984741211,204.29999923706055,197.1999969482422,202.1999969482422,0,1,,,0.0,0.0, , ,0.0,0.0, , 
1901,2021-07-21 09:00:00+02:00,201.8999938964844,202.1999969482422,201.3000030517578,201.8000030517578,201.8000030517578,12959,200.875,202.5999984741211,204.29999923706055,197.3500061035156,201.8000030517578,0,1,,,0.0,0.0, , ,0.0,0.0, , 
1902,2021-07-21 10:00:00+02:00,201.8000030517578,202.3000030517578,201.3999938964844,201.8000030517578,201.8000030517578,44717,200.9250030517578,202.5999984741211,204.29999923706055,197.3500061035156,201.6000061035156,0,1,,,0.0,0.0, , ,0.0,0.0, , 
1903,2021-07-21 11:00:00+02:00,202.0,202.3000030517578,201.5,201.8000030517578,201.8000030517578,20295,200.9250030517578,202.5999984741211,204.42499923706055,197.5500030517578,201.8000030517578,0,1,,,0.0,0.0, , ,0.0,0.0, , 
1904,2021-07-21 12:00:00+02:00,201.6000061035156,202.0,201.5,201.8999938964844,201.8999938964844,17638,200.9250030517578,202.3000030517578,204.42499923706055,197.6000061035156,202.1999969482422,0,1,,,0.0,0.0, , ,0.0,0.0, , 
1905,2021-07-21 13:00:00+02:00,201.8000030517578,202.3000030517578,201.6000061035156,201.6000061035156,201.6000061035156,12466,201.1500015258789,202.3000030517578,204.42499923706055,197.75,202.3000030517578,0,1,,,0.0,0.0, , ,0.0,0.0, , 
1906,2021-07-21 14:00:00+02:00,202.0,202.1000061035156,201.5,202.0,202.0,11166,201.3499984741211,202.3000030517578,204.42499923706055,197.75,202.1999969482422,0,1,,,0.0,0.0, , ,0.0,0.0, , 
1907,2021-07-21 15:00:00+02:00,201.8000030517578,202.1999969482422,201.6000061035156,201.6000061035156,201.6000061035156,13520,201.3499984741211,202.20000457763672,204.42499923706055,197.9499969482422,202.6000061035156,0,1,,,0.0,0.0, , ,0.0,0.0, , 
1908,2021-07-21 16:00:00+02:00,201.6000061035156,202.0,201.6000061035156,201.8999938964844,201.8999938964844,5052,201.75,202.20000457763672,204.42499923706055,198.42499542236328,203.1000061035156,0,1,,-1.0,0.0,0.0, , ,0.0,0.0, , 
1909,2021-07-22 09:00:00+02:00,201.6000061035156,201.6000061035156,200.6999969482422,201.3000030517578,201.3000030517578,4820,201.5,201.70000457763672,204.42499923706055,198.42499542236328,203.0,0,1,,1.0,0.0,0.0, , ,0.0,0.0, , 
1910,2021-07-22 10:00:00+02:00,201.1999969482422,201.6000061035156,201.1000061035156,201.1000061035156,201.1000061035156,10652,201.5,201.20000457763672,204.42499923706055,198.42499542236328,202.8999938964844,0,1,1.0,-1.0,0.0,0.0, , ,0.0,0.0, , 
1911,2021-07-22 11:00:00+02:00,201.3000030517578,201.5,201.1000061035156,201.3000030517578,201.3000030517578,34730,201.5,201.20000457763672,204.17499542236328,198.42499542236328,202.3999938964844,0,1,,,0.0,0.0, , ,0.0,0.0, ,Buy
1912,2021-07-22 12:00:00+02:00,201.3000030517578,201.6000061035156,201.1999969482422,201.6000061035156,201.6000061035156,11716,201.5,201.20000457763672,204.0749969482422,198.42499542236328,202.5,0,1,,,0.0,0.0, , ,0.0,0.0, , 
1913,2021-07-22 13:00:00+02:00,201.3999938964844,201.6999969482422,201.3000030517578,201.3999938964844,201.3999938964844,13888,201.5,200.8499984741211,203.54999923706055,199.92499542236328,202.3999938964844,0,1,,,0.0,0.0, , ,0.0,0.0, , 
1914,2021-07-22 14:00:00+02:00,201.5,201.6999969482422,200.8000030517578,200.8999938964844,200.8999938964844,25840,201.4499969482422,200.8000030517578,203.04999923706055,199.92499542236328,203.0,0,1,,1.0,0.0,0.0, , ,0.0,0.0, , 
1915,2021-07-22 15:00:00+02:00,201.1000061035156,201.1999969482422,200.3999938964844,200.8000030517578,200.8000030517578,28913,201.29999542236328,200.8000030517578,202.72500228881836,199.92499542236328,202.6999969482422,0,1,,-1.0,0.0,0.0, , ,0.0,0.0, , 
1916,2021-07-22 16:00:00+02:00,200.8000030517578,201.1000061035156,200.8000030517578,201.1000061035156,201.1000061035156,6174,201.1999969482422,200.8000030517578,202.5749969482422,199.92499542236328,202.1999969482422,0,1,,,0.0,0.0, , ,0.0,0.0, , 
1917,2021-07-23 09:00:00+02:00,201.8000030517578,201.8000030517578,200.8000030517578,201.0,201.0,13359,201.0999984741211,200.8000030517578,202.5749969482422,199.9749984741211,202.5,0,1,,1.0,0.0,0.0, , ,0.0,0.0, , 
1918,2021-07-23 10:00:00+02:00,201.1000061035156,201.8999938964844,201.0,201.3999938964844,201.3999938964844,23708,201.1499938964844,200.9250030517578,202.1500015258789,200.04999542236328,202.3999938964844,0,1,,-1.0,0.0,0.0, , ,0.0,0.0, , 
1919,2021-07-23 11:00:00+02:00,201.1999969482422,201.8999938964844,201.1999969482422,201.5,201.5,12405,201.1499938964844,200.9250030517578,201.9000015258789,200.04999542236328,202.3999938964844,0,1,,1.0,0.0,0.0, , ,0.0,0.0, , 
1920,2021-07-23 12:00:00+02:00,201.3999938964844,202.1999969482422,201.3999938964844,202.1999969482422,202.1999969482422,11359,201.29999542236328,200.9250030517578,201.9000015258789,200.04999542236328,202.3999938964844,0,1,,,0.0,0.0, , ,0.0,0.0, , 
1921,2021-07-23 13:00:00+02:00,202.1999969482422,202.5,201.8999938964844,201.8999938964844,201.8999938964844,13132,201.4499969482422,201.0250015258789,201.9000015258789,200.0749969482422,202.5,0,1,,,0.0,0.0, , ,0.0,0.0, , 
1922,2021-07-23 14:00:00+02:00,202.0,202.1999969482422,201.1999969482422,201.1999969482422,201.1999969482422,12400,201.4499969482422,201.25,201.7249984741211,200.0749969482422,202.1000061035156,0,1,,,0.0,0.0, , ,0.0,0.0, , 
1923,2021-07-23 15:00:00+02:00,201.6000061035156,201.6000061035156,201.1999969482422,201.3999938964844,201.3999938964844,20728,201.4499969482422,201.4499969482422,201.5250015258789,200.1499938964844,201.8999938964844,0,1,,,0.0,0.0, , ,0.0,0.0, , 
1924,2021-07-23 16:00:00+02:00,201.5,202.1000061035156,201.5,202.1000061035156,202.1000061035156,17744,201.6500015258789,201.4499969482422,201.5250015258789,200.2249984741211,201.8000030517578,0,1,1.0,-1.0,0.0,0.0, , ,0.0,0.0, , 
1925,2021-07-26 09:00:00+02:00,202.1000061035156,202.1000061035156,201.5,201.6000061035156,201.6000061035156,8283,201.6500015258789,201.4499969482422,201.5250015258789,200.75,201.6999969482422,0,1,,1.0,0.0,0.0, , ,0.0,0.0, ,Buy
1926,2021-07-26 10:00:00+02:00,201.6999969482422,202.3999938964844,201.5,202.1999969482422,202.1999969482422,17130,201.75,201.4499969482422,201.5250015258789,200.9749984741211,201.8000030517578,0,1,,-1.0,0.0,0.0, , ,0.0,0.0, , 
1927,2021-07-26 11:00:00+02:00,202.1000061035156,202.5,201.8000030517578,201.8000030517578,201.8000030517578,12033,201.8499984741211,201.4499969482422,201.73749923706055,200.9749984741211,201.3999938964844,1,1,,1.0,0.0,0.0, , ,0.0,0.0, , 
1928,2021-07-26 12:00:00+02:00,202.3000030517578,202.3000030517578,201.5,201.6000061035156,201.6000061035156,8443,201.8499984741211,201.4499969482422,201.76250076293945,200.9749984741211,201.6000061035156,0,1,,,1.0,1.0,Buy, ,0.0,0.0, , 
1929,2021-07-26 13:00:00+02:00,201.5,201.8999938964844,201.5,201.8000030517578,201.8000030517578,10388,201.8499984741211,201.4499969482422,201.76250076293945,200.9749984741211,201.6999969482422,0,1,,-1.0,1.0,0.0, , ,0.0,0.0, , 
1930,2021-07-26 14:00:00+02:00,201.8000030517578,202.3999938964844,201.6000061035156,202.1999969482422,202.1999969482422,17622,201.8499984741211,201.4499969482422,201.6125030517578,200.9749984741211,201.8000030517578,0,1,,,1.0,0.0, , ,0.0,0.0, , 
1931,2021-07-26 15:00:00+02:00,202.0,202.5,202.0,202.3000030517578,202.3000030517578,10223,201.8499984741211,201.4499969482422,201.72500228881836,200.9749984741211,200.6000061035156,1,1,,1.0,1.0,0.0, , ,0.0,0.0, , 
1932,2021-07-26 16:00:00+02:00,202.3000030517578,202.3999938964844,201.8999938964844,202.1999969482422,202.1999969482422,10475,202.0,201.4499969482422,201.82500076293945,200.9749984741211,200.5,1,1,,,1.0,0.0, , ,0.0,0.0, , 
1933,2021-07-27 09:00:00+02:00,202.6000061035156,202.8000030517578,202.1000061035156,202.6000061035156,202.6000061035156,6747,202.1500015258789,201.5999984741211,201.7750015258789,200.9749984741211,200.5,1,1,,,1.0,0.0, , ,0.0,0.0, , 
1934,2021-07-27 10:00:00+02:00,202.6000061035156,203.1999969482422,202.1000061035156,203.1000061035156,203.1000061035156,29312,202.3499984741211,201.79999542236328,201.97500228881836,200.9749984741211,201.0,1,1,,,1.0,0.0, , ,0.0,0.0, , 
1935,2021-07-27 11:00:00+02:00,202.5,203.3000030517578,202.5,203.0,203.0,11065,202.4000015258789,201.8499984741211,201.60000228881836,200.9749984741211,201.3000030517578,1,1,,,1.0,0.0, , ,0.0,0.0, , 
1936,2021-07-27 12:00:00+02:00,203.1000061035156,203.3000030517578,202.8999938964844,202.8999938964844,202.8999938964844,7872,202.4000015258789,201.8499984741211,201.35000228881836,200.9749984741211,201.6999969482422,1,1,,,1.0,0.0, , ,0.0,0.0, , 
1937,2021-07-27 13:00:00+02:00,203.0,203.1000061035156,202.3999938964844,202.3999938964844,202.3999938964844,7753,202.4000015258789,201.8499984741211,201.35000228881836,200.9749984741211,201.1999969482422,1,1,,,1.0,0.0, , ,0.0,0.0, , 
1938,2021-07-27 14:00:00+02:00,203.0,203.1000061035156,202.3000030517578,202.5,202.5,10986,202.45000457763672,201.8499984741211,201.35000228881836,200.9749984741211,201.6000061035156,1,1,,,1.0,0.0, , ,0.0,0.0, , 
1939,2021-07-27 15:00:00+02:00,202.3000030517578,202.6000061035156,202.1999969482422,202.3999938964844,202.3999938964844,17975,202.5999984741211,201.8499984741211,201.17499923706055,200.9749984741211,201.1999969482422,1,1,,-1.0,1.0,0.0, , ,0.0,0.0, , 
1940,2021-07-27 16:00:00+02:00,202.3999938964844,203.0,202.3999938964844,203.0,203.0,3608,202.5999984741211,201.8499984741211,201.125,201.0,202.0,1,1,,,1.0,0.0, , ,0.0,0.0, , 
1941,2021-07-28 09:00:00+02:00,203.3999938964844,203.3999938964844,202.3999938964844,202.6999969482422,202.6999969482422,4267,202.75,202.0999984741211,201.04999923706055,202.79999542236328,202.3999938964844,0,-1,,1.0,1.0,0.0, , ,0.0,0.0, , 
1942,2021-07-28 10:00:00+02:00,202.6999969482422,202.8999938964844,202.1999969482422,202.1999969482422,202.1999969482422,14191,202.75,202.0999984741211,201.0,202.9749984741211,202.6999969482422,0,-1,,-1.0,1.0,0.0, , ,0.0,0.0, , 
1943,2021-07-28 11:00:00+02:00,202.6999969482422,202.8999938964844,202.1000061035156,202.5,202.5,18715,202.75,202.1999969482422,200.95000076293945,202.9749984741211,202.6000061035156,0,-1,,,1.0,0.0, , ,0.0,0.0, , 
1944,2021-07-28 12:00:00+02:00,202.3000030517578,202.5,202.1000061035156,202.3999938964844,202.3999938964844,11763,202.75,202.29999542236328,201.0374984741211,203.3249969482422,202.6000061035156,0,-1,,,1.0,0.0, , ,0.0,0.0, , 
1945,2021-07-28 13:00:00+02:00,202.3999938964844,202.6999969482422,202.1000061035156,202.3999938964844,202.3999938964844,14417,202.75,202.29999542236328,201.0374984741211,203.3499984741211,202.8000030517578,0,-1,,,1.0,0.0, , ,0.0,0.0, , 
1946,2021-07-28 14:00:00+02:00,202.3000030517578,202.3999938964844,202.1000061035156,202.3999938964844,202.3999938964844,12092,202.75,202.29999542236328,201.11249923706055,203.3499984741211,202.6999969482422,0,-1,,,1.0,0.0, , ,0.0,0.0, , 
1947,2021-07-28 15:00:00+02:00,202.1000061035156,202.6999969482422,202.1000061035156,202.5,202.5,22371,202.75,202.29999542236328,201.23749923706055,203.3499984741211,203.3999938964844,0,-1,,,1.0,0.0, , ,0.0,0.0, , 
1948,2021-07-28 16:00:00+02:00,202.6000061035156,202.6000061035156,202.1000061035156,202.1000061035156,202.1000061035156,7070,202.75,202.29999542236328,201.3499984741211,203.3499984741211,203.3000030517578,0,-1,,,1.0,0.0, , ,0.0,0.0, , 
1949,2021-07-29 09:00:00+02:00,202.6000061035156,202.8999938964844,201.6000061035156,201.8999938964844,201.8999938964844,7957,202.5,202.4499969482422,201.4499969482422,203.3499984741211,204.5,0,-1,,1.0,1.0,0.0, , ,0.0,0.0, , 
1950,2021-07-29 10:00:00+02:00,202.0,202.3000030517578,201.6999969482422,201.8000030517578,201.8000030517578,11931,202.25,202.4499969482422,201.54999923706055,203.3499984741211,204.8999938964844,0,-1,-1.0,-1.0,1.0,0.0, , ,0.0,0.0, , 
1951,2021-07-29 11:00:00+02:00,201.8000030517578,201.8999938964844,201.6999969482422,201.6999969482422,201.6999969482422,7723,202.25,202.4499969482422,201.54999923706055,203.3499984741211,205.1000061035156,0,-1,,,0.0,-1.0, ,Sell,0.0,0.0, , 
1952,2021-07-29 12:00:00+02:00,201.8000030517578,201.8999938964844,201.6000061035156,201.8000030517578,201.8000030517578,8680,202.25,202.4499969482422,201.5999984741211,203.3499984741211,205.0,0,-1,,,0.0,0.0, , ,0.0,0.0, , 
1953,2021-07-29 13:00:00+02:00,201.8999938964844,201.8999938964844,201.3999938964844,201.3999938964844,201.3999938964844,24224,202.1499938964844,202.3999938964844,201.64999771118164,203.3499984741211,204.5,0,-1,,,0.0,0.0, , ,0.0,0.0, , 
1954,2021-07-29 14:00:00+02:00,201.3999938964844,201.8000030517578,201.3999938964844,201.6000061035156,201.6000061035156,7971,202.1499938964844,202.3999938964844,201.64999771118164,203.3499984741211,205.0,0,-1,,,0.0,0.0, , ,0.0,0.0, , 
1955,2021-07-29 15:00:00+02:00,201.6000061035156,202.0,201.5,201.6999969482422,201.6999969482422,15659,202.1499938964844,202.3999938964844,201.64999771118164,203.3499984741211,204.0,0,-1,,,0.0,0.0, , ,0.0,0.0, , 
1956,2021-07-29 16:00:00+02:00,201.6999969482422,202.0,201.6000061035156,201.8000030517578,201.8000030517578,3453,202.1499938964844,202.3999938964844,201.64999771118164,203.3499984741211,203.6999969482422,0,-1,,,0.0,0.0, , ,0.0,0.0, , 
1957,2021-07-30 09:00:00+02:00,200.8000030517578,200.8000030517578,199.75,200.6000061035156,200.6000061035156,20463,201.3249969482422,201.5749969482422,201.64999771118164,203.3499984741211,203.8000030517578,-1,-1,,,0.0,0.0, , ,0.0,0.0, , 
1958,2021-07-30 10:00:00+02:00,199.75,201.0,199.75,200.5,200.5,14252,201.0250015258789,201.5749969482422,201.7249984741211,203.3499984741211,204.0,-1,-1,,,0.0,0.0, , ,0.0,0.0, , 
1959,2021-07-30 11:00:00+02:00,200.6000061035156,200.6999969482422,200.1999969482422,200.5,200.5,32939,200.875,201.5749969482422,201.875,203.3499984741211,204.0,-1,-1,,,0.0,0.0, , ,0.0,0.0, , 
1960,2021-07-30 12:00:00+02:00,200.5,201.3000030517578,200.1999969482422,201.0,201.0,36274,200.875,201.5749969482422,202.0749969482422,203.3499984741211,204.3000030517578,-1,-1,,,0.0,0.0, , ,0.0,0.0, , 
1961,2021-07-30 13:00:00+02:00,200.8999938964844,201.3999938964844,200.8999938964844,201.3000030517578,201.3000030517578,6588,200.875,201.5749969482422,202.125,203.3499984741211,205.0,-1,-1,,1.0,0.0,0.0, , ,0.0,0.0, , 
1962,2021-07-30 14:00:00+02:00,201.1999969482422,201.8999938964844,201.1999969482422,201.6999969482422,201.6999969482422,8672,200.875,201.5749969482422,202.125,203.3499984741211,205.3000030517578,-1,-1,,,0.0,0.0, , ,0.0,0.0, , 
1963,2021-07-30 15:00:00+02:00,201.8999938964844,202.3000030517578,201.1999969482422,201.1999969482422,201.1999969482422,30639,201.0250015258789,201.5749969482422,202.125,203.3499984741211,,0,-1,,,0.0,0.0, , ,0.0,0.0, , 
1964,2021-07-30 16:00:00+02:00,201.3000030517578,201.8000030517578,201.3000030517578,201.6000061035156,201.6000061035156,12255,201.0250015258789,201.5749969482422,202.1500015258789,203.3499984741211,,-1,-1,,,0.0,0.0, , ,0.0,0.0, , 
1965,2021-08-02 09:00:00+02:00,202.3000030517578,202.8999938964844,201.1999969482422,201.1999969482422,201.1999969482422,4592,201.3249969482422,201.5749969482422,202.2249984741211,202.5999984741211,,0,-1,,,0.0,0.0, , ,0.0,0.0, , 
1966,2021-08-02 10:00:00+02:00,202.0,202.5,201.1000061035156,202.0,202.0,25139,201.3249969482422,201.5749969482422,202.2249984741211,202.5999984741211,,0,-1,,,0.0,0.0, , ,0.0,0.0, , 
1967,2021-08-02 11:00:00+02:00,201.6999969482422,202.5,201.6000061035156,202.3999938964844,202.3999938964844,18816,201.54999542236328,201.3249969482422,202.42499923706055,202.5999984741211,,0,-1,1.0,,0.0,0.0, , ,0.0,0.0, , 
1968,2021-08-02 12:00:00+02:00,202.0,203.1999969482422,201.6999969482422,202.6999969482422,202.6999969482422,20273,201.6999969482422,201.4749984741211,202.42499923706055,202.5999984741211,,0,-1,,,0.0,0.0, , ,0.0,0.0, ,Buy
1969,2021-08-02 13:00:00+02:00,203.0,203.1999969482422,202.5,202.6000061035156,202.6000061035156,21868,202.04999542236328,201.4749984741211,202.4749984741211,202.5999984741211,,0,-1,,,0.0,0.0, , ,0.0,0.0, , 
1970,2021-08-02 14:00:00+02:00,202.5,202.8000030517578,202.1999969482422,202.6000061035156,202.6000061035156,20438,202.1500015258789,201.4749984741211,202.52499771118164,202.5999984741211,,0,-1,,,0.0,0.0, , ,0.0,0.0, , 
1971,2021-08-02 15:00:00+02:00,202.3999938964844,202.8000030517578,202.1999969482422,202.8000030517578,202.8000030517578,11050,202.1500015258789,201.4749984741211,202.52499771118164,202.5999984741211,,0,-1,,,0.0,0.0, , ,0.0,0.0, , 
1972,2021-08-02 16:00:00+02:00,202.8000030517578,202.8999938964844,202.6999969482422,202.6999969482422,202.6999969482422,6444,202.1500015258789,201.4749984741211,202.52499771118164,202.5999984741211,,1,-1,,,0.0,0.0, , ,0.0,0.0, , 
1973,2021-08-03 09:00:00+02:00,203.3000030517578,203.8000030517578,202.3000030517578,203.3999938964844,203.3999938964844,10270,202.45000457763672,201.7750015258789,202.52499771118164,202.5999984741211,,0,-1,,,0.0,0.0, , ,0.0,0.0, , 
1974,2021-08-03 10:00:00+02:00,203.6000061035156,203.6999969482422,203.1999969482422,203.3000030517578,203.3000030517578,16218,202.45000457763672,201.7750015258789,202.52499771118164,202.5999984741211,,1,-1,,,0.0,0.0, , ,0.0,0.0, , 
1975,2021-08-03 11:00:00+02:00,203.3999938964844,204.8000030517578,203.3000030517578,204.5,204.5,40991,203.20000457763672,202.2750015258789,202.4749984741211,202.5999984741211,,1,-1,,,0.0,0.0, , ,0.0,0.0, , 
1976,2021-08-03 12:00:00+02:00,203.8999938964844,205.1000061035156,203.8999938964844,204.8999938964844,204.8999938964844,41713,203.4000015258789,202.4250030517578,202.3499984741211,202.5999984741211,,1,-1,,,0.0,0.0, , ,0.0,0.0, , 
1977,2021-08-03 13:00:00+02:00,204.8999938964844,205.1000061035156,204.5,205.1000061035156,205.1000061035156,25636,203.6500015258789,202.4250030517578,202.3499984741211,202.5999984741211,,1,-1,,,0.0,0.0, , ,0.0,0.0, , 
1978,2021-08-03 14:00:00+02:00,204.5,205.1000061035156,204.5,205.0,205.0,34330,203.6500015258789,202.4250030517578,202.3499984741211,202.5999984741211,,1,-1,,,0.0,0.0, , ,0.0,0.0, , 
1979,2021-08-03 15:00:00+02:00,204.8000030517578,205.1999969482422,204.3000030517578,204.5,204.5,38370,203.6999969482422,202.4749984741211,202.2749938964844,202.5999984741211,,1,-1,,,0.0,0.0, , ,0.0,0.0, , 
1980,2021-08-03 16:00:00+02:00,204.5,205.0,204.3999938964844,205.0,205.0,5069,203.75,202.4749984741211,202.2749938964844,202.5999984741211,,1,-1,,,0.0,0.0, , ,0.0,0.0, , 
1981,2021-08-04 09:00:00+02:00,205.0,205.5,204.0,204.0,204.0,16604,203.9000015258789,202.625,202.2749938964844,202.5999984741211,,1,-1,,,0.0,0.0, , ,0.0,0.0, , 
1982,2021-08-04 10:00:00+02:00,204.8000030517578,205.0,203.0,203.6999969482422,203.6999969482422,83633,204.25,202.625,202.2749938964844,202.3000030517578,,1,-1,,,0.0,0.0, , ,0.0,0.0, , 
1983,2021-08-04 11:00:00+02:00,203.8000030517578,204.3000030517578,203.6000061035156,203.8000030517578,203.8000030517578,14021,204.25,202.625,201.4499969482422,202.3000030517578,,1,-1,,-1.0,0.0,0.0, , ,0.0,0.0, , 
1984,2021-08-04 12:00:00+02:00,203.8999938964844,204.3000030517578,203.8000030517578,204.0,204.0,14210,204.25,202.8499984741211,201.29999923706055,202.3000030517578,,1,-1,,,0.0,0.0, , ,0.0,0.0, , 
1985,2021-08-04 13:00:00+02:00,204.0,204.1000061035156,203.5,204.0,204.0,14133,204.25,202.8499984741211,201.2249984741211,202.20000457763672,,1,-1,,,0.0,0.0, , ,0.0,0.0, , 
1986,2021-08-04 14:00:00+02:00,203.6000061035156,204.3999938964844,203.6000061035156,204.3000030517578,204.3000030517578,20959,204.25,203.1999969482422,201.2249984741211,202.20000457763672,,1,-1,,,0.0,0.0, , ,0.0,0.0, , 
1987,2021-08-04 15:00:00+02:00,204.3000030517578,205.1000061035156,204.0,205.0,205.0,34123,204.25,203.3000030517578,201.2249984741211,201.70000457763672,,1,-1,,1.0,0.0,0.0, , ,0.0,0.0, , 
1988,2021-08-04 16:00:00+02:00,205.1000061035156,205.5,205.1000061035156,205.3000030517578,205.3000030517578,6853,204.25,203.3000030517578,201.2249984741211,201.3000030517578,,1,-1,,,0.0,0.0, , ,0.0,0.0, , 
